{"type": "FeatureCollection", "features": [{"type": "Feature", "properties": {"name": "Andaman Islands", "state": "Andaman and Nicobar"}, "geometry": {"type": "MultiPolygon", "coordinates": [[[[92.5158, 10.8976], [92.5985, 10.6998], [92.54, 10.6128], [92.5683, 10.5761], [92.499, 10.5112], [92.3814, 10.5372], [92.4206, 10.6147], [92.3758, 10.7794], [92.5154, 10.8977], [92.5158, 10.8976]]], [[[92.6089, 10.9386], [92.6092, 10.9383], [92.61, 10.9383], [92.6089, 10.9386]]], [[[92.2267, 10.9823], [92.2274, 10.9822], [92.2278, 10.9822], [92.2267, 10.9823]]], [[[92.6634, 10.9818], [92.6619, 10.9814], [92.6617, 10.9817], [92.6634, 10.9818]]], [[[92.7257, 11.1442], [92.7258, 11.1442], [92.7259, 11.1438], [92.7257, 11.1442]]], [[[92.7319, 11.1497], [92.7325, 11.1492], [92.7328, 11.1492], [92.7319, 11.1497]]], [[[92.6769, 11.1836], [92.6775, 11.1831], [92.678, 11.1831], [92.6769, 11.1836]]], [[[92.706, 11.2892], [92.6874, 11.2421], [92.7056, 11.2894], [92.706, 11.2892]]], [[[92.7005, 11.3114], [92.7017, 11.3103], [92.7017, 11.31], [92.7005, 11.3114]]], [[[92.7231, 11.3164], [92.7228, 11.3161], [92.7228, 11.3158], [92.7231, 11.3164]]], [[[92.5483, 11.393], [92.548, 11.3929], [92.5475, 11.3931], [92.5483, 11.393]]], [[[92.5576, 11.3909], [92.5572, 11.3902], [92.5568, 11.3902], [92.5576, 11.3909]]], [[[92.6735, 11.4875], [92.6732, 11.4874], [92.6726, 11.4873], [92.6735, 11.4875]]], [[[92.6105, 11.5041], [92.6102, 11.5039], [92.6098, 11.5041], [92.6105, 11.5041]]], [[[92.6444, 11.513], [92.6441, 11.513], [92.6438, 11.5132], [92.6444, 11.513]]], [[[92.6415, 11.5101], [92.6909, 11.3703], [92.5946, 11.3487], [92.6411, 11.5104], [92.6415, 11.5101]]], [[[92.2718, 11.516], [92.2707, 11.516], [92.2705, 11.5162], [92.2718, 11.516]]], [[[92.6047, 11.5346], [92.6047, 11.5343], [92.6052, 11.5343], [92.6047, 11.5346]]], [[[92.5604, 11.538], [92.5605, 11.5376], [92.5605, 11.5371], [92.5604, 11.538]]], [[[92.628, 11.5422], [92.6274, 11.5422], [92.6271, 11.5427], [92.628, 11.5422]]], [[[92.61, 11.5589], [92.6102, 11.5587], [92.6108, 11.5594], [92.61, 11.5589]]], [[[92.5745, 11.5626], [92.5737, 11.5626], [92.5737, 11.5628], [92.5745, 11.5626]]], [[[92.5675, 11.5708], [92.5677, 11.5705], [92.5677, 11.5701], [92.5675, 11.5708]]], [[[92.5972, 11.5417], [92.597, 11.5413], [92.5969, 11.5409], [92.5972, 11.5417]]], [[[92.5783, 11.5818], [92.5781, 11.5817], [92.5777, 11.5832], [92.5783, 11.5818]]], [[[92.611, 11.5883], [92.6114, 11.588], [92.6117, 11.5876], [92.611, 11.5883]]], [[[92.2189, 11.5923], [92.2707, 11.5841], [92.2608, 11.5175], [92.2145, 11.5295], [92.2183, 11.5924], [92.2189, 11.5923]]], [[[92.5398, 11.6033], [92.5694, 11.5884], [92.53, 11.5544], [92.539, 11.6046], [92.5398, 11.6033]]], [[[92.6996, 11.6645], [92.6999, 11.6642], [92.7003, 11.664], [92.6996, 11.6645]]], [[[92.7623, 11.6697], [92.7618, 11.6696], [92.761, 11.6698], [92.7623, 11.6697]]], [[[92.725, 11.6891], [92.7255, 11.6888], [92.7259, 11.6888], [92.725, 11.6891]]], [[[92.5509, 11.7212], [92.5507, 11.7212], [92.5504, 11.7214], [92.5509, 11.7212]]], [[[93.083, 11.7797], [93.0824, 11.7793], [93.0818, 11.7791], [93.083, 11.7797]]], [[[93.0208, 11.8433], [93.0211, 11.8431], [93.0217, 11.8431], [93.0208, 11.8433]]], [[[92.5969, 11.9053], [92.5964, 11.9053], [92.5964, 11.9056], [92.5969, 11.9053]]], [[[92.5657, 11.9498], [92.5661, 11.9496], [92.5666, 11.9496], [92.5657, 11.9498]]], [[[92.7324, 11.9542], [92.7322, 11.9539], [92.7319, 11.9536], [92.7324, 11.9542]]], [[[92.7431, 11.9645], [92.7428, 11.9644], [92.7423, 11.9645], [92.7431, 11.9645]]], [[[92.7501, 11.9683], [92.7505, 11.968], [92.7507, 11.968], [92.7501, 11.9683]]], [[[92.5961, 11.9761], [92.5972, 11.975], [92.5972, 11.9744], [92.5961, 11.9761]]], [[[92.5828, 11.976], [92.5824, 11.9757], [92.5821, 11.9759], [92.5828, 11.976]]], [[[92.776, 12.0177], [92.7765, 12.0171], [92.7768, 12.0167], [92.776, 12.0177]]], [[[92.9695, 12.0337], [93.0446, 11.9296], [93.0253, 11.8882], [92.9255, 11.9958], [92.9692, 12.034], [92.9695, 12.0337]]], [[[92.9698, 12.064], [92.9697, 12.0639], [92.9695, 12.0641], [92.9698, 12.064]]], [[[92.9914, 12.1089], [92.9922, 12.0437], [92.9596, 12.1065], [92.9911, 12.109], [92.9914, 12.1089]]], [[[92.9939, 12.1099], [92.9931, 12.1099], [92.9925, 12.1105], [92.9939, 12.1099]]], [[[92.7429, 12.115], [92.7429, 12.1147], [92.7432, 12.1147], [92.7429, 12.115]]], [[[92.9486, 12.1158], [92.9519, 12.0839], [92.9483, 12.1158], [92.9486, 12.1158]]], [[[92.6288, 12.1125], [92.6282, 12.1122], [92.628, 12.1124], [92.6288, 12.1125]]], [[[92.6306, 12.1179], [92.6305, 12.1179], [92.6302, 12.118], [92.6306, 12.1179]]], [[[93.0979, 12.1372], [93.098, 12.137], [93.0982, 12.137], [93.0979, 12.1372]]], [[[93.1205, 12.1483], [93.1205, 12.148], [93.1202, 12.148], [93.1205, 12.1483]]], [[[92.8458, 12.1476], [92.8455, 12.1475], [92.845, 12.1476], [92.8458, 12.1476]]], [[[93.0278, 12.1569], [93.0455, 12.0454], [92.9556, 12.1422], [93.0042, 12.1133], [93.0281, 12.1572], [93.0278, 12.1569]]], [[[92.759, 12.1813], [92.7593, 12.1808], [92.7606, 12.1808], [92.759, 12.1813]]], [[[92.7203, 12.1804], [92.72, 12.1803], [92.7199, 12.1802], [92.7203, 12.1804]]], [[[92.7314, 12.1876], [92.7312, 12.1874], [92.7312, 12.1866], [92.7314, 12.1876]]], [[[93.0686, 12.2113], [93.0866, 12.0911], [93.0365, 12.1569], [93.0686, 12.2116], [93.0686, 12.2113]]], [[[92.683, 12.2149], [92.6829, 12.2147], [92.6822, 12.2148], [92.683, 12.2149]]], [[[93.0199, 12.2252], [93.0203, 12.2249], [93.0209, 12.225], [93.0199, 12.2252]]], [[[92.939, 12.2239], [92.9392, 12.2233], [92.9397, 12.2228], [92.939, 12.2239]]], [[[92.7009, 12.2356], [92.7037, 12.1654], [92.7575, 12.1764], [92.7353, 12.0653], [92.7836, 12.0469], [92.7392, 12.0409], [92.7688, 11.999], [92.7281, 11.9948], [92.7244, 11.8509], [92.6799, 11.8188], [92.7182, 11.8245], [92.7463, 11.9318], [92.7886, 11.9012], [92.7551, 11.7011], [92.7019, 11.7071], [92.6662, 11.6539], [92.6946, 11.6227], [92.7215, 11.6863], [92.7567, 11.6651], [92.7119, 11.4779], [92.6179, 11.5628], [92.6444, 11.6363], [92.6084, 11.634], [92.5881, 11.7179], [92.5616, 11.6948], [92.5135, 11.848], [92.5624, 11.9465], [92.611, 11.8713], [92.6236, 12.1028], [92.7008, 12.236], [92.7009, 12.2356]]], [[[92.7306, 12.2425], [92.747, 12.1805], [92.7298, 12.2425], [92.7306, 12.2425]]], [[[92.8805, 12.25], [92.8808, 12.2497], [92.8811, 12.2497], [92.8805, 12.25]]], [[[92.8665, 12.2356], [92.8662, 12.2355], [92.8657, 12.2358], [92.8665, 12.2356]]], [[[92.6989, 12.2448], [92.6986, 12.2447], [92.6982, 12.2448], [92.6989, 12.2448]]], [[[92.9017, 12.2558], [92.8789, 12.2085], [92.9014, 12.2561], [92.9017, 12.2558]]], [[[93.0778, 12.2619], [93.1017, 12.2047], [93.0777, 12.2618], [93.0778, 12.2619]]], [[[92.9014, 12.2622], [92.9014, 12.2591], [92.9008, 12.2586], [92.9014, 12.2622]]], [[[92.7376, 12.2713], [92.7373, 12.2707], [92.737, 12.2707], [92.7376, 12.2713]]], [[[93.0297, 12.2802], [93.03, 12.2798], [93.0303, 12.2797], [93.0297, 12.2802]]], [[[92.7501, 12.2877], [92.7348, 12.2485], [92.7492, 12.2878], [92.7501, 12.2877]]], [[[92.7371, 12.2852], [92.7368, 12.2849], [92.7368, 12.2819], [92.7371, 12.2852]]], [[[92.7667, 12.2703], [92.7666, 12.2699], [92.7664, 12.2695], [92.7667, 12.2703]]], [[[92.7544, 12.2947], [92.7547, 12.2944], [92.755, 12.2944], [92.7544, 12.2947]]], [[[92.7712, 12.2949], [92.7712, 12.2935], [92.7715, 12.2935], [92.7712, 12.2949]]], [[[92.8781, 12.2936], [92.8777, 12.2936], [92.8773, 12.2938], [92.8781, 12.2936]]], [[[92.7114, 12.2961], [92.7107, 12.2303], [92.7108, 12.2962], [92.7114, 12.2961]]], [[[92.7659, 12.2991], [92.7659, 12.2985], [92.7656, 12.2985], [92.7659, 12.2991]]], [[[92.9414, 12.2808], [92.9217, 12.2312], [92.9015, 12.2882], [92.941, 12.2812], [92.9414, 12.2808]]], [[[92.7766, 12.3103], [92.873, 12.3015], [92.882, 12.1985], [92.7435, 12.0762], [92.7763, 12.3105], [92.7766, 12.3103]]], [[[93.0726, 12.319], [93.0726, 12.3183], [93.0729, 12.3182], [93.0726, 12.319]]], [[[93.8397, 12.3208], [93.8807, 12.2366], [93.8267, 12.2449], [93.8312, 12.3145], [93.8397, 12.3208]]], [[[92.9128, 12.3317], [92.9122, 12.3317], [92.9117, 12.3322], [92.9128, 12.3317]]], [[[92.9059, 12.3385], [92.9057, 12.3384], [92.9055, 12.3385], [92.9059, 12.3385]]], [[[92.9117, 12.338], [92.911, 12.3377], [92.9107, 12.3377], [92.9117, 12.338]]], [[[92.8969, 12.3921], [92.8967, 12.392], [92.8964, 12.392], [92.8969, 12.3921]]], [[[92.8529, 12.4088], [92.8533, 12.4088], [92.8541, 12.4089], [92.8529, 12.4088]]], [[[92.8992, 12.4075], [92.8986, 12.4075], [92.8986, 12.4078], [92.8992, 12.4075]]], [[[92.8894, 12.4129], [92.8891, 12.4126], [92.889, 12.4127], [92.8894, 12.4129]]], [[[92.8659, 12.421], [92.8659, 12.4207], [92.8675, 12.4207], [92.8659, 12.421]]], [[[92.9032, 12.4202], [92.9029, 12.4201], [92.9025, 12.4202], [92.9032, 12.4202]]], [[[92.8317, 12.4268], [92.8328, 12.4267], [92.8336, 12.4267], [92.8317, 12.4268]]], [[[92.9554, 12.4147], [92.955, 12.4142], [92.9547, 12.4137], [92.9554, 12.4147]]], [[[92.875, 12.4451], [92.8754, 12.4448], [92.8757, 12.4448], [92.875, 12.4451]]], [[[92.6795, 12.5411], [92.6799, 12.5411], [92.6803, 12.5411], [92.6795, 12.5411]]], [[[92.7024, 12.6379], [92.702, 12.6378], [92.7016, 12.6381], [92.7024, 12.6379]]], [[[92.7314, 12.7031], [92.7315, 12.7026], [92.7309, 12.7026], [92.7314, 12.7031]]], [[[92.7243, 12.7367], [92.7243, 12.7359], [92.7262, 12.7359], [92.7243, 12.7367]]], [[[92.7267, 12.7514], [92.7265, 12.7514], [92.7262, 12.7515], [92.7267, 12.7514]]], [[[92.6558, 12.769], [92.6556, 12.7689], [92.6554, 12.7689], [92.6558, 12.769]]], [[[92.7171, 12.7748], [92.7162, 12.7748], [92.7162, 12.7753], [92.7171, 12.7748]]], [[[92.725, 12.7617], [92.7244, 12.7617], [92.7244, 12.7619], [92.725, 12.7617]]], [[[92.7162, 12.7973], [92.7162, 12.7967], [92.7165, 12.7967], [92.7162, 12.7973]]], [[[92.7168, 12.8006], [92.7168, 12.8001], [92.717, 12.8001], [92.7168, 12.8006]]], [[[92.7176, 12.8031], [92.717, 12.8026], [92.716, 12.8026], [92.7176, 12.8031]]], [[[92.711, 12.829], [92.7082, 12.7196], [92.7107, 12.8292], [92.711, 12.829]]], [[[92.7276, 12.8365], [92.7276, 12.8359], [92.7279, 12.8359], [92.7276, 12.8365]]], [[[92.7318, 12.8564], [92.7318, 12.8559], [92.7315, 12.8559], [92.7318, 12.8564]]], [[[92.7286, 12.8644], [92.71, 12.8336], [92.7283, 12.8647], [92.7286, 12.8644]]], [[[92.7786, 12.8648], [92.7784, 12.8647], [92.7781, 12.8647], [92.7786, 12.8648]]], [[[92.7655, 12.8547], [92.7651, 12.8546], [92.7645, 12.8548], [92.7655, 12.8547]]], [[[92.7596, 12.8776], [92.7601, 12.8776], [92.76, 12.8778], [92.7596, 12.8776]]], [[[92.7856, 12.8933], [92.7858, 12.8931], [92.7864, 12.8931], [92.7856, 12.8933]]], [[[92.8937, 12.8986], [92.8938, 12.8985], [92.8939, 12.8985], [92.8937, 12.8986]]], [[[92.7551, 12.9128], [92.7551, 12.9123], [92.7554, 12.9123], [92.7551, 12.9128]]], [[[92.8648, 12.9125], [92.8642, 12.9125], [92.8642, 12.9128], [92.8648, 12.9125]]], [[[92.795, 12.9113], [92.7952, 12.9108], [92.7956, 12.9104], [92.795, 12.9113]]], [[[92.9131, 12.9173], [92.912, 12.9164], [92.912, 12.9142], [92.9131, 12.9173]]], [[[92.7682, 12.9175], [92.7682, 12.9164], [92.7676, 12.9164], [92.7682, 12.9175]]], [[[92.9353, 12.9181], [92.9353, 12.9178], [92.9359, 12.9178], [92.9353, 12.9181]]], [[[92.767, 12.9247], [92.767, 12.9239], [92.7673, 12.9239], [92.767, 12.9247]]], [[[92.8989, 12.9158], [92.9805, 12.7097], [92.9684, 12.4967], [92.9145, 12.4059], [92.8347, 12.4948], [92.899, 12.4156], [92.7911, 12.4697], [92.8951, 12.3203], [92.7104, 12.3106], [92.6845, 12.6075], [92.7533, 12.6708], [92.7865, 12.6217], [92.7864, 12.7089], [92.7329, 12.6744], [92.7242, 12.8277], [92.7608, 12.8594], [92.7822, 12.8075], [92.7919, 12.8899], [92.8992, 12.9161], [92.8989, 12.9158]]], [[[92.7742, 12.9311], [92.7746, 12.9306], [92.7756, 12.9306], [92.7742, 12.9311]]], [[[92.877, 12.9321], [92.8772, 12.9317], [92.8775, 12.9314], [92.877, 12.9321]]], [[[92.7656, 12.9325], [92.7657, 12.9314], [92.7659, 12.9314], [92.7656, 12.9325]]], [[[92.8928, 12.9372], [92.8928, 12.9364], [92.8917, 12.9364], [92.8928, 12.9372]]], [[[92.9014, 12.9411], [92.9017, 12.9408], [92.9023, 12.9409], [92.9014, 12.9411]]], [[[92.6715, 12.9483], [92.6701, 12.9483], [92.6701, 12.9495], [92.6715, 12.9483]]], [[[92.669, 12.9534], [92.669, 12.9531], [92.6695, 12.9531], [92.669, 12.9534]]], [[[92.6957, 12.992], [92.7215, 12.8883], [92.6682, 12.7826], [92.6299, 12.8827], [92.6645, 12.8806], [92.6369, 12.9195], [92.6954, 12.9922], [92.6957, 12.992]]], [[[93.0067, 12.9969], [92.98, 12.9328], [92.9525, 12.9803], [93.0072, 12.9969], [93.0067, 12.9969]]], [[[92.9881, 12.9981], [92.9881, 12.9978], [92.9875, 12.9978], [92.9881, 12.9981]]], [[[92.9125, 13.0025], [92.9117, 13.0025], [92.9117, 13.0028], [92.9125, 13.0025]]], [[[92.9497, 13.0211], [92.9486, 13.0211], [92.9486, 13.0217], [92.9497, 13.0211]]], [[[92.9264, 13.0242], [92.9264, 13.0233], [92.9269, 13.0233], [92.9264, 13.0242]]], [[[92.9186, 13.04], [92.9167, 13.04], [92.915, 13.0417], [92.9186, 13.04]]], [[[92.9336, 13.0494], [92.9333, 13.0494], [92.9331, 13.0497], [92.9336, 13.0494]]], [[[92.9168, 13.0579], [92.9161, 13.0579], [92.916, 13.0581], [92.9168, 13.0579]]], [[[92.7306, 13.0957], [92.7307, 13.0955], [92.7311, 13.0956], [92.7306, 13.0957]]], [[[92.7192, 13.0989], [92.7203, 13.0978], [92.7206, 13.0975], [92.7192, 13.0989]]], [[[92.795, 13.1711], [92.7953, 13.1708], [92.7958, 13.1708], [92.795, 13.1711]]], [[[93.0614, 13.2214], [93.061, 13.2207], [93.0599, 13.221], [93.0614, 13.2214]]], [[[93.0167, 13.2842], [93.0158, 13.2833], [93.0152, 13.2833], [93.0167, 13.2842]]], [[[93.0745, 13.3033], [93.075, 13.3031], [93.0755, 13.3031], [93.0745, 13.3033]]], [[[93.0187, 13.3296], [93.0187, 13.3293], [93.0189, 13.3294], [93.0187, 13.3296]]], [[[92.9681, 13.3325], [92.9675, 13.3325], [92.9675, 13.3328], [92.9681, 13.3325]]], [[[93.0161, 13.3391], [93.0161, 13.3383], [93.0161, 13.3379], [93.0161, 13.3391]]], [[[93.0375, 13.3406], [93.0369, 13.3406], [93.0369, 13.3408], [93.0375, 13.3406]]], [[[93.0772, 13.3648], [93.0773, 13.3647], [93.0779, 13.3647], [93.0772, 13.3648]]], [[[93.0826, 13.3669], [93.0822, 13.3669], [93.0817, 13.3672], [93.0826, 13.3669]]], [[[93.0623, 13.3833], [93.0622, 13.383], [93.062, 13.3831], [93.0623, 13.3833]]], [[[92.8658, 13.4136], [92.8661, 13.4133], [92.8664, 13.4133], [92.8658, 13.4136]]], [[[92.8131, 13.4197], [92.8136, 13.4192], [92.8139, 13.4192], [92.8131, 13.4197]]], [[[93.0945, 13.4176], [93.0946, 13.4176], [93.0949, 13.4176], [93.0945, 13.4176]]], [[[93.0721, 13.4261], [93.072, 13.4258], [93.0716, 13.4258], [93.0721, 13.4261]]], [[[93.099, 13.4358], [93.0996, 13.4355], [93.1006, 13.4356], [93.099, 13.4358]]], [[[92.8433, 13.4408], [92.8433, 13.44], [92.8436, 13.4397], [92.8433, 13.4408]]], [[[94.2733, 13.4644], [94.2558, 13.4303], [94.2731, 13.4647], [94.2733, 13.4644]]], [[[92.8744, 13.5122], [92.8744, 13.5119], [92.8731, 13.5106], [92.8744, 13.5122]]], [[[92.9189, 13.5156], [92.9192, 13.5153], [92.9194, 13.5153], [92.9189, 13.5156]]], [[[92.91, 13.5372], [92.9119, 13.5353], [92.9119, 13.535], [92.91, 13.5372]]], [[[92.875, 13.5408], [92.8764, 13.5394], [92.877, 13.5395], [92.875, 13.5408]]], [[[93.0079, 13.5554], [93.0076, 13.5553], [93.0072, 13.5553], [93.0079, 13.5554]]], [[[93.0573, 13.5663], [93.0573, 13.5659], [93.0575, 13.5656], [93.0573, 13.5663]]], [[[93.0294, 13.5733], [93.0211, 13.4311], [93.0708, 13.4061], [93.0283, 13.3732], [93.0906, 13.3359], [93.0658, 13.3031], [93.0417, 13.3672], [92.9505, 13.3439], [93.0667, 13.2725], [93.0349, 13.081], [92.9746, 13.0129], [92.9367, 13.0847], [92.8955, 13.0578], [92.938, 12.9699], [92.882, 12.9823], [92.8721, 12.8825], [92.8025, 12.899], [92.8444, 13.4067], [92.9175, 13.5364], [92.9889, 13.5278], [92.9878, 13.5731], [93.0101, 13.542], [93.0292, 13.5736], [93.0294, 13.5733]]], [[[92.8969, 13.6017], [92.8972, 13.6014], [92.8978, 13.6014], [92.8969, 13.6017]]], [[[93.0639, 13.6542], [93.0464, 13.6214], [93.0637, 13.6544], [93.0639, 13.6542]]], [[[93.0236, 13.6709], [93.0231, 13.6709], [93.0229, 13.6713], [93.0236, 13.6709]]], [[[93.0158, 13.6761], [93.0278, 13.6269], [92.9767, 13.655], [93.0153, 13.6761], [93.0158, 13.6761]]], [[[93.2244, 14.0158], [93.2225, 13.9717], [93.2239, 14.016], [93.2244, 14.0158]]], [[[93.3667, 14.0475], [93.3661, 14.0469], [93.3661, 14.0467], [93.3667, 14.0475]]], [[[93.3836, 14.1278], [93.3836, 14.1274], [93.3832, 14.1271], [93.3836, 14.1278]]], [[[93.3662, 14.1564], [93.3643, 14.0587], [93.366, 14.1565], [93.3662, 14.1564]]], [[[93.3569, 14.1925], [93.3572, 14.1922], [93.3575, 14.1922], [93.3569, 14.1925]]], [[[93.3703, 14.1933], [93.3706, 14.1931], [93.3711, 14.1931], [93.3703, 14.1933]]], [[[93.5506, 14.7839], [93.5501, 14.7839], [93.5498, 14.7841], [93.5506, 14.7839]]], [[[93.5708, 14.8463], [93.5706, 14.8462], [93.5702, 14.8462], [93.5708, 14.8463]]], [[[93.5722, 14.8594], [93.5717, 14.8589], [93.5711, 14.8589], [93.5722, 14.8594]]], [[[93.5727, 14.8704], [93.5732, 14.8699], [93.5732, 14.8685], [93.5727, 14.8704]]], [[[93.6414, 14.9025], [93.6119, 14.8356], [93.6407, 14.9026], [93.6414, 14.9025]]], [[[93.6484, 14.9349], [93.6492, 14.9344], [93.6494, 14.9344], [93.6484, 14.9349]]]]}}, {"type": "Feature", "properties": {"name": "Nicobar Islands", "state": "Andaman and Nicobar"}, "geometry": {"type": "MultiPolygon", "coordinates": [[[[93.7877, 6.8526], [93.7885, 6.8526], [93.789, 6.8526], [93.7877, 6.8526]]], [[[93.7196, 7.2075], [93.7196, 7.2069], [93.7193, 7.2065], [93.7196, 7.2075]]], [[[93.8481, 7.2403], [93.9478, 7.0025], [93.9139, 7.0], [93.9455, 6.9558], [93.8962, 6.8049], [93.8067, 6.7625], [93.7483, 6.9569], [93.6628, 7.0075], [93.6731, 7.1758], [93.8483, 7.2406], [93.8481, 7.2403]]], [[[93.8487, 7.2899], [93.8487, 7.2895], [93.8478, 7.2888], [93.8487, 7.2899]]], [[[93.6637, 7.384], [93.6637, 7.3838], [93.6641, 7.3838], [93.6637, 7.384]]], [[[93.7686, 7.4022], [93.7711, 7.3997], [93.7717, 7.3997], [93.7686, 7.4022]]], [[[93.6894, 7.4097], [93.6897, 7.4094], [93.69, 7.4094], [93.6894, 7.4097]]], [[[93.7131, 7.4436], [93.7572, 7.3676], [93.725, 7.31], [93.6486, 7.2425], [93.6211, 7.3083], [93.7133, 7.4439], [93.7131, 7.4436]]], [[[93.6478, 7.4767], [93.6481, 7.4764], [93.6489, 7.4764], [93.6478, 7.4767]]], [[[93.6345, 7.4778], [93.6347, 7.4775], [93.6345, 7.4772], [93.6345, 7.4778]]], [[[93.5436, 7.525], [93.5458, 7.5228], [93.5458, 7.5225], [93.5436, 7.525]]], [[[93.3416, 7.9065], [93.3416, 7.9059], [93.3422, 7.9059], [93.3416, 7.9065]]], [[[93.3396, 7.9111], [93.3397, 7.9109], [93.3402, 7.9109], [93.3396, 7.9111]]], [[[93.38, 8.0247], [93.465, 7.93], [93.4611, 7.8722], [93.3172, 7.9336], [93.3267, 8.0025], [93.3794, 8.0247], [93.38, 8.0247]]], [[[93.5473, 8.0281], [93.5775, 7.9283], [93.5053, 7.9936], [93.5472, 8.0285], [93.5473, 8.0281]]], [[[93.5786, 8.1253], [93.5925, 8.0378], [93.5778, 8.1253], [93.5786, 8.1253]]], [[[93.5265, 8.2313], [93.5031, 8.1482], [93.5503, 8.0361], [93.4931, 7.9989], [93.5299, 8.0787], [93.485, 8.0519], [93.4539, 8.1736], [93.5261, 8.2314], [93.5265, 8.2313]]], [[[93.2353, 8.2656], [93.2394, 8.2208], [93.235, 8.2656], [93.2353, 8.2656]]], [[[93.1263, 8.3559], [93.1264, 8.2764], [93.1994, 8.1939], [93.0872, 8.2694], [93.1261, 8.3558], [93.1263, 8.3559]]], [[[93.6525, 8.3944], [93.6531, 8.3939], [93.6531, 8.3936], [93.6525, 8.3944]]], [[[93.6349, 8.3946], [93.6346, 8.3946], [93.6339, 8.3949], [93.6349, 8.3946]]], [[[93.0439, 8.4733], [93.0439, 8.4731], [93.0442, 8.4731], [93.0439, 8.4733]]], [[[93.6119, 8.4845], [93.6115, 8.4845], [93.6108, 8.485], [93.6119, 8.4845]]], [[[93.616, 8.5736], [93.6218, 8.4222], [93.6152, 8.5746], [93.616, 8.5736]]], [[[93.6094, 8.5817], [93.6094, 8.5814], [93.6092, 8.5811], [93.6094, 8.5817]]], [[[92.8592, 8.8201], [92.8589, 8.8199], [92.8583, 8.8197], [92.8592, 8.8201]]], [[[92.7933, 9.1189], [92.7933, 9.1186], [92.7944, 9.1186], [92.7933, 9.1189]]], [[[92.8042, 9.1208], [92.8042, 9.1203], [92.8044, 9.1203], [92.8042, 9.1208]]], [[[92.8142, 9.1269], [92.8142, 9.1264], [92.8145, 9.1264], [92.8142, 9.1269]]], [[[92.7878, 9.2442], [92.8544, 9.2092], [92.8306, 9.1387], [92.7344, 9.1235], [92.7181, 9.1585], [92.7231, 9.2172], [92.7878, 9.2444], [92.7878, 9.2442]]]]}}, {"type": "Feature", "properties": {"name": "Adilabad", "state": "Andhra Pradesh"}, "geometry": {"type": "Polygon", "coordinates": [[[78.3363, 19.8832], [78.4939, 19.7931], [78.6037, 19.8175], [78.8383, 19.7621], [78.8588, 19.6563], [78.969, 19.6492], [78.9546, 19.5518], [79.1029, 19.528], [79.1778, 19.4607], [79.2229, 19.4678], [79.2439, 19.6126], [79.4704, 19.4975], [79.5427, 19.5485], [79.5981, 19.5038], [79.6397, 19.575], [79.7854, 19.5936], [79.9731, 19.401], [79.9202, 19.2264], [79.9432, 19.1706], [79.858, 19.1041], [79.8596, 19.0346], [79.9331, 19.0297], [79.939, 18.8589], [79.8733, 18.8291], [79.8356, 18.8749], [79.8034, 18.7222], [79.6842, 18.6803], [79.4062, 18.8667], [79.3133, 18.8199], [79.1852, 18.8733], [79.064, 19.0319], [78.9705, 19.0711], [78.8968, 19.0287], [78.6818, 19.0254], [78.5286, 18.9416], [78.3886, 18.9901], [78.2847, 18.9408], [78.202, 18.9984], [77.9296, 18.8465], [77.8405, 18.9113], [77.8537, 18.9523], [77.7674, 18.9814], [77.7596, 19.0593], [77.8481, 19.0901], [77.8465, 19.197], [77.9057, 19.2672], [77.8609, 19.3021], [77.9406, 19.3425], [78.0511, 19.2418], [78.1833, 19.2415], [78.1822, 19.4118], [78.312, 19.4659], [78.2697, 19.6631], [78.3648, 19.7673], [78.2941, 19.8496], [78.3252, 19.8905], [78.3363, 19.8832]]]}}, {"type": "Feature", "properties": {"name": "Anantapur", "state": "Andhra Pradesh"}, "geometry": {"type": "Polygon", "coordinates": [[[77.69, 15.1763], [77.7871, 15.0973], [77.8817, 15.1686], [77.9622, 15.1492], [78.0183, 15.1074], [77.989, 15.0396], [78.134, 14.949], [78.0488, 14.7695], [78.1325, 14.6865], [78.1261, 14.6207], [78.0394, 14.531], [77.9398, 14.5593], [78.2375, 14.307], [78.4168, 14.2707], [78.4616, 14.0017], [78.2663, 13.8864], [78.2204, 13.7713], [78.1182, 13.7769], [78.106, 13.8535], [78.0412, 13.8867], [77.9446, 13.82], [77.9664, 13.9506], [77.9116, 13.8972], [77.8183, 13.9349], [77.8277, 13.8606], [77.7129, 13.7905], [77.7087, 13.7327], [77.6491, 13.7758], [77.6212, 13.7274], [77.5197, 13.7438], [77.5215, 13.6879], [77.4765, 13.6776], [77.4245, 13.8351], [77.2504, 13.8395], [77.2338, 13.8949], [77.1788, 13.8598], [77.177, 13.9174], [77.1239, 13.8494], [77.1666, 13.7547], [76.9926, 13.7426], [76.9684, 13.8144], [77.0358, 13.9256], [76.9311, 14.0227], [76.975, 14.0653], [76.8914, 14.159], [77.0198, 14.1727], [77.0237, 14.0533], [77.1211, 14.0422], [77.1473, 13.9916], [77.3135, 14.0248], [77.3483, 13.8965], [77.3971, 13.8805], [77.4306, 13.9688], [77.3262, 14.0229], [77.3954, 14.1034], [77.3477, 14.1243], [77.4097, 14.1697], [77.5004, 14.151], [77.4994, 14.2605], [77.3857, 14.3249], [77.4157, 14.212], [77.3838, 14.1918], [77.3593, 14.2693], [77.2796, 14.2761], [77.2811, 14.3311], [77.1522, 14.3377], [77.1051, 14.2133], [76.9378, 14.2401], [76.8831, 14.3903], [76.9416, 14.3995], [76.9734, 14.4783], [76.8702, 14.4684], [76.7609, 14.5963], [76.7803, 14.7793], [76.8487, 14.804], [76.8655, 14.9376], [76.7638, 14.9699], [76.7742, 15.0714], [77.0788, 15.0], [77.1564, 15.1399], [77.2886, 15.1247], [77.3606, 15.2156], [77.6065, 15.1755], [77.6633, 15.2253], [77.6919, 15.1892], [77.69, 15.1763]]]}}, {"type": "Feature", "properties": {"name": "Chittoor", "state": "Andhra Pradesh"}, "geometry": {"type": "Polygon", "coordinates": [[[78.4761, 13.9368], [78.5739, 13.9736], [78.5786, 13.9012], [78.647, 13.8965], [78.6351, 13.8584], [78.7141, 13.8764], [78.7621, 13.8178], [78.7894, 13.8689], [78.9958, 13.8969], [79.1397, 13.8493], [79.3, 13.7122], [79.4609, 13.7835], [79.4242, 13.8576], [79.47, 13.8985], [79.5777, 13.9071], [79.6589, 13.8227], [79.6704, 13.9112], [79.7602, 13.8375], [79.8002, 13.9122], [79.8713, 13.8429], [79.8562, 13.7011], [79.9618, 13.6774], [80.0398, 13.5455], [79.9902, 13.5101], [80.036, 13.4845], [79.9619, 13.4513], [79.9255, 13.3359], [79.7213, 13.2722], [79.7849, 13.2235], [79.7444, 13.1949], [79.6888, 13.2074], [79.6685, 13.2819], [79.5803, 13.2454], [79.5358, 13.3111], [79.4289, 13.3236], [79.3746, 13.303], [79.425, 13.2813], [79.4238, 13.1875], [79.3079, 13.0969], [79.2183, 13.1356], [79.1527, 13.0073], [78.9796, 13.0765], [78.9144, 13.0678], [78.9246, 13.0186], [78.8819, 13.0198], [78.876, 13.0862], [78.7024, 13.0562], [78.6938, 13.0044], [78.6137, 12.9789], [78.6467, 12.919], [78.5477, 12.6856], [78.4844, 12.7348], [78.5098, 12.6988], [78.4548, 12.612], [78.3683, 12.6118], [78.2644, 12.6918], [78.2001, 12.6756], [78.2411, 12.8474], [78.3031, 12.8472], [78.3408, 12.9249], [78.4358, 12.9007], [78.4542, 12.8532], [78.4227, 12.9686], [78.4579, 12.9632], [78.4516, 13.0315], [78.5691, 13.1565], [78.5409, 13.1873], [78.5775, 13.262], [78.5557, 13.2994], [78.5208, 13.2556], [78.367, 13.32], [78.3908, 13.5781], [78.1833, 13.5564], [78.1939, 13.6162], [78.0583, 13.667], [78.1054, 13.6844], [78.1182, 13.7769], [78.248, 13.7826], [78.2663, 13.8864], [78.4562, 13.9848], [78.4641, 13.9433], [78.4761, 13.9368]]]}}, {"type": "Feature", "properties": {"name": "Cuddapah", "state": "Andhra Pradesh"}, "geometry": {"type": "Polygon", "coordinates": [[[78.9461, 15.1946], [79.0592, 15.1677], [79.0638, 14.9529], [79.1696, 14.6122], [79.4074, 14.2757], [79.4451, 13.7695], [79.3, 13.7122], [79.1397, 13.8493], [78.9958, 13.8969], [78.7894, 13.8689], [78.7621, 13.8178], [78.7141, 13.8764], [78.6351, 13.8584], [78.647, 13.8965], [78.5786, 13.9012], [78.5739, 13.9736], [78.4821, 13.9301], [78.4337, 14.0138], [78.4168, 14.2707], [78.2375, 14.307], [77.9398, 14.5593], [78.0394, 14.531], [78.1261, 14.6207], [78.1325, 14.6865], [78.0488, 14.7695], [78.1038, 14.8186], [78.1114, 14.92], [78.2296, 14.9471], [78.2887, 15.0654], [78.3873, 15.0466], [78.3424, 14.9858], [78.3991, 14.9537], [78.4222, 15.0263], [78.5142, 15.0581], [78.4743, 14.8924], [78.5392, 14.9523], [78.5474, 14.9179], [78.6627, 14.9204], [78.7542, 15.03], [78.7612, 15.1777], [78.9437, 15.2168], [78.9461, 15.1946]]]}}, {"type": "Feature", "properties": {"name": "East Godavari", "state": "Andhra Pradesh"}, "geometry": {"type": "MultiPolygon", "coordinates": [[[[82.3174, 16.5765], [82.3174, 16.5746], [82.3171, 16.5746], [82.3174, 16.5765]]], [[[82.2624, 16.6779], [82.2624, 16.6776], [82.2626, 16.6776], [82.2624, 16.6779]]], [[[82.2995, 16.7143], [82.2996, 16.714], [82.2994, 16.714], [82.2995, 16.7143]]], [[[82.3079, 16.7165], [82.3079, 16.7162], [82.3082, 16.7162], [82.3079, 16.7165]]], [[[82.3149, 16.726], [82.3149, 16.7249], [82.3146, 16.7249], [82.3149, 16.726]]], [[[82.3321, 16.7249], [82.3321, 16.7251], [82.3318, 16.7251], [82.3321, 16.7249]]], [[[82.3321, 16.7249], [82.3363, 16.6912], [82.3682, 16.7229], [82.3121, 16.6024], [82.2588, 16.6901], [82.3296, 16.7249], [82.3321, 16.7249]]], [[[82.2995, 16.7143], [82.2177, 16.7517], [82.1746, 16.7251], [82.2585, 16.6899], [82.2924, 16.6087], [82.2599, 16.5868], [82.2996, 16.5918], [82.2679, 16.564], [82.3099, 16.5676], [81.7106, 16.3199], [81.7028, 16.4481], [81.7479, 16.4257], [81.8435, 16.5138], [81.858, 16.6053], [81.7393, 16.8032], [81.6499, 17.3126], [81.6041, 17.4166], [81.5063, 17.4723], [81.5029, 17.5899], [81.5766, 17.7261], [81.7944, 17.8442], [81.7583, 17.8934], [81.801, 17.9361], [81.9731, 18.0057], [82.0228, 17.9285], [82.0123, 17.8367], [81.8582, 17.7437], [82.0088, 17.7511], [82.0067, 17.6095], [82.22, 17.6275], [82.3355, 17.575], [82.3235, 17.5062], [82.3689, 17.4753], [82.4421, 17.4727], [82.4617, 17.5284], [82.5951, 17.459], [82.5145, 17.291], [82.5376, 17.2463], [82.3679, 17.1182], [82.2504, 16.934], [82.3126, 16.8401], [82.3621, 16.8879], [82.3243, 16.9888], [82.3582, 16.9626], [82.3429, 16.7379], [82.2999, 16.7143], [82.2995, 16.7143]]]]}}, {"type": "Feature", "properties": {"name": "Guntur", "state": "Andhra Pradesh"}, "geometry": {"type": "MultiPolygon", "coordinates": [[[[80.7829, 15.8376], [80.7829, 15.8371], [80.7832, 15.8371], [80.7829, 15.8376]]], [[[80.7879, 15.8432], [80.7879, 15.8429], [80.7885, 15.8429], [80.7879, 15.8432]]], [[[80.786, 15.8565], [80.786, 15.8563], [80.7862, 15.8563], [80.786, 15.8565]]], [[[80.7735, 15.8618], [80.7735, 15.8613], [80.7738, 15.8613], [80.7735, 15.8618]]], [[[80.1835, 16.6314], [80.4746, 16.5884], [80.6636, 16.4616], [80.8001, 16.2751], [80.8923, 16.0138], [80.8285, 15.7575], [80.809, 15.7318], [80.781, 15.7785], [80.8151, 15.7418], [80.8037, 15.8446], [80.7118, 15.8801], [80.4283, 15.8032], [80.4718, 15.8878], [80.3891, 15.8947], [80.3691, 15.9765], [80.4124, 15.9913], [80.2967, 16.0443], [80.0926, 16.0], [80.0415, 16.1167], [79.8771, 16.1573], [79.9125, 16.0614], [79.8608, 16.0068], [79.9103, 15.9436], [79.7934, 15.9304], [79.7713, 15.8186], [79.7147, 15.8327], [79.6956, 15.8901], [79.5605, 15.9387], [79.5388, 16.305], [79.2175, 16.1739], [79.2304, 16.5193], [79.7749, 16.7295], [79.9426, 16.6326], [80.0907, 16.8257], [80.166, 16.6416], [80.1835, 16.6314]]]]}}, {"type": "Feature", "properties": {"name": "Hyderabad", "state": "Andhra Pradesh"}, "geometry": {"type": "Polygon", "coordinates": [[[78.5058, 17.4502], [78.5094, 17.3253], [78.4704, 17.2971], [78.3955, 17.3524], [78.3945, 17.4198], [78.444, 17.3971], [78.4931, 17.4665], [78.5058, 17.4502]]]}}, {"type": "Feature", "properties": {"name": "Karimnagar", "state": "Andhra Pradesh"}, "geometry": {"type": "Polygon", "coordinates": [[[79.064, 19.0319], [79.1852, 18.8733], [79.3133, 18.8199], [79.4062, 18.8667], [79.6842, 18.6803], [79.8034, 18.7222], [79.8414, 18.8788], [80.1066, 18.6775], [80.2675, 18.718], [80.3367, 18.5905], [80.222, 18.5479], [80.2114, 18.3853], [80.1677, 18.3364], [80.1361, 18.4133], [80.0237, 18.3961], [80.0233, 18.438], [80.1093, 18.4524], [80.0455, 18.4774], [80.0788, 18.5136], [80.0178, 18.4642], [79.8787, 18.5063], [79.9156, 18.4198], [79.826, 18.4963], [79.8156, 18.413], [79.7134, 18.4911], [79.5903, 18.4664], [79.5657, 18.296], [79.6028, 18.1402], [79.2481, 17.975], [79.0961, 18.0148], [79.1292, 18.0762], [79.0305, 18.093], [78.9548, 18.2511], [78.5631, 18.2267], [78.5172, 18.2821], [78.5608, 18.388], [78.5211, 18.4747], [78.6737, 18.6227], [78.6368, 18.7254], [78.5557, 18.7614], [78.5286, 18.9416], [78.8304, 19.0561], [79.0507, 19.0419], [79.064, 19.0319]]]}}, {"type": "Feature", "properties": {"name": "Khammam", "state": "Andhra Pradesh"}, "geometry": {"type": "Polygon", "coordinates": [[[80.4884, 18.6267], [80.7265, 18.409], [80.7883, 18.2498], [80.7346, 18.1717], [80.7979, 18.1663], [80.8296, 18.2341], [80.862, 18.1327], [80.9737, 18.1681], [80.944, 18.081], [81.0377, 17.7862], [81.1596, 17.8526], [81.4858, 17.8026], [81.7583, 17.8934], [81.7944, 17.8442], [81.5766, 17.7261], [81.4336, 17.3749], [81.3247, 17.3906], [81.2672, 17.32], [81.1815, 17.3222], [81.1628, 17.2326], [81.0262, 17.1867], [80.9053, 17.2013], [80.8325, 17.0257], [80.6396, 17.0551], [80.6566, 17.0878], [80.5602, 17.138], [80.4462, 17.017], [80.3901, 17.0762], [80.3582, 16.9706], [80.5891, 16.9167], [80.5546, 16.8248], [80.6041, 16.7878], [80.4895, 16.7759], [80.3997, 16.8497], [80.3729, 16.8111], [80.289, 16.9768], [80.1943, 17.0425], [80.0459, 16.9653], [80.0495, 17.0193], [79.8699, 17.1719], [79.8829, 17.2564], [79.7851, 17.3135], [79.9619, 17.3983], [80.0465, 17.3406], [80.1541, 17.3718], [80.1614, 17.4484], [80.1208, 17.4401], [80.0464, 17.5899], [80.0823, 17.6534], [80.0439, 17.7091], [80.2485, 17.7372], [80.2697, 17.9623], [80.3875, 18.0762], [80.4522, 18.0542], [80.4604, 18.1289], [80.5904, 18.0764], [80.6486, 18.1281], [80.655, 18.169], [80.47, 18.2952], [80.455, 18.4461], [80.3736, 18.4686], [80.3816, 18.5936], [80.4835, 18.6281], [80.4884, 18.6267]]]}}, {"type": "Feature", "properties": {"name": "Krishna", "state": "Andhra Pradesh"}, "geometry": {"type": "MultiPolygon", "coordinates": [[[[81.0279, 15.7657], [81.0279, 15.7654], [81.0287, 15.7654], [81.0279, 15.7657]]], [[[81.5418, 16.3554], [81.5418, 16.3551], [81.5421, 16.3551], [81.5418, 16.3554]]], [[[81.5351, 16.356], [81.5351, 16.3557], [81.5354, 16.3557], [81.5351, 16.356]]], [[[80.5951, 17.1196], [80.6566, 17.0878], [80.6396, 17.0551], [80.9514, 17.0396], [80.9275, 16.9478], [81.0298, 16.7886], [80.9741, 16.7076], [81.007, 16.6412], [80.9459, 16.6551], [81.0014, 16.5518], [81.1712, 16.6136], [81.227, 16.5681], [81.3062, 16.6816], [81.3212, 16.5094], [81.4279, 16.4029], [81.5707, 16.3494], [81.3693, 16.3621], [81.3457, 16.3307], [81.3924, 16.3418], [81.2654, 16.2813], [81.1457, 15.9738], [80.9932, 15.8213], [81.0062, 15.7579], [80.8221, 15.7129], [80.8955, 15.9899], [80.7851, 16.2962], [80.6361, 16.4902], [80.4996, 16.5766], [80.1375, 16.6555], [80.1118, 16.8211], [79.9917, 16.8633], [80.0459, 16.9653], [80.1821, 17.0449], [80.2622, 17.0106], [80.3729, 16.8111], [80.3997, 16.8497], [80.5628, 16.7628], [80.6041, 16.7878], [80.5546, 16.8248], [80.5842, 16.9265], [80.3582, 16.9706], [80.3901, 17.0762], [80.4462, 17.017], [80.4961, 17.1079], [80.5803, 17.131], [80.5951, 17.1196]]]]}}, {"type": "Feature", "properties": {"name": "Kurnool", "state": "Andhra Pradesh"}, "geometry": {"type": "Polygon", "coordinates": [[[78.8891, 16.0986], [78.9134, 15.9929], [78.805, 15.8677], [78.7673, 15.6715], [78.7609, 15.0566], [78.6627, 14.9204], [78.5474, 14.9179], [78.5392, 14.9523], [78.4743, 14.8924], [78.5028, 15.0603], [78.4222, 15.0263], [78.3991, 14.9537], [78.3424, 14.9858], [78.3873, 15.0466], [78.2887, 15.0654], [78.2296, 14.9471], [78.1368, 14.938], [77.989, 15.0396], [78.0183, 15.1074], [77.9622, 15.1492], [77.8817, 15.1686], [77.7871, 15.0973], [77.6633, 15.2253], [77.6065, 15.1755], [77.3606, 15.2156], [77.2886, 15.1247], [77.1354, 15.136], [77.1645, 15.1685], [77.1235, 15.2333], [77.1641, 15.2591], [77.0616, 15.3219], [76.9701, 15.495], [77.0266, 15.5], [77.0293, 15.6338], [77.1209, 15.6372], [77.0432, 15.7345], [77.0639, 15.8232], [77.0223, 15.8318], [77.0901, 15.9179], [77.2489, 15.9577], [78.0019, 15.8592], [78.0363, 15.9021], [78.1096, 15.8272], [78.238, 15.9291], [78.2567, 16.0313], [78.421, 16.0828], [78.5591, 16.0564], [78.617, 16.0989], [78.775, 16.0236], [78.8365, 16.0874], [78.8321, 16.1518], [78.8727, 16.1102], [78.8891, 16.0986]]]}}, {"type": "Feature", "properties": {"name": "Mahbubnagar", "state": "Andhra Pradesh"}, "geometry": {"type": "Polygon", "coordinates": [[[77.7863, 17.2218], [77.7333, 16.8768], [77.9725, 16.8455], [78.0089, 16.9458], [77.9309, 17.0818], [78.0626, 17.1948], [78.0971, 17.0972], [78.1773, 17.0957], [78.168, 17.1669], [78.2888, 17.22], [78.3446, 17.0701], [78.4548, 16.977], [78.5046, 17.0084], [78.7778, 16.8626], [78.7861, 16.7549], [78.6673, 16.6428], [78.7113, 16.5755], [78.611, 16.5133], [78.9057, 16.5442], [79.2115, 16.3628], [79.2251, 16.2501], [78.9255, 16.2023], [78.9105, 16.1052], [78.8378, 16.1567], [78.775, 16.0236], [78.617, 16.0989], [78.5591, 16.0564], [78.421, 16.0828], [78.2567, 16.0313], [78.238, 15.9291], [78.1096, 15.8272], [78.0363, 15.9021], [78.0019, 15.8592], [77.8877, 15.8959], [77.7992, 15.8653], [77.5095, 15.9209], [77.4876, 16.2498], [77.5903, 16.2869], [77.5916, 16.3375], [77.3429, 16.3797], [77.2352, 16.4681], [77.3663, 16.4841], [77.4153, 16.5178], [77.3914, 16.5652], [77.4642, 16.5842], [77.4694, 16.6469], [77.4166, 16.6628], [77.4675, 16.6968], [77.4234, 16.7145], [77.4994, 17.0073], [77.4752, 17.1713], [77.576, 17.1267], [77.7887, 17.2271], [77.7863, 17.2218]]]}}, {"type": "Feature", "properties": {"name": "Medak", "state": "Andhra Pradesh"}, "geometry": {"type": "Polygon", "coordinates": [[[77.7049, 18.2587], [77.7686, 18.1884], [77.9014, 18.1918], [77.9338, 18.1495], [77.8935, 18.0879], [77.9994, 18.1112], [78.0896, 18.0739], [78.1649, 18.0987], [78.1982, 18.2166], [78.2679, 18.1414], [78.3215, 18.1973], [78.3834, 18.1216], [78.4362, 18.1635], [78.485, 18.1297], [78.5969, 18.2468], [78.7398, 18.2151], [78.7739, 18.2615], [78.9363, 18.2539], [79.0095, 18.1934], [79.0305, 18.093], [79.1292, 18.0762], [79.1092, 18.0225], [78.9937, 17.9957], [78.9614, 18.0306], [78.8748, 17.9594], [78.8223, 17.8751], [78.8661, 17.8625], [78.853, 17.7477], [78.7721, 17.6723], [78.4247, 17.6973], [78.2576, 17.4151], [78.2086, 17.4827], [78.1528, 17.461], [78.0769, 17.5209], [78.0494, 17.4562], [77.9605, 17.4803], [77.8514, 17.6403], [77.7434, 17.6218], [77.7571, 17.5562], [77.6833, 17.504], [77.4399, 17.5815], [77.4503, 17.6913], [77.562, 17.7471], [77.5109, 17.8014], [77.6534, 17.9694], [77.5457, 18.0538], [77.6006, 18.0994], [77.5725, 18.2406], [77.6252, 18.2829], [77.6864, 18.26], [77.7049, 18.2587]]]}}, {"type": "Feature", "properties": {"name": "Nalgonda", "state": "Andhra Pradesh"}, "geometry": {"type": "Polygon", "coordinates": [[[78.8819, 17.8], [78.9823, 17.7842], [79.1549, 17.5737], [79.2004, 17.6197], [79.2197, 17.5588], [79.2682, 17.5736], [79.3766, 17.4993], [79.6471, 17.4987], [79.7509, 17.4248], [79.8072, 17.2805], [79.8896, 17.2465], [79.8699, 17.1719], [80.0495, 17.0193], [79.9917, 16.8633], [80.0697, 16.8136], [79.9426, 16.6326], [79.7749, 16.7295], [79.4266, 16.5825], [79.2661, 16.5615], [79.2115, 16.3628], [78.9057, 16.5442], [78.611, 16.5133], [78.7113, 16.5755], [78.6673, 16.6428], [78.7106, 16.6429], [78.7904, 16.7737], [78.7004, 16.9573], [78.7832, 16.9681], [78.824, 17.0126], [78.7819, 17.0334], [78.849, 17.074], [78.7795, 17.1466], [78.7629, 17.2143], [78.8205, 17.2315], [78.7492, 17.2672], [78.7541, 17.4396], [78.7071, 17.4347], [78.6841, 17.5925], [78.8634, 17.805], [78.8819, 17.8]]]}}, {"type": "Feature", "properties": {"name": "Nellore", "state": "Andhra Pradesh"}, "geometry": {"type": "MultiPolygon", "coordinates": [[[[80.2746, 13.4596], [80.2746, 13.459], [80.2749, 13.459], [80.2746, 13.4596]]], [[[80.2274, 13.494], [80.2274, 13.4935], [80.2276, 13.4935], [80.2274, 13.494]]], [[[80.2324, 13.4946], [80.2324, 13.4943], [80.2329, 13.4943], [80.2324, 13.4946]]], [[[80.2654, 13.5196], [80.2654, 13.5193], [80.2657, 13.5193], [80.2654, 13.5196]]], [[[80.1926, 13.5207], [80.1926, 13.5204], [80.1937, 13.5204], [80.1926, 13.5207]]], [[[80.1849, 13.5354], [80.1849, 13.5351], [80.1851, 13.5351], [80.1849, 13.5354]]], [[[80.0535, 13.5893], [80.0535, 13.589], [80.054, 13.589], [80.0535, 13.5893]]], [[[80.149, 13.6185], [80.1438, 13.5449], [80.1485, 13.6185], [80.149, 13.6185]]], [[[80.0971, 13.6415], [80.0971, 13.6412], [80.0974, 13.6412], [80.0971, 13.6415]]], [[[80.1065, 13.6529], [80.1065, 13.6521], [80.1062, 13.6521], [80.1065, 13.6529]]], [[[80.1026, 13.6776], [80.1026, 13.6774], [80.104, 13.6774], [80.1026, 13.6776]]], [[[79.3184, 15.0878], [79.5425, 15.0134], [79.7889, 15.0486], [79.7719, 14.9655], [79.8478, 14.9435], [79.9369, 15.0094], [79.9898, 14.9765], [80.0535, 15.0097], [80.0593, 14.8199], [80.199, 14.5871], [80.1221, 14.1146], [80.2449, 13.8196], [80.2363, 13.6399], [80.316, 13.436], [80.1471, 13.7243], [80.1385, 13.6129], [80.1068, 13.7093], [80.051, 13.5882], [80.1154, 13.5076], [80.2621, 13.4729], [80.3165, 13.3764], [80.2303, 13.4768], [80.0295, 13.5236], [79.9465, 13.6943], [79.8595, 13.6952], [79.8713, 13.8429], [79.8002, 13.9122], [79.7602, 13.8375], [79.6704, 13.9112], [79.6589, 13.8227], [79.5777, 13.9071], [79.4332, 13.8777], [79.4074, 14.2757], [79.173, 14.6047], [79.0625, 14.9618], [79.0856, 15.0796], [79.3187, 15.0955], [79.3184, 15.0878]]]]}}, {"type": "Feature", "properties": {"name": "Nizamabad", "state": "Andhra Pradesh"}, "geometry": {"type": "Polygon", "coordinates": [[[78.2768, 18.9435], [78.3886, 18.9901], [78.5055, 18.9585], [78.5557, 18.7614], [78.6368, 18.7254], [78.6737, 18.6227], [78.5192, 18.4676], [78.5608, 18.388], [78.5172, 18.2821], [78.5629, 18.1851], [78.3834, 18.1216], [78.3215, 18.1973], [78.2679, 18.1414], [78.1982, 18.2166], [78.1362, 18.0737], [77.8935, 18.0879], [77.9338, 18.1495], [77.9014, 18.1918], [77.7686, 18.1884], [77.7208, 18.2583], [77.561, 18.2831], [77.5195, 18.3493], [77.5285, 18.4405], [77.6011, 18.4742], [77.5973, 18.5475], [77.7365, 18.5548], [77.7281, 18.6642], [77.7576, 18.7071], [77.7864, 18.6841], [77.8375, 18.8075], [77.9426, 18.8223], [78.202, 18.9984], [78.2727, 18.9571], [78.2768, 18.9435]]]}}, {"type": "Feature", "properties": {"name": "Prakasam", "state": "Andhra Pradesh"}, "geometry": {"type": "MultiPolygon", "coordinates": [[[[80.0599, 15.1999], [80.0599, 15.1996], [80.0604, 15.1996], [80.0599, 15.1999]]], [[[80.2107, 15.5015], [80.2107, 15.5013], [80.211, 15.5013], [80.2107, 15.5015]]], [[[79.5474, 16.2972], [79.5605, 15.9387], [79.6956, 15.8901], [79.741, 15.8195], [79.7934, 15.9304], [79.8782, 15.9111], [79.9156, 15.9559], [79.8608, 16.0068], [79.9125, 16.0614], [79.8771, 16.1573], [80.0415, 16.1167], [80.0926, 16.0], [80.2967, 16.0443], [80.3922, 16.0018], [80.3966, 15.8835], [80.4718, 15.8878], [80.2704, 15.6732], [80.2007, 15.4654], [80.0799, 15.316], [80.0535, 15.0097], [79.9898, 14.9765], [79.9369, 15.0094], [79.8478, 14.9435], [79.7719, 14.9655], [79.78, 15.0509], [79.5425, 15.0134], [79.3151, 15.1079], [79.1145, 15.0943], [79.0673, 15.0459], [79.0592, 15.1677], [78.9618, 15.1639], [78.9409, 15.2289], [78.9146, 15.1881], [78.7416, 15.1744], [78.7673, 15.6715], [78.805, 15.8677], [78.9134, 15.9929], [78.9081, 16.191], [79.0309, 16.2457], [79.2064, 16.2217], [79.2175, 16.1739], [79.5388, 16.305], [79.5474, 16.2972]]]]}}, {"type": "Feature", "properties": {"name": "Rangareddi", "state": "Andhra Pradesh"}, "geometry": {"type": "Polygon", "coordinates": [[[78.4592, 17.6977], [78.714, 17.6626], [78.6817, 17.5738], [78.7071, 17.4347], [78.7541, 17.4396], [78.7492, 17.2672], [78.8205, 17.2315], [78.7629, 17.2143], [78.849, 17.074], [78.7819, 17.0334], [78.824, 17.0126], [78.6806, 16.9255], [78.5046, 17.0084], [78.4548, 16.977], [78.3446, 17.0701], [78.2769, 17.224], [78.168, 17.1669], [78.1773, 17.0957], [78.0971, 17.0972], [78.0626, 17.1948], [77.9309, 17.0818], [78.0089, 16.9458], [77.9725, 16.8455], [77.7333, 16.8768], [77.7887, 17.2271], [77.576, 17.1267], [77.4752, 17.1713], [77.4776, 17.116], [77.4235, 17.1141], [77.36, 17.1616], [77.4545, 17.2759], [77.4516, 17.3705], [77.5208, 17.3621], [77.5101, 17.4273], [77.6106, 17.4442], [77.6528, 17.5033], [77.684, 17.4729], [77.6863, 17.5243], [77.7571, 17.5562], [77.7434, 17.6218], [77.8236, 17.6431], [77.9588, 17.5317], [77.9605, 17.4803], [78.0494, 17.4562], [78.0769, 17.5209], [78.1528, 17.461], [78.2086, 17.4827], [78.2576, 17.4151], [78.349, 17.5197], [78.3818, 17.6615], [78.4509, 17.7031], [78.4592, 17.6977]], [[78.448, 17.4315], [78.444, 17.3971], [78.3945, 17.4198], [78.3955, 17.3524], [78.4704, 17.2971], [78.5094, 17.3253], [78.5343, 17.4585], [78.4577, 17.4418], [78.448, 17.4315]]]}}, {"type": "Feature", "properties": {"name": "Srikakulam", "state": "Andhra Pradesh"}, "geometry": {"type": "Polygon", "coordinates": [[[84.6733, 19.1569], [84.7579, 19.066], [84.1296, 18.3143], [83.6596, 18.0755], [83.5471, 18.2518], [83.5145, 18.23], [83.5173, 18.2782], [83.4239, 18.3144], [83.4061, 18.4063], [83.5854, 18.4528], [83.5514, 18.4886], [83.6015, 18.5515], [83.5116, 18.5503], [83.5275, 18.7096], [83.8161, 18.8242], [83.7411, 18.9839], [83.7883, 19.0078], [83.8869, 18.8054], [84.0271, 18.8022], [84.0818, 18.7446], [84.3089, 18.7784], [84.336, 18.8667], [84.4294, 18.9137], [84.4151, 19.0139], [84.4717, 18.9812], [84.5661, 19.065], [84.5901, 19.0134], [84.6646, 19.0663], [84.5918, 19.1238], [84.6693, 19.1557], [84.6733, 19.1569]]]}}, {"type": "Feature", "properties": {"name": "Vishakhapatnam", "state": "Andhra Pradesh"}, "geometry": {"type": "MultiPolygon", "coordinates": [[[[83.1721, 17.569], [83.1721, 17.5688], [83.1724, 17.5688], [83.1721, 17.569]]], [[[83.3057, 17.6846], [83.3057, 17.6835], [83.3054, 17.6835], [83.3057, 17.6846]]], [[[83.3121, 17.6849], [83.3121, 17.684], [83.3112, 17.684], [83.3121, 17.6849]]], [[[83.2699, 17.7087], [83.2699, 17.7082], [83.2688, 17.7082], [83.2699, 17.7087]]], [[[82.4992, 18.5018], [82.5538, 18.4377], [82.5323, 18.3934], [82.6113, 18.3465], [82.5807, 18.2701], [82.6269, 18.2287], [82.7671, 18.3311], [82.7992, 18.4394], [82.9327, 18.3514], [83.0933, 18.4062], [83.0737, 18.3082], [83.094, 18.3501], [83.1646, 18.3004], [83.2189, 18.3252], [83.2635, 18.2074], [83.1993, 18.1821], [83.1295, 18.2514], [83.1551, 18.1746], [83.0957, 18.2121], [83.0991, 18.147], [83.1441, 18.1449], [82.9915, 17.9906], [83.0966, 17.9219], [83.1474, 17.82], [83.3508, 18.0465], [83.4093, 17.9964], [83.3758, 17.9028], [83.4774, 17.9185], [83.3065, 17.6882], [83.2635, 17.711], [83.2954, 17.6751], [83.2135, 17.591], [82.5376, 17.2463], [82.5145, 17.291], [82.5953, 17.4526], [82.5484, 17.5153], [82.4617, 17.5284], [82.4027, 17.4629], [82.2593, 17.6134], [82.093, 17.6449], [82.0067, 17.6095], [82.0088, 17.7511], [81.8582, 17.7437], [82.0108, 17.8334], [82.0228, 17.9285], [81.9731, 18.0057], [82.0066, 18.0492], [82.1133, 18.0578], [82.2417, 17.9798], [82.267, 18.0483], [82.3363, 18.0473], [82.3334, 18.1424], [82.3652, 18.1397], [82.3061, 18.1957], [82.393, 18.3064], [82.3344, 18.3171], [82.3844, 18.3691], [82.3613, 18.4099], [82.474, 18.5368], [82.4988, 18.5033], [82.4992, 18.5018]]]]}}, {"type": "Feature", "properties": {"name": "Vizianagaram", "state": "Andhra Pradesh"}, "geometry": {"type": "Polygon", "coordinates": [[[83.6284, 19.1315], [83.8161, 18.8242], [83.5275, 18.7096], [83.5116, 18.5503], [83.6015, 18.5515], [83.5514, 18.4886], [83.5854, 18.4528], [83.4061, 18.4063], [83.4239, 18.3144], [83.5173, 18.2782], [83.5145, 18.23], [83.5471, 18.2518], [83.6596, 18.0755], [83.5296, 17.9493], [83.3906, 17.8937], [83.4, 18.0346], [83.3508, 18.0465], [83.1474, 17.82], [83.0966, 17.9219], [83.0008, 17.9589], [83.0341, 18.0598], [83.1441, 18.1449], [83.0991, 18.147], [83.0957, 18.2121], [83.1551, 18.1746], [83.1295, 18.2514], [83.2041, 18.1808], [83.2658, 18.2157], [83.2189, 18.3252], [83.1646, 18.3004], [83.094, 18.3501], [83.071, 18.309], [83.0933, 18.4062], [83.0154, 18.4444], [83.0893, 18.5379], [83.0325, 18.5479], [83.0539, 18.5865], [83.008, 18.5884], [83.0097, 18.6365], [83.133, 18.7724], [83.2051, 18.7159], [83.2194, 18.7658], [83.3963, 18.8307], [83.3466, 18.9269], [83.3802, 18.9233], [83.3458, 18.9571], [83.329, 18.9169], [83.3053, 18.9897], [83.4089, 18.9962], [83.4555, 18.9456], [83.4594, 19.0697], [83.5314, 19.0054], [83.6302, 19.1448], [83.6284, 19.1315]]]}}, {"type": "Feature", "properties": {"name": "Warangal", "state": "Andhra Pradesh"}, "geometry": {"type": "Polygon", "coordinates": [[[80.3816, 18.5936], [80.3736, 18.4686], [80.4577, 18.4422], [80.47, 18.2952], [80.6585, 18.1651], [80.5904, 18.0764], [80.4604, 18.1289], [80.4522, 18.0542], [80.3875, 18.0762], [80.2697, 17.9623], [80.2439, 17.7332], [80.0387, 17.7009], [80.0823, 17.6534], [80.0464, 17.5899], [80.0822, 17.5074], [80.1208, 17.4401], [80.1614, 17.4484], [80.1541, 17.3718], [80.0465, 17.3406], [79.9619, 17.3983], [79.7851, 17.3135], [79.7509, 17.4248], [79.6471, 17.4987], [79.39, 17.4949], [79.2682, 17.5736], [79.2197, 17.5588], [79.2004, 17.6197], [79.1549, 17.5737], [78.9823, 17.7842], [78.8634, 17.805], [78.8266, 17.8896], [78.9614, 18.0306], [79.2481, 17.975], [79.4718, 18.1101], [79.587, 18.1195], [79.5903, 18.4664], [79.7134, 18.4911], [79.8156, 18.413], [79.826, 18.4963], [79.9156, 18.4198], [79.8787, 18.5063], [80.0178, 18.4642], [80.0788, 18.5136], [80.0455, 18.4774], [80.1093, 18.4524], [80.0233, 18.438], [80.0237, 18.3961], [80.1361, 18.4133], [80.1677, 18.3364], [80.2114, 18.3853], [80.222, 18.5479], [80.3705, 18.6031], [80.3816, 18.5936]]]}}, {"type": "Feature", "properties": {"name": "West Godavari", "state": "Andhra Pradesh"}, "geometry": {"type": "Polygon", "coordinates": [[[81.5726, 17.4242], [81.6499, 17.3126], [81.7393, 16.8032], [81.8516, 16.6229], [81.8505, 16.5225], [81.7479, 16.4257], [81.7028, 16.4481], [81.7104, 16.3199], [81.3984, 16.422], [81.3212, 16.5094], [81.3062, 16.6816], [81.227, 16.5681], [81.1712, 16.6136], [81.0014, 16.5518], [80.9459, 16.6551], [81.007, 16.6412], [80.9741, 16.7076], [81.027, 16.8071], [80.9275, 16.9478], [80.9514, 17.0396], [80.8588, 17.0509], [80.8703, 17.1463], [80.9133, 17.146], [80.9138, 17.2053], [80.9913, 17.1797], [81.1628, 17.2326], [81.1815, 17.3222], [81.2672, 17.32], [81.3247, 17.3906], [81.4156, 17.3616], [81.4982, 17.49], [81.5631, 17.4379], [81.5726, 17.4242]]]}}, {"type": "Feature", "properties": {"name": "Changlang", "state": "Arunachal Pradesh"}, "geometry": {"type": "Polygon", "coordinates": [[[96.9006, 27.6243], [96.9377, 27.5301], [96.9118, 27.4627], [97.1672, 27.1555], [97.1464, 27.1028], [96.8662, 27.1997], [96.8888, 27.2636], [96.8024, 27.3544], [96.6205, 27.3728], [96.5223, 27.294], [96.3108, 27.302], [96.099, 27.2314], [95.946, 27.0597], [95.8079, 27.0205], [95.755, 26.9079], [95.6569, 26.9547], [95.7367, 26.9796], [95.637, 27.2369], [95.8063, 27.2917], [95.8981, 27.2643], [96.0209, 27.3713], [95.9778, 27.4355], [95.8493, 27.4303], [95.8813, 27.5532], [96.1288, 27.626], [96.2923, 27.5624], [96.4162, 27.6583], [96.8896, 27.6299], [96.9006, 27.6243]]]}}, {"type": "Feature", "properties": {"name": "East Kameng", "state": "Arunachal Pradesh"}, "geometry": {"type": "Polygon", "coordinates": [[[93.271, 27.5954], [93.3301, 27.5561], [93.2946, 27.5246], [93.3723, 27.3732], [93.2254, 27.2524], [93.2216, 27.2054], [93.31, 27.1743], [93.2135, 27.1185], [93.3133, 27.0813], [93.3907, 26.96], [93.0194, 26.9168], [92.8724, 27.0077], [92.6239, 27.0299], [92.6134, 27.1452], [92.9029, 27.2152], [92.8882, 27.2858], [92.7998, 27.3515], [92.7899, 27.555], [92.6466, 27.5359], [92.717, 27.6478], [92.8572, 27.6469], [92.9842, 27.5634], [93.1485, 27.7387], [93.2077, 27.7419], [93.1943, 27.6774], [93.2691, 27.5968], [93.271, 27.5954]]]}}, {"type": "Feature", "properties": {"name": "East Siang", "state": "Arunachal Pradesh"}, "geometry": {"type": "Polygon", "coordinates": [[[94.7585, 28.5374], [94.943, 28.5631], [95.0141, 28.4956], [95.0816, 28.5049], [95.1119, 28.2266], [95.1957, 28.1497], [95.2819, 28.1777], [95.4092, 28.3194], [95.4664, 28.2629], [95.5363, 28.2899], [95.5689, 28.0827], [95.5016, 27.9562], [95.516, 27.8818], [95.3843, 27.842], [95.3166, 27.8711], [94.8609, 27.7395], [94.9564, 27.9687], [94.8812, 28.0036], [94.9495, 28.132], [94.8814, 28.2353], [94.9362, 28.2541], [94.8759, 28.4118], [94.7633, 28.4257], [94.7583, 28.5359], [94.7585, 28.5374]]]}}, {"type": "Feature", "properties": {"name": "Kurung Kumey", "state": "Arunachal Pradesh"}, "geometry": {"type": "Polygon", "coordinates": [[[93.0692, 28.3086], [93.2759, 28.3671], [93.5703, 28.257], [93.6795, 28.3227], [93.8386, 28.2405], [93.892, 28.1302], [93.8533, 28.0849], [93.9106, 28.0289], [93.8428, 28.0035], [93.8113, 27.9113], [93.6876, 27.8895], [93.4282, 27.7125], [93.3917, 27.6419], [93.271, 27.5954], [93.1943, 27.6774], [93.221, 27.832], [92.9659, 27.827], [92.9295, 27.9205], [92.7565, 27.9576], [92.6612, 28.0677], [92.7996, 28.2022], [92.8301, 28.173], [92.9645, 28.2618], [93.0004, 28.2308], [93.0627, 28.3072], [93.0692, 28.3086]]]}}, {"type": "Feature", "properties": {"name": "Lohit", "state": "Arunachal Pradesh"}, "geometry": {"type": "Polygon", "coordinates": [[[97.3569, 28.2332], [97.4004, 28.1935], [97.3308, 28.163], [97.3077, 28.0771], [97.4152, 28.0241], [97.389, 27.8964], [97.2565, 27.9095], [96.9131, 27.6275], [96.4162, 27.6583], [96.2923, 27.5624], [96.1288, 27.626], [95.867, 27.5511], [95.7871, 27.6234], [95.7582, 27.7311], [95.9934, 27.98], [95.9818, 28.0772], [96.0534, 28.2022], [96.1438, 28.1751], [96.2697, 28.2442], [96.2399, 28.3046], [96.3153, 28.3884], [96.4127, 28.3467], [96.4583, 28.4192], [96.6646, 28.4658], [96.7826, 28.3704], [96.8987, 28.3859], [96.9965, 28.3162], [97.0926, 28.3697], [97.3514, 28.2343], [97.3569, 28.2332]]]}}, {"type": "Feature", "properties": {"name": "Lower Dibang Valley", "state": "Arunachal Pradesh"}, "geometry": {"type": "Polygon", "coordinates": [[[96.368, 28.5635], [96.3243, 28.5303], [96.373, 28.487], [96.2638, 28.4134], [96.3153, 28.3884], [96.2399, 28.3046], [96.2697, 28.2442], [96.1438, 28.1751], [96.0534, 28.2022], [95.9818, 28.0772], [95.9852, 27.9721], [95.6067, 27.9578], [95.516, 27.8818], [95.5646, 28.2588], [95.3859, 28.3115], [95.3204, 28.4289], [95.4097, 28.5524], [95.3505, 28.7069], [95.3889, 28.7438], [95.5541, 28.7082], [95.7529, 28.5935], [96.1524, 28.6547], [96.3474, 28.5763], [96.368, 28.5635]]]}}, {"type": "Feature", "properties": {"name": "Lower Subansiri", "state": "Arunachal Pradesh"}, "geometry": {"type": "Polygon", "coordinates": [[[94.3178, 27.7766], [94.3562, 27.722], [94.2111, 27.6108], [94.2591, 27.5226], [94.0679, 27.4668], [93.8955, 27.4844], [93.787, 27.3297], [93.6038, 27.3582], [93.5644, 27.4329], [93.639, 27.4953], [93.5278, 27.6229], [93.3917, 27.6419], [93.3991, 27.6713], [93.6876, 27.8895], [93.8113, 27.9113], [93.8695, 28.0253], [94.0682, 27.9412], [94.0744, 27.8515], [94.1463, 27.8692], [94.3157, 27.7793], [94.3178, 27.7766]]]}}, {"type": "Feature", "properties": {"name": "Papum Pare", "state": "Arunachal Pradesh"}, "geometry": {"type": "Polygon", "coordinates": [[[93.3917, 27.6419], [93.5278, 27.6229], [93.639, 27.4953], [93.5644, 27.4152], [93.6567, 27.3311], [93.8087, 27.3392], [93.8955, 27.4844], [94.2107, 27.4979], [93.8086, 27.1518], [93.8282, 27.069], [93.6758, 26.9711], [93.4894, 26.9385], [93.3907, 26.96], [93.3133, 27.0813], [93.2135, 27.1185], [93.31, 27.1743], [93.2216, 27.2054], [93.2254, 27.2524], [93.3723, 27.3732], [93.2946, 27.5246], [93.3301, 27.5561], [93.271, 27.5954], [93.3703, 27.6419], [93.3917, 27.6419]]]}}, {"type": "Feature", "properties": {"name": "Tawang", "state": "Arunachal Pradesh"}, "geometry": {"type": "Polygon", "coordinates": [[[92.316, 27.7782], [92.2464, 27.6295], [92.0317, 27.4915], [91.72, 27.4704], [91.6474, 27.4847], [91.562, 27.5842], [91.6396, 27.7652], [91.5439, 27.8556], [91.8242, 27.8104], [91.9188, 27.7151], [92.2104, 27.859], [92.264, 27.8579], [92.3074, 27.7792], [92.316, 27.7782]]]}}, {"type": "Feature", "properties": {"name": "Tirap", "state": "Arunachal Pradesh"}, "geometry": {"type": "Polygon", "coordinates": [[[95.637, 27.2369], [95.7367, 26.9796], [95.6507, 26.9608], [95.755, 26.9079], [95.6682, 26.9083], [95.6115, 26.8212], [95.5328, 26.8312], [95.4233, 26.6967], [95.3026, 26.656], [95.2376, 26.6863], [95.2449, 26.7873], [95.1845, 26.8648], [95.2339, 26.8908], [95.1955, 27.0429], [95.4578, 27.1356], [95.5109, 27.2663], [95.6341, 27.2398], [95.637, 27.2369]]]}}, {"type": "Feature", "properties": {"name": "Upper Dibang Valley", "state": "Arunachal Pradesh"}, "geometry": {"type": "Polygon", "coordinates": [[[96.0805, 29.4633], [96.2436, 29.2351], [96.3632, 29.2856], [96.3928, 29.2565], [96.3464, 29.171], [96.1145, 29.0776], [96.1849, 28.9881], [96.1665, 28.9059], [96.3467, 29.0323], [96.5252, 29.0793], [96.4774, 28.994], [96.6155, 28.7648], [96.4727, 28.6882], [96.4941, 28.6382], [96.4008, 28.5624], [96.1524, 28.6547], [95.6746, 28.6145], [95.5541, 28.7082], [95.3889, 28.7438], [95.3232, 28.9317], [95.2549, 28.953], [95.2724, 29.0586], [95.4543, 29.037], [95.5987, 29.2619], [96.0695, 29.4623], [96.0805, 29.4633]]]}}, {"type": "Feature", "properties": {"name": "Upper Siang", "state": "Arunachal Pradesh"}, "geometry": {"type": "Polygon", "coordinates": [[[94.7159, 29.3001], [94.798, 29.1646], [94.8718, 29.1843], [95.0228, 29.1306], [94.9975, 29.173], [95.2508, 29.1099], [95.2767, 29.0342], [95.2439, 28.9892], [95.3269, 28.9233], [95.4097, 28.5524], [95.3204, 28.4289], [95.4092, 28.3194], [95.2819, 28.1777], [95.1957, 28.1497], [95.1119, 28.2266], [95.0816, 28.5049], [95.0141, 28.4956], [94.943, 28.5631], [94.7585, 28.5374], [94.7307, 28.6869], [94.2789, 28.9953], [94.1719, 29.007], [94.2877, 29.1481], [94.4312, 29.2268], [94.5579, 29.2289], [94.6282, 29.3486], [94.7111, 29.3043], [94.7159, 29.3001]]]}}, {"type": "Feature", "properties": {"name": "Upper Subansiri", "state": "Arunachal Pradesh"}, "geometry": {"type": "Polygon", "coordinates": [[[93.5189, 28.6715], [93.7752, 28.6685], [93.844, 28.7074], [93.9196, 28.6704], [93.9603, 28.7131], [94.0217, 28.6521], [93.9999, 28.5788], [94.0956, 28.5372], [94.1382, 28.4458], [94.292, 28.4303], [94.329, 28.3596], [94.4009, 28.3422], [94.3744, 28.2969], [94.4167, 28.2562], [94.3563, 28.2005], [94.3906, 28.0863], [94.5134, 28.018], [94.5936, 27.893], [94.3332, 27.7605], [94.1494, 27.8682], [94.0744, 27.8515], [94.0682, 27.9412], [93.9458, 27.9806], [93.8541, 28.0828], [93.892, 28.1302], [93.8386, 28.2405], [93.6827, 28.3216], [93.5703, 28.257], [93.4234, 28.2835], [93.3353, 28.354], [93.2199, 28.3355], [93.2315, 28.4007], [93.1827, 28.44], [93.2759, 28.5048], [93.2999, 28.5996], [93.5184, 28.6738], [93.5189, 28.6715]]]}}, {"type": "Feature", "properties": {"name": "West Kameng", "state": "Arunachal Pradesh"}, "geometry": {"type": "Polygon", "coordinates": [[[92.7332, 27.9779], [92.9295, 27.9205], [92.9819, 27.8212], [93.1961, 27.8473], [93.2211, 27.7606], [92.9842, 27.5634], [92.8531, 27.6479], [92.717, 27.6478], [92.653, 27.5862], [92.6571, 27.5262], [92.7835, 27.5573], [92.8136, 27.5252], [92.7998, 27.3515], [92.9031, 27.2213], [92.6079, 27.1414], [92.5902, 27.0802], [92.6455, 26.9874], [92.1079, 26.8938], [92.0234, 27.1623], [92.0696, 27.2236], [92.0396, 27.2667], [92.1206, 27.2876], [92.0588, 27.3272], [92.0112, 27.4818], [92.2464, 27.6295], [92.316, 27.7782], [92.5013, 27.8415], [92.5607, 27.821], [92.7298, 27.9719], [92.7332, 27.9779]]]}}, {"type": "Feature", "properties": {"name": "West Siang", "state": "Arunachal Pradesh"}, "geometry": {"type": "Polygon", "coordinates": [[[94.1719, 29.007], [94.2789, 28.9953], [94.7307, 28.6869], [94.7469, 28.4562], [94.8759, 28.4118], [94.9362, 28.2541], [94.8814, 28.2353], [94.9495, 28.132], [94.8812, 28.0036], [94.9577, 27.9801], [94.8394, 27.7035], [94.4597, 27.5577], [94.431, 27.6031], [94.276, 27.5933], [94.2522, 27.6409], [94.2111, 27.6108], [94.3562, 27.722], [94.3178, 27.7766], [94.5956, 27.8736], [94.5134, 28.018], [94.3906, 28.0863], [94.3563, 28.2005], [94.4167, 28.2562], [94.3744, 28.2969], [94.4009, 28.3422], [94.329, 28.3596], [94.292, 28.4303], [94.1509, 28.4375], [94.0956, 28.5372], [93.9999, 28.5788], [94.0217, 28.6521], [93.9603, 28.7131], [93.9949, 28.8414], [94.1718, 29.0032], [94.1719, 29.007]]]}}, {"type": "Feature", "properties": {"name": "Barpeta", "state": "Assam"}, "geometry": {"type": "Polygon", "coordinates": [[[91.0121, 26.7856], [91.0966, 26.8198], [91.2951, 26.7852], [91.2374, 26.6174], [91.2935, 26.57], [91.2321, 26.4404], [91.2758, 26.3415], [91.2152, 26.2686], [91.239, 26.1814], [90.9132, 26.0895], [90.7119, 26.1356], [90.652, 26.2417], [90.8575, 26.3621], [90.8562, 26.4369], [90.7857, 26.4391], [90.8248, 26.4501], [90.8055, 26.5002], [90.851, 26.5022], [90.816, 26.5686], [90.8962, 26.6319], [90.9415, 26.7751], [91.0032, 26.7867], [91.0121, 26.7856]]]}}, {"type": "Feature", "properties": {"name": "Bongaigaon", "state": "Assam"}, "geometry": {"type": "Polygon", "coordinates": [[[90.9548, 26.7838], [90.8962, 26.6319], [90.816, 26.5686], [90.8499, 26.4993], [90.8055, 26.5002], [90.8248, 26.4501], [90.7858, 26.441], [90.8562, 26.4369], [90.8575, 26.3621], [90.7297, 26.2579], [90.4252, 26.1438], [90.346, 26.1759], [90.4796, 26.2904], [90.4576, 26.485], [90.3774, 26.486], [90.3535, 26.5464], [90.5721, 26.5318], [90.5232, 26.6651], [90.615, 26.7951], [90.927, 26.7821], [90.9548, 26.7838]]]}}, {"type": "Feature", "properties": {"name": "Cachar", "state": "Assam"}, "geometry": {"type": "Polygon", "coordinates": [[[92.4259, 25.0318], [92.4843, 25.1081], [92.7332, 25.1455], [92.8413, 25.0559], [93.0442, 25.1061], [93.0178, 25.0643], [93.0635, 25.0052], [93.2632, 24.9664], [93.1931, 24.8062], [93.1098, 24.8097], [93.0759, 24.7104], [93.107, 24.5836], [93.0611, 24.5748], [93.0392, 24.4111], [92.829, 24.3778], [92.7597, 24.5212], [92.7807, 24.572], [92.6701, 24.5936], [92.6847, 24.8091], [92.5979, 24.8803], [92.4941, 24.8767], [92.4263, 25.0316], [92.4259, 25.0318]]]}}, {"type": "Feature", "properties": {"name": "Darrang", "state": "Assam"}, "geometry": {"type": "Polygon", "coordinates": [[[92.3644, 26.9327], [92.3224, 26.6155], [92.3813, 26.5328], [92.1538, 26.4121], [92.043, 26.2769], [91.7589, 26.201], [91.8212, 26.3649], [91.7706, 26.4328], [91.7836, 26.5377], [91.7042, 26.8119], [91.8578, 26.914], [92.0455, 26.8475], [92.3531, 26.9356], [92.3644, 26.9327]]]}}, {"type": "Feature", "properties": {"name": "Dhemaji", "state": "Assam"}, "geometry": {"type": "Polygon", "coordinates": [[[95.4616, 27.794], [95.2486, 27.6603], [95.1933, 27.6715], [95.2058, 27.7126], [94.9837, 27.6549], [94.6917, 27.423], [94.5981, 27.2861], [94.509, 27.3482], [94.2617, 27.374], [94.3075, 27.4337], [94.2111, 27.6108], [94.2522, 27.6409], [94.276, 27.5933], [94.431, 27.6031], [94.4597, 27.5577], [94.8609, 27.7395], [95.3166, 27.8711], [95.3843, 27.842], [95.516, 27.8818], [95.4684, 27.8138], [95.4616, 27.794]]]}}, {"type": "Feature", "properties": {"name": "Dhuburi", "state": "Assam"}, "geometry": {"type": "MultiPolygon", "coordinates": [[[[89.8715, 25.5373], [89.8596, 25.4734], [89.8653, 25.5396], [89.8715, 25.5373]]], [[[89.8715, 25.5373], [89.8709, 25.5386], [89.8732, 25.5401], [89.8715, 25.5373]]], [[[90.3657, 26.3968], [90.4566, 26.3563], [90.4716, 26.2689], [90.3776, 26.2241], [90.373, 26.1793], [90.2473, 26.1776], [90.1533, 26.0823], [90.1763, 25.9911], [90.0153, 25.8886], [89.8926, 25.735], [90.0173, 25.6022], [89.8701, 25.5442], [89.8852, 25.6298], [89.8145, 25.817], [89.8904, 25.9402], [89.8282, 25.9436], [89.8754, 25.9761], [89.823, 25.9849], [89.8131, 26.042], [89.7916, 26.0177], [89.7893, 26.1027], [89.6948, 26.1891], [89.732, 26.2123], [89.6972, 26.2172], [89.7157, 26.302], [89.9854, 26.3456], [90.0506, 26.2969], [90.2241, 26.3855], [90.2169, 26.3295], [90.2781, 26.32], [90.3288, 26.4093], [90.3622, 26.3986], [90.3657, 26.3968]]]]}}, {"type": "Feature", "properties": {"name": "Dibrugarh", "state": "Assam"}, "geometry": {"type": "Polygon", "coordinates": [[[95.276, 27.6872], [95.3214, 27.5925], [95.2207, 27.4629], [95.2661, 27.4118], [95.4735, 27.3702], [95.4578, 27.1356], [95.3727, 27.1017], [95.3589, 27.1735], [95.2888, 27.2025], [95.1645, 27.1323], [94.989, 27.1514], [94.9692, 27.2337], [94.8363, 27.0987], [94.7648, 27.1323], [94.7445, 27.2791], [94.6453, 27.2509], [94.5946, 27.1495], [94.6059, 27.329], [94.9837, 27.6549], [95.2058, 27.7126], [95.2021, 27.6657], [95.2719, 27.6768], [95.276, 27.6872]]]}}, {"type": "Feature", "properties": {"name": "Goalpara", "state": "Assam"}, "geometry": {"type": "Polygon", "coordinates": [[[90.6581, 26.228], [90.7184, 26.1322], [91.0886, 26.0292], [91.0137, 25.8843], [90.9427, 25.9476], [90.7423, 25.913], [90.7474, 25.9573], [90.6248, 25.8989], [90.5825, 25.9598], [90.5125, 25.8962], [90.5345, 25.958], [90.4773, 26.0153], [90.12, 25.9577], [90.1897, 26.0284], [90.1533, 26.0823], [90.2473, 26.1776], [90.454, 26.1458], [90.6451, 26.226], [90.6581, 26.228]]]}}, {"type": "Feature", "properties": {"name": "Golaghat", "state": "Assam"}, "geometry": {"type": "Polygon", "coordinates": [[[93.9625, 26.9295], [94.0107, 26.84], [93.9753, 26.7691], [94.0486, 26.743], [94.0965, 26.6493], [94.1182, 26.4041], [94.18, 26.3541], [94.108, 26.3264], [94.0048, 26.1733], [93.9549, 26.0073], [93.9794, 25.9197], [93.7958, 25.8144], [93.7697, 25.9671], [93.8971, 26.3209], [93.8845, 26.3978], [93.7764, 26.3877], [93.8019, 26.4139], [93.7227, 26.607], [93.6222, 26.5681], [93.4975, 26.6149], [93.4652, 26.5716], [93.3005, 26.5755], [93.2867, 26.6377], [93.4034, 26.7558], [93.6722, 26.716], [93.65, 26.7923], [93.8252, 26.8286], [93.9467, 26.9321], [93.9625, 26.9295]]]}}, {"type": "Feature", "properties": {"name": "Hailakandi", "state": "Assam"}, "geometry": {"type": "Polygon", "coordinates": [[[92.7652, 24.5208], [92.6907, 24.3548], [92.6243, 24.3327], [92.6116, 24.2533], [92.5506, 24.2459], [92.466, 24.1348], [92.4224, 24.2531], [92.4962, 24.3831], [92.4972, 24.6817], [92.582, 24.8755], [92.6847, 24.8091], [92.6701, 24.5936], [92.7807, 24.572], [92.7635, 24.5215], [92.7652, 24.5208]]]}}, {"type": "Feature", "properties": {"name": "Jorhat", "state": "Assam"}, "geometry": {"type": "Polygon", "coordinates": [[[94.5946, 27.1495], [94.4008, 26.9621], [94.4812, 26.9384], [94.5155, 26.7795], [94.6047, 26.7172], [94.4645, 26.6675], [94.3165, 26.4629], [94.2823, 26.5635], [94.138, 26.3544], [94.1168, 26.5601], [94.073, 26.6008], [94.098, 26.645], [94.0486, 26.743], [93.9753, 26.7691], [94.0107, 26.84], [93.9625, 26.9295], [94.134, 26.973], [94.2661, 27.096], [94.4178, 27.0949], [94.5621, 27.1856], [94.59, 27.1535], [94.5946, 27.1495]]]}}, {"type": "Feature", "properties": {"name": "Kamrup", "state": "Assam"}, "geometry": {"type": "Polygon", "coordinates": [[[91.9534, 26.255], [92.1681, 26.1649], [92.1783, 26.0795], [92.1331, 26.0459], [91.9221, 25.9995], [91.8193, 26.1187], [91.7313, 26.0592], [91.6693, 25.9054], [91.6112, 25.9399], [91.6322, 26.0224], [91.5758, 26.0331], [91.4759, 25.878], [91.5254, 25.8729], [91.3336, 25.8388], [91.2239, 25.7234], [91.1799, 25.7763], [91.1965, 25.859], [91.0008, 25.8223], [91.0975, 26.0098], [90.9356, 26.0943], [91.2335, 26.1829], [91.4129, 26.1371], [91.4122, 26.2614], [91.5333, 26.3345], [91.5584, 26.5213], [91.6034, 26.5715], [91.613, 26.4871], [91.67, 26.5247], [91.7009, 26.797], [91.7836, 26.5377], [91.7706, 26.4328], [91.8212, 26.3649], [91.7474, 26.2117], [91.9485, 26.2527], [91.9534, 26.255]]]}}, {"type": "Feature", "properties": {"name": "Karbi Anglong", "state": "Assam"}, "geometry": {"type": "MultiPolygon", "coordinates": [[[[92.5288, 26.1449], [92.5217, 26.1037], [92.5976, 26.0783], [92.5588, 25.9661], [92.7513, 26.0634], [92.804, 25.9211], [92.8581, 25.9244], [92.871, 25.869], [92.9863, 25.8779], [93.0775, 25.7797], [92.9306, 25.8103], [92.8214, 25.7425], [92.7465, 25.6], [92.5875, 25.553], [92.3851, 25.7536], [92.1607, 25.6719], [92.1531, 25.8127], [92.2255, 25.907], [92.1599, 25.9152], [92.1674, 25.9677], [92.3862, 26.1415], [92.43, 26.1122], [92.5263, 26.1501], [92.5288, 26.1449]]], [[[93.5089, 26.5986], [93.6222, 26.5681], [93.7227, 26.607], [93.8019, 26.4139], [93.7764, 26.3877], [93.8845, 26.3978], [93.8971, 26.3209], [93.7828, 26.0431], [93.8044, 25.9807], [93.6877, 25.9094], [93.7055, 25.8486], [93.4999, 25.6565], [93.3225, 25.5332], [93.2125, 25.5473], [93.1387, 25.672], [93.2508, 25.8109], [93.1447, 26.0167], [93.0955, 26.0349], [93.1072, 26.0779], [92.9363, 26.1408], [92.9429, 26.2033], [92.7958, 26.2086], [92.8486, 26.3067], [92.9425, 26.3292], [92.9035, 26.4016], [93.1173, 26.4432], [93.1269, 26.4998], [93.1043, 26.4625], [93.0662, 26.4801], [93.0915, 26.5026], [93.0107, 26.4846], [93.0452, 26.5379], [93.1875, 26.5702], [93.1651, 26.5243], [93.2937, 26.5052], [93.2523, 26.5709], [93.4652, 26.5716], [93.5045, 26.6117], [93.5089, 26.5986]]]]}}, {"type": "Feature", "properties": {"name": "Karimganj", "state": "Assam"}, "geometry": {"type": "Polygon", "coordinates": [[[92.589, 24.8643], [92.4972, 24.6817], [92.5192, 24.5693], [92.4642, 24.3008], [92.4256, 24.2521], [92.2129, 24.2493], [92.2722, 24.3776], [92.2338, 24.5618], [92.2983, 24.7366], [92.2452, 24.9102], [92.3915, 24.8499], [92.5779, 24.8707], [92.589, 24.8643]]]}}, {"type": "Feature", "properties": {"name": "Kokrajhar", "state": "Assam"}, "geometry": {"type": "Polygon", "coordinates": [[[90.4617, 26.8672], [90.615, 26.7951], [90.5232, 26.6651], [90.5721, 26.5318], [90.3535, 26.5464], [90.3774, 26.486], [90.4576, 26.485], [90.444, 26.346], [90.3472, 26.4138], [90.2781, 26.32], [90.2169, 26.3295], [90.2241, 26.3855], [90.0506, 26.2969], [89.9854, 26.3456], [89.7664, 26.3139], [89.8573, 26.3845], [89.8273, 26.3965], [89.8695, 26.4484], [89.8624, 26.737], [90.0676, 26.7321], [90.1887, 26.7706], [90.2262, 26.8582], [90.4097, 26.9019], [90.454, 26.8724], [90.4617, 26.8672]]]}}, {"type": "Feature", "properties": {"name": "Lakhimpur", "state": "Assam"}, "geometry": {"type": "Polygon", "coordinates": [[[94.2597, 27.5235], [94.3075, 27.4337], [94.25, 27.3861], [94.561, 27.3257], [94.5981, 27.2861], [94.5693, 27.1828], [94.4178, 27.0949], [94.2661, 27.096], [94.134, 26.973], [94.0527, 26.9828], [93.8252, 26.8286], [93.7722, 26.847], [93.6983, 26.9948], [93.835, 27.075], [93.8073, 27.1501], [94.1572, 27.478], [94.2591, 27.5226], [94.2597, 27.5235]]]}}, {"type": "Feature", "properties": {"name": "Marigaon", "state": "Assam"}, "geometry": {"type": "Polygon", "coordinates": [[[92.4138, 26.517], [92.4518, 26.3846], [92.5648, 26.3615], [92.54, 26.2955], [92.451, 26.2639], [92.427, 26.1534], [92.2737, 26.065], [92.1789, 26.0692], [92.1681, 26.1649], [91.9534, 26.255], [92.043, 26.2769], [92.1625, 26.4184], [92.4021, 26.5157], [92.4138, 26.517]]]}}, {"type": "Feature", "properties": {"name": "Nagaon", "state": "Assam"}, "geometry": {"type": "Polygon", "coordinates": [[[93.3029, 26.5811], [93.2381, 26.5544], [93.2937, 26.5052], [93.1651, 26.5243], [93.1875, 26.5702], [93.0452, 26.5379], [93.0107, 26.4846], [93.0915, 26.5026], [93.0662, 26.4801], [93.1043, 26.4625], [93.1269, 26.4998], [93.1173, 26.4432], [92.9035, 26.4016], [92.9425, 26.3292], [92.8486, 26.3067], [92.798, 26.2239], [92.9429, 26.2033], [92.9363, 26.1408], [93.1072, 26.0779], [93.0955, 26.0349], [93.1447, 26.0167], [93.2508, 25.8109], [93.2225, 25.7285], [93.1446, 25.716], [92.9863, 25.8779], [92.871, 25.869], [92.8581, 25.9244], [92.804, 25.9211], [92.7513, 26.0634], [92.5718, 25.9628], [92.5742, 26.1158], [92.5217, 26.1037], [92.5211, 26.1521], [92.4042, 26.1196], [92.451, 26.2639], [92.54, 26.2955], [92.5674, 26.3812], [92.4518, 26.3846], [92.4138, 26.517], [92.7535, 26.5139], [92.7715, 26.5583], [92.9516, 26.6208], [93.1137, 26.577], [93.2967, 26.7011], [93.3048, 26.5834], [93.3029, 26.5811]]]}}, {"type": "Feature", "properties": {"name": "Nalbari", "state": "Assam"}, "geometry": {"type": "Polygon", "coordinates": [[[91.7042, 26.8119], [91.67, 26.5247], [91.613, 26.4871], [91.6034, 26.5715], [91.5584, 26.5213], [91.5333, 26.3345], [91.4122, 26.2614], [91.4129, 26.1371], [91.2543, 26.1639], [91.2146, 26.2215], [91.2758, 26.3415], [91.2321, 26.4404], [91.2935, 26.57], [91.2374, 26.6174], [91.2951, 26.7852], [91.4083, 26.8356], [91.4928, 26.7898], [91.7022, 26.8118], [91.7042, 26.8119]]]}}, {"type": "Feature", "properties": {"name": "North Cachar Hills", "state": "Assam"}, "geometry": {"type": "Polygon", "coordinates": [[[93.1446, 25.716], [93.2125, 25.5473], [93.3523, 25.5376], [93.4782, 25.3799], [93.474, 25.3093], [93.3887, 25.2459], [93.2473, 24.971], [93.0635, 25.0052], [93.0178, 25.0643], [93.0442, 25.1061], [92.8413, 25.0559], [92.7332, 25.1455], [92.5429, 25.0996], [92.5247, 25.14], [92.6216, 25.1177], [92.8044, 25.2193], [92.7646, 25.2493], [92.7844, 25.3325], [92.5666, 25.4751], [92.6607, 25.5818], [92.75, 25.6027], [92.8214, 25.7425], [92.9306, 25.8103], [92.9853, 25.7861], [92.9919, 25.8261], [93.1458, 25.7221], [93.1446, 25.716]]]}}, {"type": "Feature", "properties": {"name": "Sibsagar", "state": "Assam"}, "geometry": {"type": "Polygon", "coordinates": [[[95.3713, 27.1114], [95.0213, 26.9254], [94.8945, 26.9373], [94.8022, 26.8061], [94.6283, 26.7186], [94.5155, 26.7795], [94.4812, 26.9384], [94.4008, 26.9621], [94.6983, 27.2753], [94.7783, 27.2432], [94.757, 27.1556], [94.8133, 27.1037], [94.9692, 27.2337], [94.989, 27.1514], [95.1645, 27.1323], [95.2888, 27.2025], [95.3735, 27.1161], [95.3713, 27.1114]]]}}, {"type": "Feature", "properties": {"name": "Sonitpur", "state": "Assam"}, "geometry": {"type": "Polygon", "coordinates": [[[93.6983, 26.9948], [93.7889, 26.8608], [93.7453, 26.804], [93.65, 26.7923], [93.6722, 26.716], [93.4034, 26.7558], [93.1137, 26.577], [92.9516, 26.6208], [92.7715, 26.5583], [92.7535, 26.5139], [92.5787, 26.5019], [92.3256, 26.5109], [92.3833, 26.5362], [92.3224, 26.6155], [92.3591, 26.9261], [92.5852, 26.9619], [92.6589, 27.0385], [92.8724, 27.0077], [93.0194, 26.9168], [93.3479, 26.9632], [93.4894, 26.9385], [93.6966, 26.9924], [93.6983, 26.9948]]]}}, {"type": "Feature", "properties": {"name": "Tinsukia", "state": "Assam"}, "geometry": {"type": "Polygon", "coordinates": [[[95.9523, 27.9418], [95.7582, 27.7311], [95.7871, 27.6234], [95.8813, 27.5532], [95.8493, 27.4303], [95.9778, 27.4355], [96.0209, 27.3713], [95.9842, 27.3343], [95.894, 27.263], [95.8063, 27.2917], [95.4577, 27.2381], [95.4735, 27.3702], [95.2661, 27.4118], [95.2207, 27.4629], [95.3214, 27.5925], [95.276, 27.6872], [95.4426, 27.7625], [95.5712, 27.9424], [95.9652, 27.9526], [95.9523, 27.9418]]]}}, {"type": "Feature", "properties": {"name": "Araria", "state": "Bihar"}, "geometry": {"type": "Polygon", "coordinates": [[[87.0939, 26.45], [87.3434, 26.3475], [87.3713, 26.4078], [87.4691, 26.4401], [87.6458, 26.3933], [87.5987, 26.3512], [87.6894, 26.1976], [87.6648, 26.0831], [87.544, 25.9819], [87.0748, 25.9606], [87.104, 26.0968], [87.0532, 26.1094], [87.1048, 26.1853], [87.0315, 26.3202], [87.0679, 26.3771], [87.0359, 26.5566], [87.0743, 26.5855], [87.0881, 26.4853], [87.0939, 26.45]]]}}, {"type": "Feature", "properties": {"name": "Aurangabad", "state": "Bihar"}, "geometry": {"type": "Polygon", "coordinates": [[[84.7315, 25.0579], [84.6974, 25.0469], [84.746, 25.015], [84.7091, 24.9202], [84.6328, 24.8782], [84.7256, 24.7957], [84.7153, 24.7012], [84.5963, 24.6568], [84.5392, 24.5278], [84.397, 24.5726], [84.3217, 24.4898], [84.293, 24.566], [84.2571, 24.5308], [84.1999, 24.557], [84.1098, 24.4814], [83.9922, 24.638], [84.4402, 25.1296], [84.4701, 25.0915], [84.5624, 25.1198], [84.5792, 25.076], [84.6494, 25.1067], [84.7329, 25.0681], [84.7315, 25.0579]]]}}, {"type": "Feature", "properties": {"name": "Banka", "state": "Bihar"}, "geometry": {"type": "Polygon", "coordinates": [[[87.1738, 25.058], [87.151, 24.8584], [87.0786, 24.8223], [87.0505, 24.6068], [86.9301, 24.6428], [86.9112, 24.5387], [86.8003, 24.5646], [86.7771, 24.6198], [86.6684, 24.5606], [86.6069, 24.5944], [86.5398, 24.7715], [86.4894, 24.7581], [86.5296, 24.858], [86.4815, 24.9073], [86.4993, 24.9848], [86.5797, 24.9453], [86.637, 24.9745], [86.6875, 25.118], [87.0563, 25.1045], [87.1646, 25.0589], [87.1738, 25.058]]]}}, {"type": "Feature", "properties": {"name": "Begusarai", "state": "Bihar"}, "geometry": {"type": "Polygon", "coordinates": [[[86.2858, 25.64], [86.2888, 25.5269], [86.3496, 25.4746], [86.419, 25.5003], [86.5088, 25.4146], [86.1988, 25.2502], [86.0719, 25.3101], [86.0447, 25.3911], [86.0119, 25.3584], [85.8803, 25.4234], [85.8787, 25.5024], [85.7975, 25.5475], [85.7284, 25.5272], [85.7679, 25.5888], [85.8358, 25.5768], [85.8641, 25.6662], [86.0124, 25.5917], [86.0082, 25.7199], [86.1295, 25.7364], [86.1009, 25.7758], [86.1867, 25.663], [86.2862, 25.6389], [86.2858, 25.64]]]}}, {"type": "Feature", "properties": {"name": "Bhabua", "state": "Bihar"}, "geometry": {"type": "Polygon", "coordinates": [[[83.7619, 25.3879], [83.8922, 25.2649], [83.8006, 25.2154], [83.8131, 24.9906], [83.7116, 24.8372], [83.7778, 24.7604], [83.7226, 24.6561], [83.7413, 24.5779], [83.5263, 24.5429], [83.5126, 24.6834], [83.3868, 24.7842], [83.354, 24.8706], [83.3359, 25.1836], [83.7497, 25.3921], [83.7619, 25.3879]]]}}, {"type": "Feature", "properties": {"name": "Bhagalpur", "state": "Bihar"}, "geometry": {"type": "Polygon", "coordinates": [[[87.0798, 25.4739], [87.1046, 25.4332], [87.2253, 25.4513], [87.1988, 25.4149], [87.2608, 25.3511], [87.3623, 25.4227], [87.5247, 25.3552], [87.5397, 25.2816], [87.4815, 25.2952], [87.4722, 25.1947], [87.3235, 25.2231], [87.2911, 25.0893], [87.1738, 25.058], [87.0563, 25.1045], [86.6748, 25.1217], [86.729, 25.184], [86.6326, 25.2379], [86.7605, 25.2681], [86.8505, 25.3626], [86.8201, 25.4563], [86.9195, 25.4938], [87.067, 25.4693], [87.096, 25.5143], [87.0839, 25.4764], [87.0798, 25.4739]]]}}, {"type": "Feature", "properties": {"name": "Bhojpur", "state": "Bihar"}, "geometry": {"type": "Polygon", "coordinates": [[[84.8456, 25.6968], [84.7177, 25.3358], [84.4578, 25.1624], [84.3266, 25.2031], [84.3284, 25.299], [84.2743, 25.3304], [84.3537, 25.4658], [84.331, 25.6848], [84.3812, 25.7343], [84.4884, 25.6779], [84.5955, 25.7391], [84.8375, 25.697], [84.8456, 25.6968]]]}}, {"type": "Feature", "properties": {"name": "Buxar", "state": "Bihar"}, "geometry": {"type": "Polygon", "coordinates": [[[83.921, 25.5617], [84.0765, 25.6375], [84.0944, 25.7204], [84.2856, 25.6615], [84.3313, 25.7446], [84.3885, 25.7443], [84.3207, 25.6572], [84.3537, 25.4658], [84.2766, 25.3637], [84.0379, 25.3756], [84.0276, 25.2687], [83.8916, 25.2949], [83.7619, 25.3879], [83.9171, 25.5585], [83.921, 25.5617]]]}}, {"type": "Feature", "properties": {"name": "Darbhanga", "state": "Bihar"}, "geometry": {"type": "Polygon", "coordinates": [[[85.7064, 26.4493], [85.8258, 26.3919], [85.8276, 26.2835], [85.9802, 26.326], [86.0179, 26.2001], [86.2335, 26.2327], [86.3099, 26.1663], [86.3996, 25.9313], [86.3037, 25.8673], [86.2599, 25.9081], [86.0853, 25.8973], [86.0319, 25.9479], [85.9124, 25.9563], [85.838, 26.0368], [85.7218, 26.0377], [85.7463, 26.1453], [85.6879, 26.2588], [85.7234, 26.345], [85.6648, 26.3551], [85.7092, 26.3604], [85.7018, 26.4473], [85.7064, 26.4493]]]}}, {"type": "Feature", "properties": {"name": "Gaya", "state": "Bihar"}, "geometry": {"type": "Polygon", "coordinates": [[[85.1973, 25.0537], [85.3828, 24.9911], [85.3759, 24.8985], [85.263, 24.7505], [85.3255, 24.7124], [85.2888, 24.6723], [85.3113, 24.5621], [85.3828, 24.5325], [85.1529, 24.4641], [85.1694, 24.4295], [85.0894, 24.3792], [85.0762, 24.4399], [84.9479, 24.3718], [84.8944, 24.375], [84.8802, 24.4628], [84.8344, 24.4525], [84.7953, 24.5295], [84.6583, 24.3937], [84.5215, 24.3763], [84.4935, 24.287], [84.2853, 24.4659], [84.397, 24.5726], [84.5392, 24.5278], [84.5963, 24.6568], [84.7153, 24.7012], [84.7256, 24.7957], [84.6328, 24.8782], [84.7299, 24.9599], [84.746, 25.015], [84.6974, 25.0469], [84.8798, 25.0678], [84.9311, 24.9813], [85.1928, 25.0547], [85.1973, 25.0537]]]}}, {"type": "Feature", "properties": {"name": "Gopalganj", "state": "Bihar"}, "geometry": {"type": "Polygon", "coordinates": [[[84.4074, 26.6381], [84.4067, 26.5853], [84.4503, 26.6335], [84.5801, 26.441], [84.6916, 26.4381], [84.8939, 26.2176], [84.7466, 26.2144], [84.6479, 26.3058], [84.5478, 26.2994], [84.4273, 26.3764], [84.3566, 26.3699], [84.3572, 26.3017], [84.2704, 26.3083], [84.011, 26.4485], [83.9023, 26.4503], [83.9022, 26.5181], [84.0478, 26.5435], [84.0818, 26.6429], [84.2722, 26.5994], [84.4144, 26.6272], [84.4074, 26.6381]]]}}, {"type": "Feature", "properties": {"name": "Jamui", "state": "Bihar"}, "geometry": {"type": "Polygon", "coordinates": [[[85.8807, 25.0023], [86.1259, 25.0013], [86.1394, 25.049], [86.2291, 24.99], [86.2355, 25.0556], [86.4122, 25.1374], [86.3779, 25.0587], [86.4993, 24.9848], [86.4815, 24.9073], [86.5293, 24.8629], [86.4894, 24.7581], [86.5398, 24.7715], [86.6093, 24.6074], [86.5057, 24.5177], [86.4618, 24.3767], [86.4156, 24.3792], [86.2791, 24.462], [86.3229, 24.5841], [86.1333, 24.6035], [86.1244, 24.7052], [86.0368, 24.7438], [86.0246, 24.8211], [85.8912, 24.8682], [85.8678, 24.9341], [85.8212, 24.9178], [85.857, 24.9459], [85.8306, 24.9855], [85.8772, 24.9954], [85.8807, 25.0023]]]}}, {"type": "Feature", "properties": {"name": "Jehanabad", "state": "Bihar"}, "geometry": {"type": "Polygon", "coordinates": [[[84.8987, 25.2904], [84.998, 25.3215], [85.0176, 25.2675], [85.1142, 25.2732], [85.1246, 25.3167], [85.1737, 25.3096], [85.212, 25.2629], [85.1581, 25.2366], [85.1611, 25.1026], [85.2078, 25.0607], [84.9311, 24.9813], [84.8798, 25.0678], [84.748, 25.0538], [84.6494, 25.1067], [84.5852, 25.0743], [84.5624, 25.1198], [84.4701, 25.0915], [84.4402, 25.1296], [84.475, 25.1812], [84.6808, 25.3094], [84.717, 25.2943], [84.6824, 25.2567], [84.7804, 25.2539], [84.7213, 25.2026], [84.8595, 25.217], [84.8957, 25.2847], [84.8987, 25.2904]]]}}, {"type": "Feature", "properties": {"name": "Katihar", "state": "Bihar"}, "geometry": {"type": "Polygon", "coordinates": [[[88.0322, 25.6965], [88.021, 25.5869], [88.0704, 25.4805], [87.926, 25.5362], [87.7598, 25.4101], [87.855, 25.2895], [87.8366, 25.1993], [87.6842, 25.3101], [87.4404, 25.3614], [87.3623, 25.4227], [87.2608, 25.3511], [87.2158, 25.3899], [87.2549, 25.7169], [87.5678, 25.6561], [87.5537, 25.6859], [87.6789, 25.6982], [87.7061, 25.7622], [87.7853, 25.7474], [87.8183, 25.8815], [87.9109, 25.8517], [87.8985, 25.7698], [88.0302, 25.6988], [88.0322, 25.6965]]]}}, {"type": "Feature", "properties": {"name": "Khagaria", "state": "Bihar"}, "geometry": {"type": "Polygon", "coordinates": [[[86.4099, 25.7286], [86.5052, 25.6113], [86.5901, 25.596], [86.7151, 25.6643], [86.8344, 25.6186], [86.8047, 25.4709], [86.8535, 25.3674], [86.7247, 25.2538], [86.6455, 25.2723], [86.6358, 25.3977], [86.5664, 25.4939], [86.4985, 25.424], [86.419, 25.5003], [86.3244, 25.4913], [86.2768, 25.546], [86.2847, 25.6537], [86.4072, 25.7217], [86.4099, 25.7286]]]}}, {"type": "Feature", "properties": {"name": "Kishanganj", "state": "Bihar"}, "geometry": {"type": "MultiPolygon", "coordinates": [[[[88.1055, 26.539], [88.105, 26.5358], [88.1062, 26.536], [88.1055, 26.539]]], [[[88.2312, 26.552], [88.179, 26.4906], [88.2919, 26.3539], [88.0698, 26.1757], [87.9641, 26.152], [87.9681, 26.0814], [87.8421, 26.0445], [87.8235, 25.9314], [87.8594, 26.1135], [87.671, 26.1109], [87.6894, 26.1976], [87.5987, 26.3512], [87.6802, 26.4351], [87.7563, 26.4079], [87.789, 26.4677], [87.8512, 26.4362], [87.8906, 26.4864], [88.0326, 26.3646], [88.0974, 26.4374], [88.1061, 26.5356], [88.1454, 26.511], [88.2218, 26.5532], [88.2312, 26.552]]]]}}, {"type": "Feature", "properties": {"name": "Lakhisarai", "state": "Bihar"}, "geometry": {"type": "Polygon", "coordinates": [[[86.0573, 25.3343], [86.1928, 25.2499], [86.3445, 25.3087], [86.4251, 25.2046], [86.4153, 25.1393], [86.2355, 25.0556], [86.2291, 24.99], [86.1394, 25.049], [86.1259, 25.0013], [85.8807, 25.0023], [85.9585, 25.1664], [85.8995, 25.2985], [86.022, 25.2933], [86.0538, 25.3337], [86.0573, 25.3343]]]}}, {"type": "Feature", "properties": {"name": "Madhepura", "state": "Bihar"}, "geometry": {"type": "Polygon", "coordinates": [[[86.7638, 26.0943], [87.1091, 26.0484], [87.0748, 25.9606], [86.9839, 25.9418], [87.034, 25.8448], [87.0038, 25.7443], [87.0501, 25.5275], [87.096, 25.5143], [87.067, 25.4693], [86.9195, 25.4938], [86.8177, 25.4438], [86.8475, 25.5779], [86.7978, 25.6525], [86.8571, 25.6761], [86.8637, 25.8185], [86.8344, 25.8722], [86.706, 25.867], [86.6015, 25.99], [86.7254, 26.1197], [86.762, 26.0994], [86.7638, 26.0943]]]}}, {"type": "Feature", "properties": {"name": "Madhubani", "state": "Bihar"}, "geometry": {"type": "Polygon", "coordinates": [[[86.072, 26.6568], [86.2196, 26.5881], [86.3466, 26.6159], [86.7172, 26.4319], [86.6866, 26.3733], [86.5177, 26.3073], [86.5008, 26.226], [86.3909, 26.21], [86.4056, 26.1663], [86.5208, 26.1511], [86.3699, 26.0448], [86.2335, 26.2327], [86.0179, 26.2001], [85.9802, 26.326], [85.8276, 26.2835], [85.8258, 26.3919], [85.7497, 26.4065], [85.7443, 26.4722], [85.8062, 26.4718], [85.7522, 26.4991], [85.8191, 26.5383], [85.8105, 26.6044], [85.8609, 26.5686], [85.9625, 26.6511], [86.065, 26.6581], [86.072, 26.6568]]]}}, {"type": "Feature", "properties": {"name": "Munger", "state": "Bihar"}, "geometry": {"type": "Polygon", "coordinates": [[[86.5026, 25.4285], [86.5664, 25.4939], [86.6358, 25.3977], [86.6455, 25.2723], [86.7247, 25.2538], [86.6326, 25.2379], [86.729, 25.184], [86.6191, 24.9619], [86.5393, 24.9504], [86.3779, 25.0587], [86.4251, 25.2046], [86.3445, 25.3087], [86.299, 25.3032], [86.5038, 25.4238], [86.5026, 25.4285]]]}}, {"type": "Feature", "properties": {"name": "Muzaffarpur", "state": "Bihar"}, "geometry": {"type": "Polygon", "coordinates": [[[85.5721, 26.395], [85.7084, 26.2922], [85.692, 26.2272], [85.7463, 26.1453], [85.6169, 26.0028], [85.6256, 25.9236], [85.2853, 25.9429], [85.262, 26.0145], [85.0713, 25.9699], [84.9597, 25.9956], [84.8681, 26.257], [84.8965, 26.3232], [85.0526, 26.3439], [85.2541, 26.2994], [85.218, 26.3716], [85.3539, 26.3485], [85.432, 26.2719], [85.4986, 26.3824], [85.5624, 26.3906], [85.5721, 26.395]]]}}, {"type": "Feature", "properties": {"name": "Nalanda", "state": "Bihar"}, "geometry": {"type": "Polygon", "coordinates": [[[85.4219, 25.4558], [85.5711, 25.4251], [85.6363, 25.3164], [85.7141, 25.3648], [85.8036, 25.292], [85.8983, 25.2939], [85.9184, 25.2441], [85.7801, 25.2179], [85.7847, 25.2513], [85.6947, 25.27], [85.7212, 25.1977], [85.6804, 25.1358], [85.5993, 25.1293], [85.6541, 25.0665], [85.5521, 25.0339], [85.559, 24.9869], [85.5298, 25.0136], [85.3892, 24.9663], [85.3558, 25.0191], [85.1948, 25.0342], [85.2018, 25.1], [85.1611, 25.1026], [85.1581, 25.2366], [85.212, 25.2629], [85.1697, 25.2727], [85.1809, 25.403], [85.3562, 25.4009], [85.4125, 25.4608], [85.4219, 25.4558]]]}}, {"type": "Feature", "properties": {"name": "Nawada", "state": "Bihar"}, "geometry": {"type": "Polygon", "coordinates": [[[85.6337, 25.0993], [85.7659, 25.0973], [85.7475, 24.9943], [85.829, 24.9942], [85.857, 24.9459], [85.8212, 24.9178], [85.8774, 24.929], [85.8912, 24.8682], [85.9715, 24.8639], [86.0506, 24.7795], [85.9503, 24.7321], [85.8778, 24.8003], [85.7367, 24.8227], [85.6495, 24.687], [85.6647, 24.5819], [85.5766, 24.603], [85.5183, 24.5245], [85.3113, 24.5621], [85.2888, 24.6723], [85.3255, 24.7124], [85.263, 24.7505], [85.3305, 24.8829], [85.4002, 24.9738], [85.559, 24.9869], [85.5521, 25.0339], [85.6434, 25.0852], [85.6337, 25.0993]]]}}, {"type": "Feature", "properties": {"name": "Pashchim Champaran", "state": "Bihar"}, "geometry": {"type": "Polygon", "coordinates": [[[84.1197, 27.5135], [84.2562, 27.4519], [84.2959, 27.3842], [84.622, 27.3382], [84.6917, 27.2223], [84.6449, 27.0472], [84.7545, 27.0047], [84.6718, 26.9169], [84.7364, 26.8195], [84.7152, 26.7449], [84.5418, 26.6584], [84.5183, 26.6033], [84.4503, 26.6335], [84.4067, 26.5853], [84.4022, 26.6712], [84.3257, 26.6843], [84.298, 26.7533], [84.234, 26.7395], [84.2456, 26.8587], [84.1573, 26.8364], [84.1408, 26.8876], [84.052, 26.8917], [84.0408, 27.0447], [83.9908, 27.0686], [84.0207, 27.0955], [83.9394, 27.093], [83.9851, 27.1818], [83.898, 27.2594], [83.9236, 27.3164], [83.829, 27.3228], [83.9055, 27.3762], [83.8702, 27.4285], [84.0294, 27.4336], [84.1197, 27.5135], [84.1197, 27.5135]]]}}, {"type": "Feature", "properties": {"name": "Patna", "state": "Bihar"}, "geometry": {"type": "Polygon", "coordinates": [[[84.9991, 25.7328], [85.3115, 25.5139], [85.6318, 25.464], [85.6342, 25.5026], [85.6751, 25.4797], [85.7975, 25.5475], [85.8787, 25.5024], [85.8803, 25.4234], [86.0119, 25.3584], [86.0447, 25.3911], [86.022, 25.2933], [85.9359, 25.3241], [85.8036, 25.292], [85.709, 25.3652], [85.6464, 25.3129], [85.5711, 25.4251], [85.3986, 25.4617], [85.3562, 25.4009], [85.1809, 25.403], [85.1737, 25.3096], [85.1246, 25.3167], [85.1142, 25.2732], [85.0176, 25.2675], [84.9859, 25.3214], [84.9296, 25.2689], [84.8987, 25.2904], [84.8595, 25.217], [84.7213, 25.2026], [84.7804, 25.2539], [84.6793, 25.2666], [84.8172, 25.6718], [84.9958, 25.7322], [84.9991, 25.7328]]]}}, {"type": "Feature", "properties": {"name": "Purba Champaran", "state": "Bihar"}, "geometry": {"type": "Polygon", "coordinates": [[[84.8319, 27.0193], [85.0624, 26.8867], [85.0244, 26.8554], [85.1977, 26.8666], [85.1817, 26.7981], [85.2591, 26.7589], [85.2307, 26.6691], [85.2696, 26.63], [85.1728, 26.4901], [85.2894, 26.3587], [85.218, 26.3716], [85.2671, 26.3365], [85.196, 26.2865], [85.1717, 26.3423], [84.8965, 26.3232], [84.8631, 26.2568], [84.6525, 26.4648], [84.5801, 26.441], [84.4781, 26.5963], [84.6946, 26.7183], [84.7364, 26.8195], [84.6718, 26.9169], [84.8248, 27.021], [84.8319, 27.0193]]]}}, {"type": "Feature", "properties": {"name": "Purnia", "state": "Bihar"}, "geometry": {"type": "Polygon", "coordinates": [[[87.671, 26.1109], [87.8594, 26.1135], [87.789, 25.8424], [87.8223, 25.7864], [87.7741, 25.7435], [87.7061, 25.7622], [87.6585, 25.6849], [87.5498, 25.6844], [87.5678, 25.6561], [87.2549, 25.7169], [87.2647, 25.5651], [87.1833, 25.4398], [87.0809, 25.448], [87.0955, 25.5196], [87.0501, 25.5275], [87.0038, 25.7443], [87.0268, 25.8895], [86.9839, 25.9418], [87.5109, 25.9708], [87.6687, 26.1079], [87.671, 26.1109]]]}}, {"type": "Feature", "properties": {"name": "Rohtas", "state": "Bihar"}, "geometry": {"type": "Polygon", "coordinates": [[[84.2673, 25.361], [84.3284, 25.299], [84.3131, 25.2166], [84.4578, 25.1624], [83.9285, 24.5479], [83.7167, 24.5049], [83.4934, 24.5421], [83.7413, 24.5779], [83.7226, 24.6561], [83.7778, 24.7604], [83.7116, 24.8372], [83.8131, 24.9906], [83.827, 25.245], [83.9022, 25.2976], [84.0276, 25.2687], [84.0379, 25.3756], [84.263, 25.3586], [84.2673, 25.361]]]}}, {"type": "Feature", "properties": {"name": "Saharsa", "state": "Bihar"}, "geometry": {"type": "Polygon", "coordinates": [[[86.4213, 26.0761], [86.4981, 26.0649], [86.5093, 25.9989], [86.6277, 26.0289], [86.6112, 25.944], [86.6833, 25.9371], [86.706, 25.867], [86.8344, 25.8722], [86.8571, 25.6761], [86.7732, 25.6233], [86.7151, 25.6643], [86.5901, 25.596], [86.4886, 25.6205], [86.3984, 25.7351], [86.4073, 25.7968], [86.3037, 25.8673], [86.3996, 25.9313], [86.3659, 26.0369], [86.4165, 26.0667], [86.4213, 26.0761]]]}}, {"type": "Feature", "properties": {"name": "Samastipur", "state": "Bihar"}, "geometry": {"type": "Polygon", "coordinates": [[[85.7071, 26.0913], [85.7218, 26.0377], [85.838, 26.0368], [85.9124, 25.9563], [86.1555, 25.8802], [86.2917, 25.9024], [86.3642, 25.851], [86.4072, 25.7217], [86.2741, 25.6294], [86.1867, 25.663], [86.1062, 25.7768], [86.1295, 25.7364], [86.0082, 25.7199], [86.0124, 25.5917], [85.8641, 25.6662], [85.8358, 25.5768], [85.7652, 25.5874], [85.6751, 25.4797], [85.5323, 25.4895], [85.5268, 25.6024], [85.6219, 25.7701], [85.6169, 26.0028], [85.6995, 26.0869], [85.7071, 26.0913]]]}}, {"type": "Feature", "properties": {"name": "Saran", "state": "Bihar"}, "geometry": {"type": "Polygon", "coordinates": [[[84.8901, 26.2165], [84.9318, 26.0183], [85.0515, 25.9888], [85.1591, 25.834], [85.1944, 25.6378], [85.1337, 25.6275], [85.0227, 25.7328], [84.8003, 25.6861], [84.6229, 25.7071], [84.5912, 25.7282], [84.6306, 25.7283], [84.6202, 25.7941], [84.4507, 25.8902], [84.4075, 26.0344], [84.6994, 26.0843], [84.7547, 26.2127], [84.8656, 26.2199], [84.8901, 26.2165]]]}}, {"type": "Feature", "properties": {"name": "Sheikhpura", "state": "Bihar"}, "geometry": {"type": "Polygon", "coordinates": [[[85.9184, 25.2441], [85.9461, 25.0719], [85.8715, 24.9903], [85.7475, 24.9943], [85.7517, 25.1076], [85.5969, 25.1129], [85.7212, 25.1977], [85.6947, 25.27], [85.7847, 25.2513], [85.7801, 25.2179], [85.9031, 25.2342], [85.9184, 25.2441]]]}}, {"type": "Feature", "properties": {"name": "Sheohar", "state": "Bihar"}, "geometry": {"type": "Polygon", "coordinates": [[[85.2746, 26.3508], [85.2795, 26.3969], [85.1728, 26.4901], [85.2163, 26.5053], [85.2604, 26.6436], [85.351, 26.6362], [85.3687, 26.5382], [85.4435, 26.5396], [85.4685, 26.4909], [85.3693, 26.3267], [85.2741, 26.3475], [85.2746, 26.3508]]]}}, {"type": "Feature", "properties": {"name": "Sitamarhi", "state": "Bihar"}, "geometry": {"type": "MultiPolygon", "coordinates": [[[[85.654, 26.8504], [85.7367, 26.7956], [85.7346, 26.6543], [85.8183, 26.6038], [85.8191, 26.5383], [85.7522, 26.4991], [85.8062, 26.4718], [85.6819, 26.415], [85.7099, 26.3626], [85.6648, 26.3551], [85.7234, 26.345], [85.7164, 26.3095], [85.624, 26.3189], [85.5721, 26.395], [85.4986, 26.3824], [85.4039, 26.2721], [85.3809, 26.3723], [85.4477, 26.4019], [85.4228, 26.4499], [85.4657, 26.4999], [85.3687, 26.5382], [85.351, 26.6362], [85.2307, 26.6691], [85.2486, 26.758], [85.3363, 26.7414], [85.5777, 26.8607], [85.6539, 26.8504], [85.654, 26.8504]]], [[[87.3062, 27.8432], [87.3068, 27.8366], [87.3062, 27.8432], [87.3062, 27.8432]]], [[[87.2629, 27.8507], [87.2525, 27.8429], [87.2512, 27.8431], [87.2629, 27.8507]]], [[[87.2629, 27.8507], [87.2672, 27.8501], [87.2663, 27.8495], [87.2629, 27.8507]]]]}}, {"type": "Feature", "properties": {"name": "Siwan", "state": "Bihar"}, "geometry": {"type": "Polygon", "coordinates": [[[84.7547, 26.2127], [84.6994, 26.0843], [84.4075, 26.0344], [84.4594, 25.9198], [84.4277, 25.8912], [84.3514, 25.9593], [84.1662, 25.9915], [84.0181, 26.1451], [84.0115, 26.2407], [84.1573, 26.2441], [84.1714, 26.374], [84.3483, 26.3004], [84.3566, 26.3699], [84.4273, 26.3764], [84.5478, 26.2994], [84.6479, 26.3058], [84.7466, 26.2144], [84.7547, 26.2127]]]}}, {"type": "Feature", "properties": {"name": "Supaul", "state": "Bihar"}, "geometry": {"type": "Polygon", "coordinates": [[[87.0457, 26.5252], [87.0679, 26.3771], [87.0315, 26.3202], [87.1048, 26.1853], [87.0532, 26.1094], [87.104, 26.0968], [87.086, 26.0554], [86.7323, 26.1204], [86.6724, 26.0263], [86.5449, 26.0354], [86.5093, 25.9989], [86.4981, 26.0649], [86.4195, 26.0778], [86.5198, 26.1582], [86.3913, 26.1766], [86.4299, 26.2293], [86.5008, 26.226], [86.5177, 26.3073], [86.6866, 26.3733], [86.7126, 26.4358], [86.8454, 26.4399], [86.9351, 26.5165], [87.0453, 26.5275], [87.0457, 26.5252]]]}}, {"type": "Feature", "properties": {"name": "Vaishali", "state": "Bihar"}, "geometry": {"type": "Polygon", "coordinates": [[[85.0613, 25.9729], [85.262, 26.0145], [85.2853, 25.9429], [85.6256, 25.9236], [85.6047, 25.7077], [85.4985, 25.4853], [85.3037, 25.5163], [85.187, 25.625], [85.1591, 25.834], [85.0662, 25.9666], [85.0613, 25.9729]]]}}, {"type": "Feature", "properties": {"name": "Chandigarh", "state": "Chandigarh"}, "geometry": {"type": "Polygon", "coordinates": [[[76.8198, 30.6858], [76.7385, 30.6892], [76.6907, 30.7467], [76.7978, 30.7853], [76.8177, 30.6906], [76.8198, 30.6858]]]}}, {"type": "Feature", "properties": {"name": "Bastar", "state": "Chhattisgarh"}, "geometry": {"type": "Polygon", "coordinates": [[[81.6123, 20.1538], [81.8406, 20.1595], [81.8496, 19.9081], [82.0598, 19.7831], [82.0224, 19.5018], [82.0921, 19.5098], [82.1193, 19.4239], [82.1831, 19.4176], [82.1408, 19.3619], [82.1832, 19.3197], [82.1598, 19.1265], [82.2121, 19.0905], [82.2396, 18.9105], [82.1727, 18.8953], [82.1592, 18.7881], [82.0786, 18.7121], [81.9572, 18.6834], [81.9474, 18.6288], [81.6496, 18.6019], [81.6515, 18.6457], [81.754, 18.658], [81.7686, 18.7614], [81.704, 18.8298], [81.6118, 18.8131], [81.5474, 18.9053], [81.4593, 18.9387], [81.4627, 18.9989], [81.5218, 19.0325], [81.4871, 19.1309], [81.4016, 19.1711], [81.3308, 19.1365], [81.1482, 19.2922], [81.134, 19.2508], [80.9624, 19.2208], [80.9567, 19.3054], [80.8363, 19.3319], [80.7879, 19.4267], [80.8856, 19.4565], [80.8791, 19.519], [80.6559, 19.617], [80.7112, 19.776], [80.8149, 19.8111], [80.7717, 19.8341], [80.7152, 19.7927], [80.7145, 19.8275], [80.8462, 19.9457], [81.0361, 19.9385], [81.0025, 19.7856], [81.0808, 19.7223], [81.3656, 19.7409], [81.396, 19.8719], [81.2859, 20.0133], [81.3821, 20.0424], [81.4139, 20.1518], [81.578, 20.1911], [81.6095, 20.1549], [81.6123, 20.1538]]]}}, {"type": "Feature", "properties": {"name": "Bilaspur", "state": "Chhattisgarh"}, "geometry": {"type": "MultiPolygon", "coordinates": [[[[83.0151, 22.2354], [82.9797, 22.2347], [83.0143, 22.2378], [83.0151, 22.2354]]], [[[82.1346, 23.0845], [82.2083, 22.942], [82.1321, 22.8521], [82.1449, 22.7442], [82.1707, 22.6653], [82.2365, 22.6555], [82.228, 22.592], [82.1491, 22.5415], [82.1767, 22.4114], [82.1331, 22.3304], [82.2608, 22.3339], [82.2861, 22.2849], [82.3488, 22.3237], [82.4549, 22.2122], [82.4203, 22.1365], [82.3295, 22.1016], [82.3016, 21.9026], [82.3775, 21.7573], [82.4335, 21.7375], [82.3088, 21.7165], [82.1941, 21.7616], [82.1777, 21.8417], [82.0367, 21.8824], [81.9354, 21.8139], [81.8887, 21.8901], [81.8153, 21.8815], [81.7992, 21.9439], [81.6612, 21.9613], [81.5776, 22.0239], [81.578, 21.9841], [81.512, 21.9911], [81.5463, 22.2562], [81.5151, 22.3138], [81.5566, 22.3444], [81.4817, 22.4185], [81.4918, 22.5173], [81.6158, 22.539], [81.7229, 22.6762], [81.7489, 22.6461], [81.7694, 22.8735], [81.9402, 22.9571], [81.9381, 23.0778], [82.1239, 23.0946], [82.1346, 23.0845]]]]}}, {"type": "Feature", "properties": {"name": "Dantewada", "state": "Chhattisgarh"}, "geometry": {"type": "Polygon", "coordinates": [[[80.6102, 19.3071], [80.7492, 19.2867], [80.8264, 19.348], [80.9525, 19.3098], [80.9624, 19.2208], [81.134, 19.2508], [81.1482, 19.2922], [81.3308, 19.1365], [81.4016, 19.1711], [81.4871, 19.1309], [81.5218, 19.0325], [81.4627, 18.9989], [81.4593, 18.9387], [81.5474, 18.9053], [81.6118, 18.8131], [81.704, 18.8298], [81.7686, 18.7614], [81.754, 18.658], [81.6515, 18.6457], [81.643, 18.605], [81.7804, 18.6], [81.8854, 18.6503], [81.9545, 18.5867], [81.7621, 18.4113], [81.7449, 18.3454], [81.528, 18.2591], [81.4773, 17.97], [81.4373, 17.8759], [81.3938, 17.8851], [81.3841, 17.8035], [81.1596, 17.8526], [81.0324, 17.7897], [80.944, 18.081], [80.9737, 18.1681], [80.862, 18.1327], [80.8296, 18.2341], [80.7979, 18.1663], [80.7346, 18.1717], [80.7883, 18.2498], [80.7265, 18.409], [80.4884, 18.6267], [80.3388, 18.5882], [80.2396, 18.7522], [80.3478, 18.8159], [80.2677, 18.9873], [80.3833, 19.2391], [80.5678, 19.4009], [80.6039, 19.3118], [80.6102, 19.3071]]]}}, {"type": "Feature", "properties": {"name": "Dhamtari", "state": "Chhattisgarh"}, "geometry": {"type": "Polygon", "coordinates": [[[81.6066, 21.0237], [81.7445, 21.0079], [81.8307, 20.9372], [81.8707, 20.9599], [81.9198, 20.7457], [82.0074, 20.6693], [82.0767, 20.3258], [82.1672, 20.2551], [82.1286, 20.1425], [82.01, 20.0448], [81.9414, 20.1023], [81.8762, 20.0444], [81.7701, 20.2289], [81.7902, 20.3259], [81.7298, 20.479], [81.4058, 20.5246], [81.4393, 20.587], [81.5103, 20.5873], [81.4685, 20.5922], [81.507, 20.6101], [81.476, 20.7707], [81.5131, 20.8223], [81.4689, 20.8685], [81.6063, 20.96], [81.602, 21.0169], [81.6066, 21.0237]]]}}, {"type": "Feature", "properties": {"name": "Durg", "state": "Chhattisgarh"}, "geometry": {"type": "Polygon", "coordinates": [[[81.6178, 21.9843], [81.7992, 21.9439], [81.8153, 21.8815], [81.8887, 21.8901], [81.9354, 21.8139], [81.8418, 21.7566], [81.6949, 21.7584], [81.7162, 21.6932], [81.6531, 21.6546], [81.6929, 21.6097], [81.6248, 21.5049], [81.6322, 21.4027], [81.5275, 21.3008], [81.6175, 21.16], [81.571, 21.0928], [81.6169, 20.9872], [81.4689, 20.8685], [81.5131, 20.8223], [81.476, 20.7707], [81.507, 20.6101], [81.4685, 20.5922], [81.5103, 20.5873], [81.3776, 20.5296], [81.3142, 20.5524], [81.1463, 20.375], [80.9933, 20.4563], [80.9389, 20.4384], [80.9817, 20.608], [80.7984, 20.7185], [80.8767, 20.8023], [80.9249, 20.775], [80.9729, 20.8112], [80.9437, 21.0004], [81.0865, 20.9943], [81.1538, 21.0998], [81.1993, 21.1012], [81.1922, 21.2183], [81.1445, 21.212], [81.1917, 21.3333], [81.1514, 21.496], [81.1887, 21.5135], [81.1337, 21.5494], [81.1854, 21.6297], [81.1693, 21.7026], [81.3355, 21.7669], [81.3186, 21.8256], [81.397, 21.8337], [81.4642, 22.0153], [81.614, 21.9878], [81.6178, 21.9843]]]}}, {"type": "Feature", "properties": {"name": "Janjgir-Champa", "state": "Chhattisgarh"}, "geometry": {"type": "Polygon", "coordinates": [[[82.6381, 22.2106], [82.6293, 22.1223], [82.7201, 22.0369], [82.7548, 22.1178], [82.8575, 22.1693], [83.0077, 22.072], [83.0429, 22.0014], [82.998, 21.9635], [83.1949, 21.9153], [83.1769, 21.8428], [83.3137, 21.6877], [83.0208, 21.7349], [82.8593, 21.6863], [82.3775, 21.7573], [82.3016, 21.9026], [82.3295, 22.1016], [82.4203, 22.1365], [82.4893, 22.2456], [82.5381, 22.2067], [82.6073, 22.2553], [82.6376, 22.2138], [82.6381, 22.2106]]]}}, {"type": "Feature", "properties": {"name": "Jashpur", "state": "Chhattisgarh"}, "geometry": {"type": "Polygon", "coordinates": [[[83.8467, 23.2212], [83.9242, 23.1464], [84.0136, 23.1866], [84.1294, 23.0815], [84.148, 22.9639], [84.1899, 23.0237], [84.2171, 22.9765], [84.3705, 22.9751], [84.3896, 22.9237], [84.2254, 22.7352], [84.2206, 22.6689], [84.0051, 22.5696], [83.9761, 22.5022], [84.0416, 22.4641], [84.0042, 22.3677], [83.7975, 22.2895], [83.7339, 22.3764], [83.5782, 22.4538], [83.5825, 22.5389], [83.4868, 22.4916], [83.396, 22.5556], [83.3869, 22.6216], [83.5536, 22.6985], [83.6755, 22.6336], [83.6267, 22.706], [83.6413, 22.8214], [83.5076, 22.942], [83.5439, 23.0295], [83.4949, 23.0666], [83.6187, 23.2159], [83.8377, 23.2237], [83.8467, 23.2212]]]}}, {"type": "Feature", "properties": {"name": "Kanker", "state": "Chhattisgarh"}, "geometry": {"type": "Polygon", "coordinates": [[[81.3232, 20.5531], [81.7298, 20.479], [81.8094, 20.1653], [81.6789, 20.1257], [81.578, 20.1911], [81.4139, 20.1518], [81.3821, 20.0424], [81.2859, 20.0133], [81.396, 19.8719], [81.3734, 19.748], [81.2038, 19.7521], [81.1889, 19.6999], [81.0025, 19.7856], [81.0361, 19.9385], [80.8462, 19.9457], [80.7044, 19.7987], [80.8149, 19.8111], [80.7211, 19.7855], [80.7158, 19.7021], [80.6646, 19.6908], [80.5178, 19.8289], [80.4595, 19.8113], [80.4781, 19.7724], [80.3947, 19.7946], [80.4975, 19.8687], [80.4027, 19.9096], [80.5338, 19.953], [80.5628, 20.1839], [80.65, 20.2222], [80.7079, 20.1853], [80.7234, 20.2645], [80.8155, 20.2944], [80.8058, 20.351], [80.9349, 20.4377], [80.9933, 20.4563], [81.1463, 20.375], [81.3142, 20.5524], [81.3232, 20.5531]]]}}, {"type": "Feature", "properties": {"name": "Kawardha", "state": "Chhattisgarh"}, "geometry": {"type": "Polygon", "coordinates": [[[81.3479, 22.5141], [81.3966, 22.4413], [81.4799, 22.4933], [81.485, 22.4108], [81.5559, 22.3472], [81.5151, 22.3138], [81.5463, 22.2562], [81.5016, 22.016], [81.4642, 22.0153], [81.397, 21.8337], [81.3186, 21.8256], [81.3312, 21.7643], [81.2192, 21.7532], [81.2128, 21.7038], [80.9895, 21.7253], [80.9191, 21.8252], [80.8337, 21.8348], [80.8184, 21.9568], [80.9108, 22.1192], [80.9992, 22.0615], [80.9708, 22.1147], [81.0158, 22.1327], [81.0194, 22.2292], [81.1138, 22.2944], [81.11, 22.4411], [81.3319, 22.5224], [81.3479, 22.5141]]]}}, {"type": "Feature", "properties": {"name": "Korba", "state": "Chhattisgarh"}, "geometry": {"type": "Polygon", "coordinates": [[[82.4383, 22.9675], [82.5655, 22.9697], [82.5659, 22.8305], [82.7157, 22.8295], [83.0067, 22.6395], [83.1171, 22.6592], [83.1037, 22.3632], [83.0287, 22.2435], [83.0457, 22.1972], [82.9288, 22.1193], [82.816, 22.1542], [82.7201, 22.0369], [82.6293, 22.1223], [82.6177, 22.2515], [82.4549, 22.2122], [82.3488, 22.3237], [82.2861, 22.2849], [82.2608, 22.3339], [82.1331, 22.3304], [82.1767, 22.4114], [82.1491, 22.5415], [82.228, 22.592], [82.2365, 22.6555], [82.1691, 22.6673], [82.1321, 22.8521], [82.2081, 22.9428], [82.3649, 22.9971], [82.4295, 22.9711], [82.4383, 22.9675]], [[82.9797, 22.2347], [83.0151, 22.2354], [82.9792, 22.2388], [82.9797, 22.2347]]]}}, {"type": "Feature", "properties": {"name": "Koriya", "state": "Chhattisgarh"}, "geometry": {"type": "Polygon", "coordinates": [[[81.6795, 23.9076], [81.7827, 23.8118], [81.9164, 23.873], [82.078, 23.8171], [82.2039, 23.853], [82.2261, 23.8069], [82.4635, 23.8108], [82.5417, 23.7543], [82.5957, 23.6672], [82.5741, 23.5427], [82.6395, 23.489], [82.6452, 23.3848], [82.7406, 23.3554], [82.7419, 23.2645], [82.5736, 23.1263], [82.6023, 23.0222], [82.5684, 22.965], [82.3649, 22.9971], [82.2156, 22.9409], [82.1159, 23.1038], [82.1859, 23.3254], [82.0985, 23.3977], [81.9761, 23.4131], [81.9138, 23.5338], [81.8272, 23.5113], [81.736, 23.5674], [81.6282, 23.4904], [81.5771, 23.5549], [81.6873, 23.7213], [81.5969, 23.889], [81.6773, 23.9102], [81.6795, 23.9076]]]}}, {"type": "Feature", "properties": {"name": "Mahasamund", "state": "Chhattisgarh"}, "geometry": {"type": "Polygon", "coordinates": [[[82.8898, 21.5266], [82.9928, 21.4548], [83.0412, 21.4767], [83.1413, 21.3604], [83.1764, 21.3965], [83.27, 21.375], [83.2677, 21.2686], [83.2184, 21.2601], [83.1927, 21.1394], [83.134, 21.1052], [82.9561, 21.1755], [82.6359, 21.1495], [82.6223, 21.0366], [82.4535, 20.8212], [81.984, 21.082], [82.0171, 21.2262], [82.2343, 21.431], [82.2716, 21.3908], [82.2388, 21.3105], [82.3794, 21.2591], [82.4685, 21.3227], [82.6918, 21.3272], [82.6827, 21.4788], [82.8812, 21.5376], [82.8898, 21.5266]]]}}, {"type": "Feature", "properties": {"name": "Raigarh", "state": "Chhattisgarh"}, "geometry": {"type": "Polygon", "coordinates": [[[83.218, 22.7846], [83.3907, 22.7356], [83.396, 22.5556], [83.4895, 22.4913], [83.5825, 22.5389], [83.5782, 22.4538], [83.7339, 22.3764], [83.7975, 22.2895], [83.6458, 22.2246], [83.5573, 22.1], [83.6003, 22.0655], [83.5384, 22.0554], [83.5845, 21.8436], [83.4672, 21.7827], [83.4841, 21.7416], [83.4197, 21.675], [83.4845, 21.6256], [83.3807, 21.6128], [83.3346, 21.4956], [83.4027, 21.3484], [83.1764, 21.3965], [83.1413, 21.3604], [83.0412, 21.4767], [82.9607, 21.4681], [82.9193, 21.5403], [82.9766, 21.6333], [82.944, 21.7195], [83.3124, 21.6779], [83.1769, 21.8428], [83.2106, 21.9005], [83.0863, 21.9706], [82.998, 21.9635], [83.0429, 22.0014], [83.0007, 22.0262], [83.0259, 22.0526], [82.9325, 22.1269], [83.0457, 22.1972], [83.0287, 22.2435], [83.1037, 22.3632], [83.1129, 22.7221], [83.2158, 22.786], [83.218, 22.7846]]]}}, {"type": "Feature", "properties": {"name": "Raipur", "state": "Chhattisgarh"}, "geometry": {"type": "Polygon", "coordinates": [[[82.0947, 21.855], [82.1777, 21.8417], [82.1941, 21.7616], [82.3251, 21.7106], [82.4382, 21.7412], [82.8593, 21.6863], [82.944, 21.7195], [82.9772, 21.6393], [82.9209, 21.4877], [82.8687, 21.5479], [82.6827, 21.4788], [82.6918, 21.3272], [82.2788, 21.2682], [82.2343, 21.431], [82.0123, 21.217], [81.9884, 21.077], [82.1526, 21.0147], [82.192, 20.9379], [82.3412, 20.8681], [82.3682, 20.6241], [82.324, 20.5539], [82.4292, 20.4258], [82.3958, 20.049], [82.7109, 19.9833], [82.7027, 19.831], [82.5951, 19.7731], [82.5974, 19.8605], [82.4942, 19.8974], [82.4139, 19.8965], [82.3394, 19.83], [82.2306, 19.9981], [82.1785, 19.9781], [82.0579, 20.0499], [82.0148, 20.0195], [82.1672, 20.2551], [82.0767, 20.3258], [82.0074, 20.6693], [81.9198, 20.7457], [81.8707, 20.9599], [81.8307, 20.9372], [81.7445, 21.0079], [81.6524, 20.9963], [81.5822, 21.0422], [81.6175, 21.16], [81.5275, 21.3008], [81.6322, 21.4027], [81.6248, 21.5049], [81.6929, 21.6097], [81.6531, 21.6546], [81.7162, 21.6932], [81.6949, 21.7584], [81.8475, 21.7587], [82.0311, 21.8826], [82.0883, 21.8574], [82.0947, 21.855]]]}}, {"type": "Feature", "properties": {"name": "Raj Nandgaon", "state": "Chhattisgarh"}, "geometry": {"type": "Polygon", "coordinates": [[[80.8663, 21.8247], [80.9191, 21.8252], [80.9895, 21.7253], [81.1693, 21.7026], [81.1854, 21.6297], [81.1337, 21.5494], [81.1887, 21.5135], [81.1514, 21.496], [81.1917, 21.3333], [81.1445, 21.212], [81.1922, 21.2183], [81.2, 21.1038], [81.0865, 20.9943], [80.9437, 21.0004], [80.9729, 20.8112], [80.9249, 20.775], [80.8767, 20.8023], [80.7984, 20.7185], [80.9817, 20.608], [80.9372, 20.506], [80.9649, 20.4698], [80.8058, 20.351], [80.8155, 20.2944], [80.7234, 20.2645], [80.7079, 20.1853], [80.65, 20.2222], [80.5628, 20.1839], [80.5404, 20.1098], [80.427, 20.1302], [80.383, 20.2417], [80.6167, 20.3257], [80.586, 20.3956], [80.6223, 20.6039], [80.4816, 20.6171], [80.5801, 20.6836], [80.5418, 20.9339], [80.4591, 20.9282], [80.4238, 21.0096], [80.4387, 21.1214], [80.673, 21.2983], [80.7302, 21.4721], [80.7185, 21.7119], [80.743, 21.758], [80.8112, 21.7475], [80.8599, 21.8265], [80.8663, 21.8247]]]}}, {"type": "Feature", "properties": {"name": "Surguja", "state": "Chhattisgarh"}, "geometry": {"type": "Polygon", "coordinates": [[[83.3276, 24.0996], [83.5067, 24.0282], [83.5612, 23.863], [83.6954, 23.8207], [83.7749, 23.5995], [83.9353, 23.563], [83.9379, 23.6224], [84.007, 23.6323], [83.9658, 23.3812], [84.0703, 23.33], [84.0583, 23.2036], [83.9242, 23.1464], [83.7839, 23.2445], [83.5479, 23.1733], [83.4949, 23.0666], [83.5439, 23.0295], [83.5024, 22.9551], [83.6413, 22.8214], [83.6671, 22.6246], [83.5536, 22.6985], [83.4043, 22.6383], [83.3907, 22.7356], [83.215, 22.7898], [83.0067, 22.6395], [82.7157, 22.8295], [82.5529, 22.8439], [82.6023, 23.0222], [82.5736, 23.1263], [82.7369, 23.253], [82.7507, 23.3312], [82.6452, 23.3848], [82.6395, 23.489], [82.5741, 23.5427], [82.5903, 23.687], [82.4918, 23.7857], [82.7987, 23.9622], [82.9495, 23.873], [83.1274, 23.89], [83.3236, 24.1013], [83.3276, 24.0996]]]}}, {"type": "Feature", "properties": {"name": "Dadra and Nagar Haveli", "state": "Dadra and Nagar Haveli"}, "geometry": {"type": "Polygon", "coordinates": [[[72.9905, 20.2921], [73.1074, 20.3607], [73.1129, 20.3049], [73.1795, 20.2899], [73.0769, 20.2298], [73.0724, 20.1635], [73.128, 20.1571], [73.1458, 20.207], [73.2292, 20.1843], [73.1859, 20.0529], [73.0606, 20.0991], [73.0528, 20.0677], [73.0175, 20.135], [72.9732, 20.1308], [72.9745, 20.2258], [72.9238, 20.2682], [72.9895, 20.2775], [72.9905, 20.2921]]]}}, {"type": "Feature", "properties": {"name": "Daman", "state": "Daman and Diu"}, "geometry": {"type": "Polygon", "coordinates": [[[72.8215, 20.3711], [72.8601, 20.471], [72.8371, 20.4223], [72.8755, 20.3811], [72.8451, 20.4071], [72.8313, 20.3687], [72.8215, 20.3711]]]}}, {"type": "Feature", "properties": {"name": "Junagadh", "state": "Daman and Diu"}, "geometry": {"type": "MultiPolygon", "coordinates": [[[[70.8885, 20.7098], [70.8885, 20.709], [70.8876, 20.709], [70.8885, 20.7098]]], [[[70.9485, 20.7337], [70.9943, 20.7107], [70.8993, 20.6987], [70.9389, 20.7365], [70.9485, 20.7337]]], [[[70.768, 20.962], [70.887, 20.9452], [70.9002, 20.8857], [70.817, 20.8512], [70.8962, 20.8248], [70.8436, 20.7604], [70.874, 20.7049], [70.7035, 20.7379], [70.679, 20.844], [70.7338, 20.9884], [70.7623, 20.9656], [70.768, 20.962]]]]}}, {"type": "Feature", "properties": {"name": "Delhi", "state": "Delhi"}, "geometry": {"type": "Polygon", "coordinates": [[[77.2173, 28.8353], [77.1969, 28.7953], [77.3235, 28.7159], [77.3375, 28.6175], [77.2936, 28.5797], [77.3377, 28.509], [77.2427, 28.4846], [77.2406, 28.4289], [77.1658, 28.4085], [77.0725, 28.5203], [76.8794, 28.5091], [76.8376, 28.557], [76.8779, 28.6376], [76.9339, 28.6376], [76.9423, 28.8207], [77.0759, 28.8845], [77.2106, 28.8453], [77.2173, 28.8353]]]}}, {"type": "Feature", "properties": {"name": "North Goa", "state": "Goa"}, "geometry": {"type": "Polygon", "coordinates": [[[73.8799, 15.7792], [73.9454, 15.7415], [74.0024, 15.6091], [74.245, 15.6656], [74.2873, 15.526], [74.08, 15.4091], [74.11, 15.2687], [74.022, 15.3017], [73.9442, 15.4339], [73.7879, 15.4613], [73.6793, 15.7224], [73.7932, 15.7237], [73.8751, 15.7829], [73.8799, 15.7792]]]}}, {"type": "Feature", "properties": {"name": "South Goa", "state": "Goa"}, "geometry": {"type": "MultiPolygon", "coordinates": [[[[73.7818, 15.3557], [73.7818, 15.3554], [73.7824, 15.3554], [73.7818, 15.3557]]], [[[73.7965, 15.379], [73.7965, 15.3788], [73.7974, 15.3788], [73.7965, 15.379]]], [[[73.8643, 15.4085], [73.8643, 15.4082], [73.8654, 15.4082], [73.8643, 15.4085]]], [[[73.8901, 15.4257], [73.8896, 15.4257], [73.8896, 15.4261], [73.8901, 15.4257]]], [[[73.8901, 15.4257], [73.9442, 15.4339], [74.022, 15.3017], [74.11, 15.2687], [74.08, 15.4091], [74.2563, 15.4895], [74.3417, 15.2929], [74.2575, 15.2576], [74.3219, 15.1841], [74.2701, 14.9666], [74.0882, 14.8982], [74.0421, 14.9204], [74.0501, 14.9882], [73.9118, 15.084], [73.9485, 15.146], [73.8829, 15.3571], [73.7829, 15.4087], [73.8901, 15.4251], [73.8901, 15.4257]]]]}}, {"type": "Feature", "properties": {"name": "Ahmadabad", "state": "Gujarat"}, "geometry": {"type": "Polygon", "coordinates": [[[72.0434, 23.503], [72.0619, 23.4414], [72.1961, 23.4108], [72.2704, 23.4585], [72.3064, 23.4118], [72.1872, 23.2723], [72.1722, 23.1016], [72.2473, 23.1155], [72.3026, 23.0387], [72.3447, 23.1059], [72.4545, 23.0434], [72.5478, 23.1634], [72.6075, 23.0883], [72.7837, 23.0852], [72.8504, 22.965], [72.7989, 22.9075], [72.6165, 22.8845], [72.6178, 22.8139], [72.5321, 22.7966], [72.5456, 22.6248], [72.4353, 22.5707], [72.4497, 22.5033], [72.3517, 22.3841], [72.4043, 22.3515], [72.2655, 22.2085], [72.2809, 22.1445], [72.2168, 22.0121], [72.2039, 22.0905], [72.184, 22.0405], [72.1354, 22.0965], [72.1781, 22.0139], [72.0435, 22.1216], [71.863, 22.0929], [71.6365, 22.2078], [71.6555, 22.3963], [71.7464, 22.3578], [71.839, 22.3904], [71.8438, 22.3532], [71.9022, 22.4164], [71.9387, 22.376], [71.9454, 22.5352], [72.0952, 22.4353], [72.1971, 22.54], [72.0757, 22.5919], [72.0373, 22.6771], [72.1001, 22.6736], [72.1165, 22.7186], [71.9938, 22.8532], [72.0256, 23.054], [71.9597, 23.0372], [71.9109, 23.1079], [71.92, 23.1783], [72.0085, 23.2471], [71.9377, 23.267], [71.8847, 23.2248], [71.8841, 23.3808], [71.9686, 23.3909], [71.9786, 23.4644], [72.0413, 23.5059], [72.0434, 23.503]]]}}, {"type": "Feature", "properties": {"name": "Amreli", "state": "Gujarat"}, "geometry": {"type": "MultiPolygon", "coordinates": [[[[71.251, 20.8137], [71.2508, 20.8137], [71.251, 20.8139], [71.251, 20.8137]]], [[[71.3885, 20.8671], [71.3885, 20.8665], [71.3882, 20.8665], [71.3885, 20.8671]]], [[[71.5163, 20.9143], [71.5163, 20.914], [71.5165, 20.914], [71.5163, 20.9143]]], [[[71.649, 20.9779], [71.649, 20.9774], [71.6493, 20.9774], [71.649, 20.9779]]], [[[71.6865, 20.9965], [71.6865, 20.9962], [71.6868, 20.9962], [71.6865, 20.9965]]], [[[71.3646, 21.9785], [71.4595, 21.9453], [71.4725, 21.8903], [71.4323, 21.8736], [71.4832, 21.7952], [71.6139, 21.7182], [71.635, 21.6261], [71.572, 21.621], [71.4933, 21.4799], [71.6266, 21.4347], [71.6378, 21.3255], [71.6618, 21.3855], [71.7101, 21.3816], [71.6933, 21.3296], [71.5477, 21.2836], [71.5356, 21.2157], [71.689, 21.0079], [71.2511, 20.814], [71.1986, 20.8845], [71.2414, 20.953], [71.1445, 20.9594], [71.1435, 21.0723], [71.0183, 21.1653], [70.8733, 21.162], [70.8227, 21.2263], [70.8225, 21.3227], [70.8844, 21.3099], [70.8877, 21.3692], [70.9659, 21.392], [70.9415, 21.457], [70.8501, 21.4509], [70.8255, 21.4898], [70.9104, 21.5372], [70.8113, 21.6597], [70.8252, 21.705], [70.7872, 21.703], [70.9169, 21.7611], [71.0446, 21.733], [71.0636, 21.8183], [71.1251, 21.8486], [71.0475, 21.8668], [71.2128, 21.964], [71.1998, 22.0053], [71.3085, 21.9559], [71.322, 22.038], [71.359, 21.9809], [71.3646, 21.9785]]]]}}, {"type": "Feature", "properties": {"name": "Anand", "state": "Gujarat"}, "geometry": {"type": "MultiPolygon", "coordinates": [[[[72.4726, 22.2082], [72.4726, 22.2079], [72.4732, 22.2079], [72.4726, 22.2082]]], [[[72.3843, 22.2157], [72.3843, 22.2154], [72.3854, 22.2154], [72.3843, 22.2157]]], [[[72.411, 22.2993], [72.3999, 22.1993], [72.3985, 22.2993], [72.411, 22.2993]]], [[[73.0631, 22.728], [73.141, 22.7201], [73.2367, 22.6344], [73.0994, 22.507], [73.0703, 22.3136], [73.008, 22.2582], [72.9334, 22.3045], [72.8946, 22.2457], [72.8438, 22.2824], [72.756, 22.231], [72.6354, 22.2846], [72.5413, 22.2432], [72.5426, 22.281], [72.486, 22.1974], [72.4929, 22.2482], [72.3517, 22.3841], [72.4497, 22.5033], [72.4353, 22.5707], [72.5172, 22.6139], [72.5869, 22.5013], [72.6646, 22.4992], [72.698, 22.625], [72.7933, 22.6406], [72.9213, 22.5898], [73.0606, 22.7364], [73.0631, 22.728]]]]}}, {"type": "Feature", "properties": {"name": "Banas Kantha", "state": "Gujarat"}, "geometry": {"type": "Polygon", "coordinates": [[[72.1019, 24.6433], [72.3538, 24.6181], [72.251, 24.5802], [72.4425, 24.5042], [72.4647, 24.4071], [72.5077, 24.4099], [72.5446, 24.5069], [72.6973, 24.4572], [72.7325, 24.3613], [72.9654, 24.3511], [73.0322, 24.2675], [72.9083, 24.022], [72.7238, 24.0881], [72.6466, 24.0663], [72.6509, 23.9887], [72.5853, 23.9336], [72.4848, 23.929], [72.2377, 24.0634], [72.2337, 24.128], [72.1941, 24.1018], [72.1415, 24.1392], [72.1077, 24.1107], [72.161, 24.1123], [72.1458, 24.0417], [72.0737, 24.0183], [72.0384, 24.0526], [72.0549, 23.9955], [72.009, 23.9647], [71.9353, 24.0068], [71.9806, 23.8895], [71.861, 23.844], [71.7741, 23.8257], [71.6969, 23.9624], [71.5012, 23.9664], [71.4921, 24.0194], [71.4239, 23.9219], [71.2966, 23.9936], [71.3538, 24.1058], [71.2863, 24.1568], [71.3813, 24.1852], [71.2993, 24.2556], [71.4042, 24.3445], [71.3396, 24.3904], [71.3582, 24.5128], [71.2688, 24.5068], [71.3204, 24.5536], [71.3216, 24.6403], [71.799, 24.6705], [71.8584, 24.6042], [71.8765, 24.6752], [71.9442, 24.6268], [72.0525, 24.7058], [72.0909, 24.6487], [72.1019, 24.6433]]]}}, {"type": "Feature", "properties": {"name": "Bharuch", "state": "Gujarat"}, "geometry": {"type": "MultiPolygon", "coordinates": [[[[72.676, 21.4468], [72.676, 21.446], [72.6762, 21.446], [72.676, 21.4468]]], [[[72.5846, 21.629], [72.5846, 21.6271], [72.5843, 21.6271], [72.5846, 21.629]]], [[[72.6093, 21.6287], [72.6093, 21.6279], [72.609, 21.6279], [72.6093, 21.6287]]], [[[72.6118, 21.6321], [72.6118, 21.6315], [72.6115, 21.6315], [72.6118, 21.6321]]], [[[72.6171, 21.6385], [72.6171, 21.6376], [72.6168, 21.6376], [72.6171, 21.6385]]], [[[72.5957, 21.639], [72.5957, 21.6388], [72.596, 21.6388], [72.5957, 21.639]]], [[[72.6196, 21.6396], [72.6196, 21.6393], [72.6201, 21.6393], [72.6196, 21.6396]]], [[[72.6024, 21.641], [72.6024, 21.6407], [72.6026, 21.6407], [72.6024, 21.641]]], [[[72.7226, 21.666], [72.7226, 21.6657], [72.7237, 21.6657], [72.7226, 21.666]]], [[[72.8174, 22.2479], [72.9367, 22.1815], [72.8744, 22.1502], [72.9209, 22.0446], [73.0836, 22.0012], [73.0082, 21.9125], [73.0991, 21.9287], [73.0712, 21.8809], [73.218, 21.8202], [73.2749, 21.9303], [73.4015, 21.7183], [73.5112, 21.6784], [73.4583, 21.5233], [73.1294, 21.482], [73.0641, 21.5647], [73.0554, 21.4763], [72.9982, 21.5367], [72.9192, 21.4295], [72.8235, 21.4193], [72.7487, 21.4695], [72.6451, 21.4338], [72.6746, 21.5213], [72.7424, 21.5501], [72.6257, 21.4924], [72.6282, 21.6168], [72.8351, 21.6679], [72.5393, 21.6629], [72.5074, 21.7013], [72.5699, 21.8243], [72.5021, 21.9415], [72.5746, 22.1938], [72.6474, 22.2171], [72.754, 22.1732], [72.8171, 22.2479], [72.8174, 22.2479]]]]}}, {"type": "Feature", "properties": {"name": "Bhavnagar", "state": "Gujarat"}, "geometry": {"type": "MultiPolygon", "coordinates": [[[[71.7038, 20.9996], [71.7038, 20.9993], [71.704, 20.9993], [71.7038, 20.9996]]], [[[71.7104, 20.9996], [71.7104, 20.9993], [71.7115, 20.9993], [71.7104, 20.9996]]], [[[72.1029, 21.2743], [72.1029, 21.274], [72.1035, 21.274], [72.1029, 21.2743]]], [[[72.3532, 21.6135], [72.3587, 21.5799], [72.353, 21.6135], [72.3532, 21.6135]]], [[[72.2743, 21.7496], [72.2876, 21.7074], [72.2738, 21.7496], [72.2743, 21.7496]]], [[[72.3549, 21.9432], [72.3549, 21.9429], [72.3551, 21.9429], [72.3549, 21.9432]]], [[[72.214, 22.0054], [72.214, 22.0049], [72.2138, 22.0049], [72.214, 22.0054]]], [[[72.3707, 22.2351], [72.3765, 22.2038], [72.3696, 22.2351], [72.3707, 22.2351]]], [[[72.3724, 22.3185], [72.3915, 22.1679], [72.3576, 22.1929], [72.3412, 22.1246], [72.2943, 22.2024], [72.3238, 22.1301], [72.276, 21.9299], [72.2415, 22.0496], [72.3018, 22.1068], [72.2057, 22.0258], [72.2809, 22.1445], [72.2655, 22.2085], [72.3726, 22.3185], [72.3724, 22.3185]]], [[[71.6244, 22.3177], [71.641, 22.2023], [71.863, 22.0929], [72.0435, 22.1216], [72.1781, 22.0139], [72.1354, 22.0965], [72.184, 22.0405], [72.2044, 22.09], [72.2165, 22.0118], [72.1724, 22.0407], [72.231, 22.0076], [72.2215, 21.9571], [72.1471, 21.9549], [72.2532, 21.8974], [72.266, 21.7418], [72.1829, 21.8237], [72.306, 21.6318], [72.2232, 21.4387], [72.109, 21.2829], [72.076, 21.3021], [72.1137, 21.1965], [72.0082, 21.1326], [72.0107, 21.186], [71.9768, 21.121], [71.7607, 21.0201], [71.6261, 21.0518], [71.6402, 21.1046], [71.5338, 21.1717], [71.5444, 21.2727], [71.6933, 21.3296], [71.7101, 21.3816], [71.6618, 21.3855], [71.6378, 21.3255], [71.6266, 21.4347], [71.4952, 21.4721], [71.572, 21.621], [71.6358, 21.6325], [71.6111, 21.723], [71.4832, 21.7952], [71.4312, 21.8817], [71.4759, 21.9265], [71.4055, 21.971], [71.5197, 22.0517], [71.4926, 22.1808], [71.4411, 22.2048], [71.4531, 22.2853], [71.5429, 22.3398], [71.6235, 22.327], [71.6244, 22.3177]]]]}}, {"type": "Feature", "properties": {"name": "Dahod", "state": "Gujarat"}, "geometry": {"type": "Polygon", "coordinates": [[[73.7778, 23.4423], [73.8321, 23.4468], [73.8943, 23.3371], [73.9625, 23.3814], [74.0445, 23.2961], [74.1066, 23.2941], [74.1552, 23.1578], [74.246, 23.1883], [74.362, 22.9331], [74.4515, 22.924], [74.4789, 22.8586], [74.3811, 22.6386], [74.2654, 22.6448], [74.1533, 22.5174], [74.0242, 22.5725], [73.8894, 22.5044], [73.7631, 22.5475], [73.7309, 22.4537], [73.6517, 22.5131], [73.5957, 22.4859], [73.61, 22.6206], [73.6954, 22.6664], [73.691, 22.7164], [73.7466, 22.7052], [73.7561, 22.7811], [73.8558, 22.7902], [73.8445, 22.8456], [73.9342, 22.98], [73.8143, 23.1091], [73.6362, 23.0342], [73.7562, 23.2357], [73.7019, 23.2703], [73.6949, 23.3855], [73.774, 23.4459], [73.7778, 23.4423]]]}}, {"type": "Feature", "properties": {"name": "Gandhinagar", "state": "Gujarat"}, "geometry": {"type": "Polygon", "coordinates": [[[72.5726, 23.406], [72.733, 23.3856], [72.7435, 23.3222], [72.9134, 23.3214], [72.8905, 23.2905], [72.948, 23.2388], [73.006, 23.2968], [72.9796, 23.1629], [73.0372, 23.1367], [72.8479, 22.9928], [72.7717, 23.0928], [72.6075, 23.0883], [72.5478, 23.1634], [72.4545, 23.0434], [72.3447, 23.1059], [72.435, 23.1413], [72.3935, 23.1607], [72.4532, 23.1952], [72.4232, 23.2839], [72.5286, 23.3495], [72.5318, 23.4191], [72.5702, 23.4092], [72.5726, 23.406]]]}}, {"type": "Feature", "properties": {"name": "Jamnagar", "state": "Gujarat"}, "geometry": {"type": "MultiPolygon", "coordinates": [[[[69.3104, 22.3063], [69.3104, 22.306], [69.3107, 22.306], [69.3104, 22.3063]]], [[[69.4526, 22.3582], [69.4526, 22.3579], [69.4532, 22.3579], [69.4526, 22.3582]]], [[[69.184, 22.3676], [69.184, 22.3674], [69.1849, 22.3674], [69.184, 22.3676]]], [[[69.1954, 22.3746], [69.1954, 22.3743], [69.196, 22.3743], [69.1954, 22.3746]]], [[[69.2132, 22.3849], [69.2132, 22.3846], [69.214, 22.3846], [69.2132, 22.3849]]], [[[69.201, 22.3863], [69.201, 22.3857], [69.2007, 22.3857], [69.201, 22.3863]]], [[[69.3354, 22.389], [69.3354, 22.3888], [69.336, 22.3888], [69.3354, 22.389]]], [[[69.4832, 22.3987], [69.4832, 22.3985], [69.4837, 22.3985], [69.4832, 22.3987]]], [[[69.2801, 22.4179], [69.2801, 22.4176], [69.2804, 22.4176], [69.2801, 22.4179]]], [[[69.2793, 22.4201], [69.2793, 22.4199], [69.2796, 22.4199], [69.2793, 22.4201]]], [[[69.1421, 22.4576], [69.1421, 22.4571], [69.1418, 22.4571], [69.1421, 22.4576]]], [[[69.6276, 22.4596], [69.6365, 22.4065], [69.5882, 22.4371], [69.6254, 22.4596], [69.6276, 22.4596]]], [[[69.3021, 22.474], [69.3021, 22.4735], [69.3024, 22.4735], [69.3021, 22.474]]], [[[69.1368, 22.4776], [69.0849, 22.421], [69.1351, 22.4776], [69.1368, 22.4776]]], [[[69.089, 22.4907], [69.089, 22.4904], [69.0893, 22.4904], [69.089, 22.4907]]], [[[69.3243, 22.5276], [69.3243, 22.5274], [69.3249, 22.5274], [69.3243, 22.5276]]], [[[69.9449, 22.5324], [69.9449, 22.5321], [69.9457, 22.5321], [69.9449, 22.5324]]], [[[69.4051, 22.5326], [69.4051, 22.5321], [69.4054, 22.5321], [69.4051, 22.5326]]], [[[69.9574, 22.536], [69.9574, 22.5354], [69.9576, 22.5354], [69.9574, 22.536]]], [[[69.9604, 22.5438], [69.9604, 22.5435], [69.961, 22.5435], [69.9604, 22.5438]]], [[[69.9521, 22.5513], [69.9521, 22.551], [69.9524, 22.551], [69.9521, 22.5513]]], [[[69.9187, 22.5532], [69.9157, 22.5118], [69.8624, 22.5293], [69.9168, 22.5532], [69.9187, 22.5532]]], [[[70.0243, 22.5532], [70.0243, 22.5529], [70.0246, 22.5529], [70.0243, 22.5532]]], [[[70.0113, 22.5538], [70.0113, 22.5535], [70.0115, 22.5535], [70.0113, 22.5538]]], [[[70.0235, 22.5585], [70.0235, 22.5582], [70.024, 22.5582], [70.0235, 22.5585]]], [[[70.0396, 22.5679], [70.0396, 22.5676], [70.0399, 22.5676], [70.0396, 22.5679]]], [[[70.0446, 22.5724], [70.0446, 22.5721], [70.0449, 22.5721], [70.0446, 22.5724]]], [[[70.1818, 22.5837], [70.1818, 22.5835], [70.1821, 22.5835], [70.1818, 22.5837]]], [[[70.009, 22.5932], [70.0271, 22.5679], [69.9662, 22.5454], [70.0037, 22.5932], [70.009, 22.5932]]], [[[70.1904, 22.5999], [70.1904, 22.5996], [70.1907, 22.5996], [70.1904, 22.5999]]], [[[69.9485, 22.6063], [69.9485, 22.606], [69.9488, 22.606], [69.9485, 22.6063]]], [[[70.216, 22.6468], [70.216, 22.6465], [70.2162, 22.6465], [70.216, 22.6468]]], [[[70.2357, 22.6846], [70.2357, 22.6843], [70.236, 22.6843], [70.2357, 22.6846]]], [[[70.2426, 22.6846], [70.2426, 22.6843], [70.2438, 22.6843], [70.2426, 22.6846]]], [[[70.2468, 22.6918], [70.2468, 22.6915], [70.2474, 22.6915], [70.2468, 22.6918]]], [[[70.244, 22.7201], [70.244, 22.719], [70.2443, 22.719], [70.244, 22.7201]]], [[[70.5072, 22.9578], [70.4707, 22.9463], [70.5954, 22.9082], [70.6778, 22.8249], [70.631, 22.758], [70.6603, 22.698], [70.5643, 22.5569], [70.6184, 22.523], [70.5436, 22.5053], [70.6029, 22.4794], [70.5518, 22.4502], [70.519, 22.4818], [70.4635, 22.4255], [70.5212, 22.4198], [70.4919, 22.3688], [70.5455, 22.3335], [70.4887, 22.3048], [70.6294, 22.1875], [70.5795, 22.1367], [70.5853, 22.0216], [70.5216, 21.9891], [70.5399, 22.0412], [70.3482, 22.0412], [70.2267, 21.9539], [70.2156, 21.8852], [70.1653, 21.9328], [70.1303, 21.8156], [70.0517, 21.7828], [70.0966, 21.7241], [70.0721, 21.6898], [70.0123, 21.7994], [69.8924, 21.7709], [69.8693, 21.7212], [69.8379, 21.8131], [69.7374, 21.7831], [69.6689, 21.8262], [69.6402, 21.7924], [69.6349, 21.8531], [69.7462, 21.9277], [69.7394, 21.9645], [69.6657, 21.9072], [69.5891, 21.9297], [69.5139, 21.844], [69.424, 21.8626], [69.396, 21.8018], [68.9574, 22.2377], [68.936, 22.3121], [69.006, 22.4382], [69.0793, 22.4793], [69.0693, 22.3957], [69.194, 22.4237], [69.1579, 22.3129], [69.2235, 22.2579], [69.3343, 22.3304], [69.4885, 22.3379], [69.5238, 22.3857], [69.4982, 22.4357], [69.6068, 22.3257], [69.6993, 22.396], [69.6718, 22.4507], [69.7301, 22.474], [69.7976, 22.3999], [69.8343, 22.5007], [69.8701, 22.4465], [69.9762, 22.5432], [70.1712, 22.5571], [70.3768, 22.8999], [70.4986, 22.9635], [70.5072, 22.9578]]]]}}, {"type": "Feature", "properties": {"name": "Junagadh", "state": "Gujarat"}, "geometry": {"type": "MultiPolygon", "coordinates": [[[[70.861, 20.7529], [70.8704, 20.7187], [70.8604, 20.7529], [70.861, 20.7529]]], [[[70.1589, 21.6537], [70.1603, 21.6041], [70.283, 21.6055], [70.2797, 21.5187], [70.4644, 21.6668], [70.7202, 21.5996], [70.8113, 21.6597], [70.9115, 21.5296], [70.8255, 21.4898], [70.8501, 21.4509], [70.9415, 21.457], [70.9659, 21.392], [70.8877, 21.3692], [70.8844, 21.3099], [70.8196, 21.3193], [70.843, 21.1911], [71.0224, 21.1637], [71.1495, 21.066], [71.1445, 20.9594], [71.2414, 20.953], [71.1986, 20.8845], [71.2549, 20.8175], [71.0738, 20.7354], [70.8735, 20.7099], [70.9204, 20.7368], [70.8436, 20.7604], [70.8962, 20.8248], [70.817, 20.8512], [70.9002, 20.8857], [70.887, 20.9452], [70.7417, 20.9901], [70.6665, 20.7524], [70.5362, 20.804], [70.2582, 20.9726], [69.9988, 21.2074], [70.0512, 21.2668], [70.0005, 21.2849], [69.9684, 21.3858], [70.0735, 21.442], [70.0183, 21.4692], [69.9898, 21.5833], [70.0854, 21.5754], [70.0583, 21.6403], [70.1544, 21.6559], [70.1589, 21.6537]]]]}}, {"type": "Feature", "properties": {"name": "Kachchh", "state": "Gujarat"}, "geometry": {"type": "MultiPolygon", "coordinates": [[[[69.6426, 22.7649], [69.6426, 22.7646], [69.644, 22.7646], [69.6426, 22.7649]]], [[[69.6365, 22.7799], [69.6365, 22.7796], [69.6368, 22.7796], [69.6365, 22.7799]]], [[[70.4551, 22.9957], [70.4551, 22.9943], [70.4549, 22.9943], [70.4551, 22.9957]]], [[[70.4415, 23.0496], [70.4415, 23.0482], [70.4413, 23.0482], [70.4415, 23.0496]]], [[[70.4485, 23.0521], [70.4149, 22.9898], [70.4482, 23.0521], [70.4485, 23.0521]]], [[[70.4524, 23.0524], [70.4524, 23.0521], [70.4521, 23.0521], [70.4524, 23.0524]]], [[[70.459, 23.0576], [70.459, 23.0571], [70.4593, 23.0571], [70.459, 23.0576]]], [[[70.4521, 23.0607], [70.4521, 23.0604], [70.4524, 23.0604], [70.4521, 23.0607]]], [[[70.4696, 23.0613], [70.4696, 23.061], [70.4701, 23.061], [70.4696, 23.0613]]], [[[70.4824, 23.0654], [70.4463, 23.0251], [70.4815, 23.0654], [70.4824, 23.0654]]], [[[68.609, 23.2313], [68.609, 23.231], [68.6096, 23.231], [68.609, 23.2313]]], [[[68.5943, 23.2621], [68.5943, 23.2618], [68.5949, 23.2618], [68.5943, 23.2621]]], [[[68.6585, 23.2712], [68.6585, 23.271], [68.6588, 23.271], [68.6585, 23.2712]]], [[[68.6287, 23.2901], [68.6287, 23.2896], [68.629, 23.2896], [68.6287, 23.2901]]], [[[68.7051, 23.3118], [68.7051, 23.3115], [68.706, 23.3115], [68.7051, 23.3118]]], [[[68.5582, 23.3138], [68.6121, 23.2965], [68.574, 23.2451], [68.5571, 23.3138], [68.5582, 23.3138]]], [[[68.6426, 23.314], [68.6426, 23.3138], [68.6429, 23.3138], [68.6426, 23.314]]], [[[68.6326, 23.3176], [68.6326, 23.3171], [68.6329, 23.3171], [68.6326, 23.3176]]], [[[68.6399, 23.3185], [68.6399, 23.3182], [68.6401, 23.3182], [68.6399, 23.3185]]], [[[68.5885, 23.319], [68.5885, 23.3188], [68.5904, 23.3188], [68.5885, 23.319]]], [[[68.6318, 23.3213], [68.6318, 23.3201], [68.6321, 23.3201], [68.6318, 23.3213]]], [[[68.6271, 23.3218], [68.6271, 23.3215], [68.6276, 23.3215], [68.6271, 23.3218]]], [[[68.6268, 23.326], [68.6268, 23.3257], [68.6276, 23.3257], [68.6268, 23.326]]], [[[68.5421, 23.3415], [68.5421, 23.3412], [68.5424, 23.3412], [68.5421, 23.3415]]], [[[68.5501, 23.3415], [68.5501, 23.3412], [68.5504, 23.3412], [68.5501, 23.3415]]], [[[68.5568, 23.3418], [68.5568, 23.3417], [68.5568, 23.3415], [68.5568, 23.3418]]], [[[68.506, 23.3424], [68.506, 23.3421], [68.5062, 23.3421], [68.506, 23.3424]]], [[[68.5251, 23.344], [68.5251, 23.3438], [68.529, 23.3438], [68.5251, 23.344]]], [[[68.5638, 23.3449], [68.5638, 23.3446], [68.5643, 23.3446], [68.5638, 23.3449]]], [[[68.6315, 23.3518], [68.6315, 23.3515], [68.6318, 23.3515], [68.6315, 23.3518]]], [[[68.4732, 23.3568], [68.4732, 23.3565], [68.4735, 23.3565], [68.4732, 23.3568]]], [[[68.5735, 23.3604], [68.5735, 23.3601], [68.5738, 23.3601], [68.5735, 23.3604]]], [[[68.5979, 23.361], [68.5979, 23.3607], [68.599, 23.3607], [68.5979, 23.361]]], [[[68.589, 23.3743], [68.6174, 23.3276], [68.5888, 23.3743], [68.589, 23.3743]]], [[[68.5407, 23.3776], [68.5407, 23.3774], [68.541, 23.3774], [68.5407, 23.3776]]], [[[68.5029, 23.3835], [68.5029, 23.3832], [68.5032, 23.3832], [68.5029, 23.3835]]], [[[68.5046, 23.3846], [68.5046, 23.3843], [68.5049, 23.3843], [68.5046, 23.3846]]], [[[68.5362, 23.3854], [68.5362, 23.3846], [68.5365, 23.3846], [68.5362, 23.3854]]], [[[68.5793, 23.3854], [68.5793, 23.3851], [68.5801, 23.3851], [68.5793, 23.3854]]], [[[68.5351, 23.3876], [68.5351, 23.3871], [68.5349, 23.3871], [68.5351, 23.3876]]], [[[68.554, 23.404], [68.554, 23.4037], [68.5565, 23.4037], [68.554, 23.404]]], [[[68.5374, 23.4049], [68.5543, 23.3601], [68.5371, 23.4049], [68.5374, 23.4049]]], [[[68.461, 23.4051], [68.461, 23.4049], [68.4613, 23.4049], [68.461, 23.4051]]], [[[68.5235, 23.4046], [68.5235, 23.404], [68.5246, 23.404], [68.5235, 23.4046]]], [[[68.471, 23.4057], [68.471, 23.4054], [68.4724, 23.4054], [68.471, 23.4057]]], [[[68.4299, 23.4071], [68.4299, 23.4068], [68.431, 23.4068], [68.4299, 23.4071]]], [[[68.4632, 23.409], [68.4632, 23.4068], [68.4635, 23.4068], [68.4632, 23.409]]], [[[68.409, 23.4093], [68.409, 23.409], [68.4093, 23.409], [68.409, 23.4093]]], [[[68.5576, 23.4088], [68.5576, 23.4082], [68.5574, 23.4082], [68.5576, 23.4088]]], [[[68.4146, 23.4099], [68.4146, 23.4096], [68.4149, 23.4096], [68.4146, 23.4099]]], [[[68.4607, 23.4126], [68.4607, 23.4124], [68.4618, 23.4124], [68.4607, 23.4126]]], [[[68.5496, 23.4137], [68.5496, 23.4132], [68.5493, 23.4132], [68.5496, 23.4137]]], [[[68.4004, 23.4212], [68.4004, 23.421], [68.4007, 23.421], [68.4004, 23.4212]]], [[[68.4021, 23.4232], [68.4021, 23.4226], [68.4024, 23.4226], [68.4021, 23.4232]]], [[[68.3999, 23.4285], [68.3999, 23.4282], [68.4001, 23.4282], [68.3999, 23.4285]]], [[[68.5018, 23.4321], [68.5018, 23.4312], [68.5015, 23.4312], [68.5018, 23.4321]]], [[[68.5168, 23.4329], [68.5168, 23.4326], [68.5171, 23.4326], [68.5168, 23.4329]]], [[[68.5007, 23.4363], [68.5007, 23.436], [68.501, 23.436], [68.5007, 23.4363]]], [[[68.5013, 23.4438], [68.5013, 23.4435], [68.5021, 23.4435], [68.5013, 23.4438]]], [[[68.5013, 23.4535], [68.5013, 23.4529], [68.5015, 23.4529], [68.5013, 23.4535]]], [[[68.5068, 23.4565], [68.5068, 23.4562], [68.5071, 23.4562], [68.5068, 23.4565]]], [[[68.4079, 23.4579], [68.4079, 23.4574], [68.4082, 23.4574], [68.4079, 23.4579]]], [[[68.499, 23.476], [68.499, 23.4754], [68.4993, 23.4754], [68.499, 23.476]]], [[[68.4729, 23.4804], [68.4837, 23.4029], [68.4746, 23.4599], [68.4127, 23.4321], [68.4724, 23.4804], [68.4729, 23.4804]]], [[[68.4985, 23.489], [68.4985, 23.4885], [68.4982, 23.4885], [68.4985, 23.489]]], [[[68.5065, 23.4926], [68.5065, 23.4924], [68.5074, 23.4924], [68.5065, 23.4926]]], [[[68.511, 23.4926], [68.511, 23.4924], [68.5115, 23.4924], [68.511, 23.4926]]], [[[68.4868, 23.4954], [68.4868, 23.4951], [68.4871, 23.4951], [68.4868, 23.4954]]], [[[68.4665, 23.4979], [68.4665, 23.4976], [68.4671, 23.4976], [68.4665, 23.4979]]], [[[68.4374, 23.5004], [68.4374, 23.5001], [68.4379, 23.5001], [68.4374, 23.5004]]], [[[68.4807, 23.5013], [68.4807, 23.501], [68.4812, 23.501], [68.4807, 23.5013]]], [[[68.4679, 23.524], [68.4679, 23.5232], [68.4682, 23.5232], [68.4679, 23.524]]], [[[68.4751, 23.5288], [68.4751, 23.5285], [68.476, 23.5285], [68.4751, 23.5288]]], [[[68.4735, 23.5371], [68.4735, 23.5365], [68.4737, 23.5365], [68.4735, 23.5371]]], [[[68.4824, 23.5504], [68.4824, 23.5499], [68.4826, 23.5499], [68.4824, 23.5504]]], [[[68.4793, 23.5554], [68.4793, 23.5549], [68.4796, 23.5549], [68.4793, 23.5554]]], [[[68.2235, 23.5863], [68.2235, 23.586], [68.2257, 23.586], [68.2235, 23.5863]]], [[[68.2551, 23.5901], [68.2551, 23.5899], [68.2554, 23.5899], [68.2551, 23.5901]]], [[[68.2162, 23.5912], [68.2162, 23.5907], [68.2165, 23.5907], [68.2162, 23.5912]]], [[[68.4821, 23.5968], [68.4326, 23.5077], [68.4804, 23.5968], [68.4821, 23.5968]]], [[[68.4585, 23.6004], [68.4585, 23.6001], [68.4615, 23.6001], [68.4585, 23.6004]]], [[[68.4821, 23.6065], [68.4821, 23.6064], [68.4821, 23.6063], [68.4821, 23.6065]]], [[[68.4563, 23.6249], [68.4412, 23.5865], [68.4557, 23.6249], [68.4563, 23.6249]]], [[[68.4846, 23.6279], [68.4796, 23.5907], [68.4821, 23.6279], [68.4846, 23.6279]]], [[[68.4779, 23.7224], [68.4779, 23.7221], [68.479, 23.7221], [68.4779, 23.7224]]], [[[68.4496, 23.7323], [68.4496, 23.7315], [68.4499, 23.7315], [68.4496, 23.7323]]], [[[68.4674, 23.7399], [68.4674, 23.7396], [68.4679, 23.7396], [68.4674, 23.7399]]], [[[68.4868, 23.746], [68.4868, 23.7451], [68.4865, 23.7451], [68.4868, 23.746]]], [[[68.2165, 23.7793], [68.2165, 23.7787], [68.2174, 23.7787], [68.2165, 23.7793]]], [[[68.3493, 23.8001], [68.3493, 23.799], [68.349, 23.799], [68.3493, 23.8001]]], [[[68.3585, 23.8051], [68.4254, 23.7968], [68.4168, 23.7182], [68.2949, 23.5788], [68.2726, 23.6207], [68.3068, 23.6307], [68.2332, 23.5871], [68.1862, 23.6243], [68.3118, 23.6501], [68.2312, 23.6435], [68.334, 23.711], [68.3568, 23.8051], [68.3585, 23.8051]]], [[[68.6051, 23.8096], [68.6051, 23.8093], [68.6057, 23.8093], [68.6051, 23.8096]]], [[[68.5965, 23.8126], [68.5965, 23.8121], [68.5963, 23.8121], [68.5965, 23.8126]]], [[[68.3079, 23.8237], [68.3243, 23.7343], [68.2857, 23.7546], [68.2746, 23.7013], [68.3068, 23.8237], [68.3079, 23.8237]]], [[[68.4965, 23.831], [68.5221, 23.7707], [68.4876, 23.7371], [68.4662, 23.7754], [68.4768, 23.7407], [68.4368, 23.7421], [68.4946, 23.831], [68.4965, 23.831]]], [[[68.7071, 23.8512], [68.7071, 23.851], [68.7087, 23.851], [68.7071, 23.8512]]], [[[68.6993, 23.8532], [68.6993, 23.8529], [68.7001, 23.8529], [68.6993, 23.8532]]], [[[68.5332, 23.8738], [68.5332, 23.8726], [68.5335, 23.8726], [68.5332, 23.8738]]], [[[68.3957, 23.8782], [68.4265, 23.8104], [68.3796, 23.8382], [68.4015, 23.7904], [68.3313, 23.7874], [68.394, 23.8782], [68.3957, 23.8782]]], [[[68.2482, 23.8804], [68.2335, 23.8424], [68.2449, 23.8804], [68.2482, 23.8804]]], [[[68.4493, 23.9385], [68.4421, 23.8704], [68.3524, 23.8457], [68.3529, 23.9007], [68.4474, 23.9385], [68.4493, 23.9385]]], [[[68.5354, 23.946], [68.5888, 23.9168], [68.5221, 23.8563], [68.486, 23.8899], [68.5349, 23.946], [68.5354, 23.946]]], [[[68.5257, 23.9495], [68.5257, 23.9493], [68.526, 23.9493], [68.5257, 23.9495]]], [[[68.4821, 23.9926], [68.5185, 23.9243], [68.444, 23.8485], [68.4629, 23.9321], [68.4282, 23.9379], [68.4771, 23.9926], [68.4821, 23.9926]]], [[[68.4301, 23.9954], [68.4129, 23.9274], [68.3449, 23.9013], [68.3376, 23.8193], [68.2657, 23.7929], [68.2451, 23.679], [68.1926, 23.731], [68.2343, 23.7749], [68.2129, 23.8346], [68.2874, 23.8393], [68.2487, 23.8538], [68.3176, 23.8793], [68.259, 23.8751], [68.2771, 23.9149], [68.4285, 23.9954], [68.4301, 23.9954]]], [[[71.3163, 24.5496], [71.2688, 24.5068], [71.3582, 24.5128], [71.3396, 24.3904], [71.4042, 24.3445], [71.2993, 24.2556], [71.3813, 24.1852], [71.2863, 24.1568], [71.3533, 24.1141], [71.2966, 23.9936], [71.3264, 23.9769], [71.3055, 23.9219], [71.1115, 23.8954], [71.0459, 23.6433], [71.0971, 23.5938], [71.1511, 23.6237], [71.1854, 23.7343], [71.2398, 23.6524], [71.4326, 23.6235], [71.4328, 23.5631], [71.4809, 23.5534], [71.4594, 23.4681], [71.5285, 23.5245], [71.5194, 23.4717], [71.597, 23.4489], [71.5953, 23.3595], [71.6798, 23.2904], [71.637, 23.2011], [71.7233, 23.1498], [71.4645, 23.1411], [71.33, 23.1833], [71.234, 23.1436], [71.1513, 23.204], [70.9697, 23.1674], [70.9591, 23.1257], [70.8394, 23.149], [70.8706, 23.1225], [70.8388, 23.0728], [70.8309, 23.1556], [70.7789, 23.1603], [70.5772, 23.0289], [70.5512, 22.9546], [70.4365, 22.9638], [70.4846, 23.0774], [70.3476, 22.9304], [70.1979, 22.9985], [70.2193, 22.9562], [70.1232, 22.9607], [70.1532, 23.0296], [70.1265, 22.9465], [70.091, 22.9526], [70.1321, 22.9246], [69.7985, 22.8507], [69.7051, 22.7279], [69.6338, 22.7954], [69.6007, 22.759], [69.1907, 22.8412], [68.5851, 23.2218], [68.6718, 23.2699], [68.6301, 23.2957], [68.7582, 23.3304], [68.6524, 23.3029], [68.5585, 23.3871], [68.4918, 23.501], [68.489, 23.6354], [68.7613, 23.8754], [68.6038, 23.8501], [68.5335, 23.756], [68.5149, 23.824], [68.6632, 23.9174], [68.5587, 23.924], [68.5468, 23.9632], [68.7492, 23.962], [68.7675, 24.2897], [68.8264, 24.3084], [68.8875, 24.1959], [68.9472, 24.2766], [69.0005, 24.2259], [69.0929, 24.2691], [69.1998, 24.2352], [69.6007, 24.2778], [69.7246, 24.1751], [70.0006, 24.1664], [70.119, 24.2907], [70.5749, 24.4203], [70.6119, 24.4005], [70.5742, 24.2523], [70.8058, 24.2227], [70.9597, 24.3462], [71.1318, 24.4018], [71.0076, 24.4422], [71.0205, 24.6305], [71.1071, 24.6807], [71.2977, 24.6076], [71.3204, 24.5536], [71.3163, 24.5496]]]]}}, {"type": "Feature", "properties": {"name": "Kheda", "state": "Gujarat"}, "geometry": {"type": "Polygon", "coordinates": [[[73.4809, 23.2874], [73.5763, 23.2747], [73.5779, 23.1983], [73.3885, 23.1337], [73.457, 22.9692], [73.375, 22.8954], [73.3684, 22.796], [73.2669, 22.7677], [73.2691, 22.6577], [73.2367, 22.6344], [73.141, 22.7201], [73.0366, 22.733], [72.9213, 22.5898], [72.7506, 22.6437], [72.6543, 22.5401], [72.6803, 22.5043], [72.5951, 22.4987], [72.5163, 22.6235], [72.5583, 22.6637], [72.5321, 22.7966], [72.6178, 22.8139], [72.6165, 22.8845], [72.7989, 22.9075], [73.0285, 23.1715], [73.1431, 23.2056], [73.2517, 23.0718], [73.3345, 23.0831], [73.3789, 23.1392], [73.3488, 23.2016], [73.4739, 23.289], [73.4809, 23.2874]]]}}, {"type": "Feature", "properties": {"name": "Mahesana", "state": "Gujarat"}, "geometry": {"type": "Polygon", "coordinates": [[[72.8022, 24.0728], [72.8703, 24.016], [72.7938, 23.8327], [72.8466, 23.6055], [72.8101, 23.4047], [72.6482, 23.3714], [72.5491, 23.4297], [72.5286, 23.3495], [72.4232, 23.2839], [72.4532, 23.1952], [72.3935, 23.1607], [72.4265, 23.1303], [72.3791, 23.0952], [72.3517, 23.1236], [72.3026, 23.0387], [72.2473, 23.1155], [72.166, 23.1073], [72.1872, 23.2723], [72.3064, 23.4118], [72.2704, 23.4585], [72.1961, 23.4108], [72.0619, 23.4414], [71.9672, 23.5738], [72.0541, 23.6121], [72.1042, 23.5686], [72.1847, 23.6829], [72.2065, 23.6034], [72.3082, 23.6331], [72.3439, 23.7288], [72.5196, 23.781], [72.4848, 23.929], [72.6509, 23.9887], [72.6466, 24.0663], [72.7973, 24.0813], [72.8022, 24.0728]]]}}, {"type": "Feature", "properties": {"name": "Narmada", "state": "Gujarat"}, "geometry": {"type": "Polygon", "coordinates": [[[73.7405, 21.9799], [73.7995, 21.9314], [73.8644, 21.9512], [73.9492, 21.8703], [73.8105, 21.8233], [73.8981, 21.6673], [73.7876, 21.625], [73.8608, 21.4958], [73.9663, 21.5391], [73.9915, 21.4778], [73.7068, 21.3958], [73.6829, 21.4736], [73.4583, 21.5233], [73.5112, 21.6784], [73.4015, 21.7183], [73.3073, 21.89], [73.4401, 21.9148], [73.4669, 21.979], [73.5538, 21.979], [73.6169, 21.8955], [73.729, 21.9811], [73.7405, 21.9799]]]}}, {"type": "Feature", "properties": {"name": "Navsari", "state": "Gujarat"}, "geometry": {"type": "MultiPolygon", "coordinates": [[[[72.846, 20.7632], [72.846, 20.7629], [72.8463, 20.7629], [72.846, 20.7632]]], [[[73.0067, 21.0683], [73.1347, 20.8971], [73.2663, 20.8176], [73.3113, 20.817], [73.3238, 20.8835], [73.393, 20.8249], [73.507, 20.8187], [73.4023, 20.6175], [73.0842, 20.5998], [73.0563, 20.7021], [72.874, 20.7343], [72.8351, 20.781], [72.7237, 21.0362], [73.0025, 21.0697], [73.0067, 21.0683]]]]}}, {"type": "Feature", "properties": {"name": "Panch Mahals", "state": "Gujarat"}, "geometry": {"type": "Polygon", "coordinates": [[[73.7096, 23.4445], [73.7019, 23.2703], [73.7562, 23.2357], [73.6362, 23.0342], [73.8143, 23.1091], [73.9342, 22.98], [73.8445, 22.8456], [73.8558, 22.7902], [73.7561, 22.7811], [73.7466, 22.7052], [73.691, 22.7164], [73.6954, 22.6664], [73.6432, 22.6644], [73.5768, 22.5683], [73.5957, 22.4859], [73.6678, 22.5064], [73.7759, 22.3834], [73.736, 22.2912], [73.6677, 22.286], [73.6379, 22.3121], [73.7005, 22.3377], [73.6886, 22.3728], [73.6367, 22.3874], [73.636, 22.3238], [73.5816, 22.3256], [73.472, 22.3584], [73.4286, 22.4273], [73.4264, 22.5483], [73.3794, 22.5539], [73.371, 22.6282], [73.4217, 22.6599], [73.3921, 22.7392], [73.4325, 22.7748], [73.4129, 22.8099], [73.386, 22.7575], [73.3569, 22.79], [73.3775, 22.9002], [73.457, 22.9692], [73.4294, 23.1], [73.3808, 23.117], [73.5779, 23.1983], [73.5763, 23.2747], [73.5334, 23.2523], [73.5306, 23.2866], [73.6328, 23.4524], [73.7042, 23.4558], [73.7096, 23.4445]]]}}, {"type": "Feature", "properties": {"name": "Patan", "state": "Gujarat"}, "geometry": {"type": "Polygon", "coordinates": [[[72.1685, 24.1208], [72.2337, 24.128], [72.2296, 24.0717], [72.3608, 24.0235], [72.3742, 23.9656], [72.4783, 23.959], [72.5217, 23.7846], [72.3439, 23.7288], [72.3082, 23.6331], [72.2065, 23.6034], [72.1847, 23.6829], [72.1042, 23.5686], [72.0541, 23.6121], [71.9672, 23.5738], [71.9786, 23.529], [71.8163, 23.3999], [71.7374, 23.492], [71.5194, 23.4717], [71.5285, 23.5245], [71.4594, 23.4681], [71.4809, 23.5534], [71.4328, 23.5631], [71.4326, 23.6235], [71.2398, 23.6524], [71.2209, 23.7275], [71.1582, 23.725], [71.1898, 23.7056], [71.1543, 23.6278], [71.0971, 23.5938], [71.0459, 23.6433], [71.1115, 23.8954], [71.3055, 23.9219], [71.3264, 23.9769], [71.4239, 23.9219], [71.4921, 24.0194], [71.5012, 23.9664], [71.6969, 23.9624], [71.7741, 23.8257], [71.861, 23.844], [71.9806, 23.8895], [71.9353, 24.0068], [72.0438, 23.9801], [72.0228, 24.0376], [72.1458, 24.0417], [72.1667, 24.1018], [72.1084, 24.1236], [72.1679, 24.1314], [72.1685, 24.1208]]]}}, {"type": "Feature", "properties": {"name": "Porbandar", "state": "Gujarat"}, "geometry": {"type": "MultiPolygon", "coordinates": [[[[69.7243, 21.564], [69.7243, 21.5638], [69.7246, 21.5638], [69.7243, 21.564]]], [[[69.7285, 21.6121], [69.7285, 21.6118], [69.7288, 21.6118], [69.7285, 21.6121]]], [[[69.7307, 21.9165], [69.6349, 21.8531], [69.6402, 21.7924], [69.6689, 21.8262], [69.7374, 21.7831], [69.8379, 21.8131], [69.8693, 21.7212], [69.8924, 21.7709], [70.0123, 21.7994], [70.0468, 21.6956], [70.1027, 21.7263], [70.1685, 21.6618], [70.0583, 21.6403], [70.0854, 21.5754], [69.9898, 21.5833], [70.0183, 21.4692], [70.0735, 21.442], [69.9684, 21.3858], [70.0005, 21.2849], [70.0512, 21.2668], [69.9985, 21.2074], [69.7124, 21.5293], [69.7643, 21.5788], [69.7376, 21.6504], [69.6757, 21.6388], [69.6968, 21.5929], [69.6326, 21.6429], [69.7243, 21.5713], [69.706, 21.5385], [69.3962, 21.8013], [69.424, 21.8626], [69.5139, 21.844], [69.5891, 21.9297], [69.6752, 21.9095], [69.7178, 21.9675], [69.7304, 21.9194], [69.7307, 21.9165]]]]}}, {"type": "Feature", "properties": {"name": "Rajkot", "state": "Gujarat"}, "geometry": {"type": "Polygon", "coordinates": [[[71.0583, 23.1657], [71.0771, 23.0897], [71.0138, 23.0982], [70.9602, 23.0233], [71.0323, 22.8728], [70.9888, 22.828], [71.1809, 22.6955], [71.0766, 22.5326], [71.1456, 22.54], [71.1788, 22.4855], [71.11, 22.3956], [71.0504, 22.4343], [70.9977, 22.4069], [71.0491, 22.3892], [71.0377, 22.3244], [71.1734, 22.1771], [71.129, 22.1245], [71.2256, 22.1815], [71.3041, 22.1595], [71.2246, 22.2382], [71.377, 22.2907], [71.403, 22.2188], [71.4695, 22.25], [71.4411, 22.2048], [71.4926, 22.1808], [71.5197, 22.0517], [71.4068, 21.9744], [71.3145, 22.0379], [71.3085, 21.9559], [71.1998, 22.0053], [71.2128, 21.964], [71.0475, 21.8668], [71.1251, 21.8486], [71.0636, 21.8183], [71.0446, 21.733], [70.9169, 21.7611], [70.8043, 21.7286], [70.8137, 21.6628], [70.7202, 21.5996], [70.4644, 21.6668], [70.2797, 21.5187], [70.283, 21.6055], [70.1603, 21.6041], [70.1658, 21.6733], [70.0517, 21.7828], [70.1303, 21.8156], [70.1653, 21.9328], [70.2156, 21.8852], [70.2267, 21.9539], [70.3482, 22.0412], [70.5135, 22.0477], [70.5481, 22.0342], [70.518, 21.9907], [70.5619, 22.0032], [70.6294, 22.1875], [70.4887, 22.3048], [70.5455, 22.3335], [70.4919, 22.3688], [70.5212, 22.4198], [70.4635, 22.4255], [70.519, 22.4818], [70.5518, 22.4502], [70.6029, 22.4794], [70.5436, 22.5053], [70.6184, 22.523], [70.5643, 22.5569], [70.6603, 22.698], [70.631, 22.758], [70.6778, 22.8249], [70.4631, 22.9549], [70.5402, 22.9466], [70.5772, 23.0289], [70.7789, 23.1603], [70.8309, 23.1556], [70.8388, 23.0728], [70.8706, 23.1225], [70.8394, 23.149], [70.8892, 23.1152], [70.9041, 23.1534], [70.9591, 23.1257], [70.9697, 23.1674], [71.0485, 23.1681], [71.0583, 23.1657]]]}}, {"type": "Feature", "properties": {"name": "Sabar Kantha", "state": "Gujarat"}, "geometry": {"type": "Polygon", "coordinates": [[[73.0985, 24.4726], [73.085, 24.3945], [73.2315, 24.3647], [73.145, 24.3079], [73.0827, 24.185], [73.2238, 24.0982], [73.1989, 24.0515], [73.2458, 24.0107], [73.3735, 24.1281], [73.4247, 23.9311], [73.3621, 23.8619], [73.3626, 23.7874], [73.5085, 23.7033], [73.5135, 23.6168], [73.5773, 23.6554], [73.6607, 23.6229], [73.6584, 23.5041], [73.5597, 23.3186], [73.3803, 23.238], [73.3488, 23.2016], [73.3789, 23.1392], [73.2793, 23.0594], [73.1431, 23.2056], [72.9796, 23.1629], [73.006, 23.2968], [72.948, 23.2388], [72.8905, 23.2905], [72.9134, 23.3214], [72.7325, 23.3258], [72.7345, 23.3946], [72.8101, 23.4047], [72.8467, 23.6022], [72.806, 23.9073], [73.0298, 24.2579], [72.9697, 24.3076], [72.981, 24.451], [73.0989, 24.4915], [73.0985, 24.4726]]]}}, {"type": "Feature", "properties": {"name": "Surat", "state": "Gujarat"}, "geometry": {"type": "MultiPolygon", "coordinates": [[[[72.6476, 21.0762], [72.6476, 21.0754], [72.6479, 21.0754], [72.6476, 21.0762]]], [[[72.6793, 21.0988], [72.6793, 21.0982], [72.6796, 21.0982], [72.6793, 21.0988]]], [[[72.6721, 21.1151], [72.6721, 21.1143], [72.6724, 21.1143], [72.6721, 21.1151]]], [[[72.7021, 21.1224], [72.7021, 21.1207], [72.7024, 21.1207], [72.7021, 21.1224]]], [[[72.6765, 21.1557], [72.7104, 21.1407], [72.689, 21.0899], [72.6746, 21.1557], [72.6765, 21.1557]]], [[[72.5879, 21.3393], [72.5879, 21.3379], [72.5876, 21.3379], [72.5879, 21.3393]]], [[[72.5832, 21.3654], [72.5832, 21.3651], [72.5837, 21.3651], [72.5832, 21.3654]]], [[[72.6004, 21.3871], [72.6004, 21.3838], [72.6001, 21.3838], [72.6004, 21.3871]]], [[[72.6282, 21.4174], [72.6282, 21.4168], [72.6285, 21.4168], [72.6282, 21.4174]]], [[[72.636, 21.4176], [72.636, 21.4174], [72.6368, 21.4174], [72.636, 21.4176]]], [[[74.3135, 21.5597], [74.3078, 21.4801], [74.109, 21.448], [74.0672, 21.4819], [74.0485, 21.4194], [73.9528, 21.4024], [73.9485, 21.2976], [73.8321, 21.2675], [73.8225, 21.1719], [73.6364, 21.1327], [73.5883, 21.1679], [73.6599, 21.1084], [73.7526, 21.1141], [73.7694, 21.0145], [73.9154, 20.9648], [73.8824, 20.9281], [73.7214, 21.0079], [73.6037, 20.9598], [73.5559, 21.0089], [73.4961, 20.8148], [73.3238, 20.8835], [73.3113, 20.817], [73.2663, 20.8176], [73.1347, 20.8971], [73.019, 21.0667], [72.7514, 21.028], [72.7704, 21.0668], [72.7043, 21.0749], [72.7207, 21.1432], [72.6813, 21.1585], [72.6268, 21.0765], [72.6185, 21.2226], [72.6532, 21.2268], [72.5879, 21.2913], [72.6629, 21.4254], [72.7487, 21.4695], [72.8031, 21.4198], [72.9153, 21.4282], [72.9982, 21.5367], [73.0554, 21.4763], [73.0641, 21.5647], [73.1294, 21.482], [73.4529, 21.5238], [73.6829, 21.4736], [73.7068, 21.3958], [73.9769, 21.4616], [73.9835, 21.542], [74.3133, 21.5606], [74.3135, 21.5597]]]]}}, {"type": "Feature", "properties": {"name": "Surendranagar", "state": "Gujarat"}, "geometry": {"type": "Polygon", "coordinates": [[[72.0087, 23.5013], [71.9686, 23.3909], [71.8841, 23.3808], [71.8847, 23.2248], [71.9377, 23.267], [72.0085, 23.2471], [71.92, 23.1783], [71.9109, 23.1079], [71.9597, 23.0372], [72.0256, 23.054], [71.9938, 22.8532], [72.1165, 22.7186], [72.1001, 22.6736], [72.0373, 22.6771], [72.0757, 22.5919], [72.1962, 22.5483], [72.1716, 22.4777], [72.0647, 22.4403], [72.042, 22.5043], [71.9501, 22.537], [71.9182, 22.4806], [71.9685, 22.4872], [71.945, 22.3785], [71.9022, 22.4164], [71.8438, 22.3532], [71.839, 22.3904], [71.7464, 22.3578], [71.6555, 22.3963], [71.6339, 22.34], [71.5364, 22.3365], [71.4143, 22.22], [71.3801, 22.2901], [71.3164, 22.2482], [71.2466, 22.2724], [71.2289, 22.2183], [71.2941, 22.2107], [71.3041, 22.1595], [71.2256, 22.1815], [71.1393, 22.1179], [71.1734, 22.1771], [71.0377, 22.3244], [71.0491, 22.3892], [70.9977, 22.4069], [71.0504, 22.4343], [71.11, 22.3956], [71.1773, 22.4774], [71.1456, 22.54], [71.0766, 22.5326], [71.1809, 22.6955], [71.0022, 22.7866], [71.0323, 22.8728], [70.961, 23.0258], [71.0138, 23.0982], [71.0771, 23.0897], [71.0583, 23.1657], [71.1513, 23.204], [71.234, 23.1436], [71.33, 23.1833], [71.7206, 23.1473], [71.637, 23.2011], [71.6798, 23.2904], [71.5433, 23.4777], [71.7374, 23.492], [71.8082, 23.3974], [71.8905, 23.4831], [71.9956, 23.5053], [72.0087, 23.5013]]]}}, {"type": "Feature", "properties": {"name": "The Dangs", "state": "Gujarat"}, "geometry": {"type": "Polygon", "coordinates": [[[73.8963, 20.933], [73.9495, 20.7423], [73.8226, 20.6938], [73.8464, 20.6235], [73.7482, 20.5674], [73.6658, 20.5628], [73.5384, 20.6739], [73.4984, 20.6534], [73.5009, 20.9129], [73.5639, 21.0117], [73.6037, 20.9598], [73.7573, 21.0046], [73.8824, 20.9281], [73.8963, 20.933]]]}}, {"type": "Feature", "properties": {"name": "Vadodara", "state": "Gujarat"}, "geometry": {"type": "Polygon", "coordinates": [[[73.4129, 22.8099], [73.3794, 22.5539], [73.4264, 22.5483], [73.4286, 22.4273], [73.4914, 22.3467], [73.636, 22.3238], [73.6492, 22.3855], [73.7096, 22.3492], [73.64, 22.3014], [73.736, 22.2912], [73.7759, 22.3834], [73.7379, 22.4144], [73.747, 22.5362], [73.8894, 22.5044], [74.0242, 22.5725], [74.0667, 22.5509], [74.0371, 22.4915], [74.0853, 22.5085], [74.123, 22.4208], [74.1908, 22.4779], [74.2942, 22.3945], [74.1911, 22.3219], [74.072, 22.3602], [74.0758, 22.2219], [74.1228, 22.2129], [74.1303, 22.0977], [74.1807, 22.0866], [74.0977, 22.0155], [74.1532, 21.9756], [73.9492, 21.8703], [73.8644, 21.9512], [73.7995, 21.9314], [73.7405, 21.9799], [73.6603, 21.9661], [73.6927, 21.9199], [73.6169, 21.8955], [73.5538, 21.979], [73.4669, 21.979], [73.4314, 21.91], [73.3613, 21.9225], [73.3553, 21.8751], [73.2508, 21.9303], [73.2562, 21.8419], [73.218, 21.8202], [73.0712, 21.8809], [73.0991, 21.9287], [73.0063, 21.9146], [73.0775, 22.0078], [72.9209, 22.0446], [72.8744, 22.1502], [72.9367, 22.1815], [72.8906, 22.1756], [72.8739, 22.2237], [72.9334, 22.3045], [72.9862, 22.2478], [73.0679, 22.3091], [73.0994, 22.507], [73.272, 22.6606], [73.2669, 22.7677], [73.386, 22.7575], [73.4039, 22.8071], [73.4129, 22.8099]]]}}, {"type": "Feature", "properties": {"name": "Valsad", "state": "Gujarat"}, "geometry": {"type": "Polygon", "coordinates": [[[72.8526, 20.7449], [73.0563, 20.7021], [73.0842, 20.5998], [73.2795, 20.582], [73.416, 20.6262], [73.4808, 20.5836], [73.5007, 20.5402], [73.3913, 20.3902], [73.4299, 20.2062], [73.3111, 20.2072], [73.2215, 20.1208], [73.2292, 20.1843], [73.1802, 20.2086], [73.0724, 20.1635], [73.0769, 20.2298], [73.1795, 20.2899], [73.1129, 20.3049], [73.1074, 20.3607], [73.0442, 20.2911], [72.9246, 20.2787], [72.9692, 20.2109], [72.8745, 20.2258], [72.8353, 20.1446], [72.7376, 20.1365], [72.7757, 20.3335], [72.8451, 20.4071], [72.8755, 20.3811], [72.8366, 20.4284], [72.8976, 20.5743], [72.8515, 20.7449], [72.8526, 20.7449]]]}}, {"type": "Feature", "properties": {"name": "Ambala", "state": "Haryana"}, "geometry": {"type": "Polygon", "coordinates": [[[77.0725, 30.5811], [77.3107, 30.4536], [77.1277, 30.2857], [77.1422, 30.2206], [77.065, 30.2154], [77.0987, 30.1802], [77.0528, 30.127], [76.8419, 30.2523], [76.6343, 30.1525], [76.5903, 30.2541], [76.5325, 30.2271], [76.7152, 30.3329], [76.7001, 30.3936], [76.7579, 30.4389], [76.8325, 30.4339], [76.8978, 30.3626], [76.9314, 30.3971], [76.8889, 30.4846], [77.0186, 30.6344], [77.0685, 30.5856], [77.0725, 30.5811]]]}}, {"type": "Feature", "properties": {"name": "Bhiwani", "state": "Haryana"}, "geometry": {"type": "Polygon", "coordinates": [[[76.0089, 29.063], [76.0611, 29.0302], [76.1956, 29.0559], [76.2303, 28.9157], [76.2906, 28.9089], [76.2853, 28.8134], [76.3763, 28.7841], [76.3714, 28.7082], [76.4555, 28.6161], [76.4036, 28.5556], [76.3441, 28.616], [76.2819, 28.4393], [76.2116, 28.4716], [76.1084, 28.4551], [76.0703, 28.3986], [76.0133, 28.3946], [75.9914, 28.4443], [75.8977, 28.4336], [75.8832, 28.3867], [75.7703, 28.4076], [75.7782, 28.4576], [75.5557, 28.6146], [75.4689, 28.938], [75.5925, 28.9961], [75.6714, 28.9164], [75.8227, 28.9167], [75.8945, 29.0199], [75.971, 28.9986], [75.962, 29.0657], [76.0041, 29.0657], [76.0089, 29.063]]]}}, {"type": "Feature", "properties": {"name": "Faridabad", "state": "Haryana"}, "geometry": {"type": "Polygon", "coordinates": [[[77.364, 28.4929], [77.4746, 28.4135], [77.4673, 28.2697], [77.5412, 28.2477], [77.4891, 28.212], [77.5424, 28.1817], [77.4689, 28.086], [77.5361, 27.9493], [77.3292, 27.852], [77.0656, 27.9916], [77.2322, 28.2781], [77.1446, 28.322], [77.1424, 28.3918], [77.2406, 28.4289], [77.2427, 28.4846], [77.3605, 28.4979], [77.364, 28.4929]]]}}, {"type": "Feature", "properties": {"name": "Fatehabad", "state": "Haryana"}, "geometry": {"type": "Polygon", "coordinates": [[[75.7832, 29.8153], [75.9387, 29.7335], [75.9495, 29.569], [75.7728, 29.5277], [75.7041, 29.4338], [75.6229, 29.4229], [75.5826, 29.3389], [75.4073, 29.4161], [75.3883, 29.3224], [75.296, 29.323], [75.2717, 29.2544], [75.2305, 29.2552], [75.2174, 29.3268], [75.2575, 29.3556], [75.2122, 29.3939], [75.2913, 29.4438], [75.2806, 29.6101], [75.41, 29.7753], [75.4443, 29.8078], [75.5688, 29.7426], [75.6874, 29.7518], [75.7099, 29.8123], [75.7724, 29.8247], [75.7832, 29.8153]]]}}, {"type": "Feature", "properties": {"name": "Gurgaon", "state": "Haryana"}, "geometry": {"type": "Polygon", "coordinates": [[[77.0488, 28.5152], [77.1658, 28.4085], [77.1446, 28.322], [77.2322, 28.2781], [77.0656, 27.9916], [77.2982, 27.8932], [77.3273, 27.8377], [77.2346, 27.7858], [77.1506, 27.8156], [77.1265, 27.7765], [77.0383, 27.82], [77.0207, 27.7781], [77.0792, 27.7384], [76.9935, 27.7417], [76.9705, 27.6571], [76.9054, 27.656], [76.9618, 28.144], [76.8465, 28.2395], [76.6731, 28.2679], [76.6365, 28.4146], [76.7002, 28.4961], [76.7513, 28.4679], [77.0417, 28.519], [77.0488, 28.5152]]]}}, {"type": "Feature", "properties": {"name": "Hisar", "state": "Haryana"}, "geometry": {"type": "Polygon", "coordinates": [[[75.9495, 29.569], [75.9258, 29.5069], [76.0138, 29.4345], [76.1921, 29.4065], [76.1821, 29.3006], [76.2204, 29.2245], [76.2816, 29.2128], [76.3076, 29.1207], [76.2304, 29.0605], [76.234, 29.0051], [76.1881, 29.0607], [76.0611, 29.0302], [75.9784, 29.0857], [75.971, 28.9986], [75.8945, 29.0199], [75.8227, 28.9167], [75.6714, 28.9164], [75.5925, 28.9961], [75.5165, 28.9754], [75.3807, 29.0703], [75.3957, 29.2619], [75.3453, 29.2262], [75.3242, 29.2902], [75.2548, 29.2954], [75.3883, 29.3224], [75.4073, 29.4161], [75.5826, 29.3389], [75.6229, 29.4229], [75.7041, 29.4338], [75.7728, 29.5277], [75.9353, 29.5752], [75.9495, 29.569]]]}}, {"type": "Feature", "properties": {"name": "Jhajjar", "state": "Haryana"}, "geometry": {"type": "Polygon", "coordinates": [[[76.9088, 28.8277], [76.9542, 28.7005], [76.926, 28.6292], [76.835, 28.5914], [76.8794, 28.5091], [76.7513, 28.4679], [76.7002, 28.4961], [76.666, 28.4289], [76.606, 28.4338], [76.5749, 28.3515], [76.496, 28.383], [76.3996, 28.3642], [76.4107, 28.3298], [76.3884, 28.4007], [76.3221, 28.3692], [76.2759, 28.4106], [76.3441, 28.616], [76.4036, 28.5556], [76.4555, 28.6161], [76.3949, 28.6745], [76.4094, 28.729], [76.57, 28.7386], [76.6374, 28.8426], [76.7728, 28.7472], [76.7861, 28.818], [76.8928, 28.8671], [76.9071, 28.8389], [76.9088, 28.8277]]]}}, {"type": "Feature", "properties": {"name": "Jind", "state": "Haryana"}, "geometry": {"type": "Polygon", "coordinates": [[[76.2022, 29.8453], [76.1664, 29.6818], [76.2571, 29.5416], [76.3341, 29.5852], [76.5348, 29.4624], [76.745, 29.4722], [76.7228, 29.3972], [76.6369, 29.368], [76.6714, 29.275], [76.5512, 29.2875], [76.5412, 29.2143], [76.4669, 29.2471], [76.5041, 29.1697], [76.4364, 29.0644], [76.2916, 29.0911], [76.2882, 29.2017], [76.1821, 29.3006], [76.1921, 29.4065], [76.0198, 29.4316], [75.9258, 29.5069], [75.9387, 29.7335], [76.1942, 29.845], [76.2022, 29.8453]]]}}, {"type": "Feature", "properties": {"name": "Kaithal", "state": "Haryana"}, "geometry": {"type": "Polygon", "coordinates": [[[76.4363, 30.137], [76.4125, 30.0479], [76.4631, 30.0266], [76.4591, 29.9159], [76.5429, 29.8619], [76.6466, 29.9609], [76.7439, 29.9293], [76.6655, 29.8683], [76.7012, 29.6869], [76.5231, 29.618], [76.4819, 29.5189], [76.3341, 29.5852], [76.2571, 29.5416], [76.1664, 29.6818], [76.242, 29.869], [76.1663, 29.9287], [76.255, 30.1046], [76.1896, 30.1367], [76.3844, 30.1238], [76.4102, 30.2023], [76.4314, 30.1407], [76.4363, 30.137]]]}}, {"type": "Feature", "properties": {"name": "Karnal", "state": "Haryana"}, "geometry": {"type": "Polygon", "coordinates": [[[77.1215, 29.9703], [77.2111, 29.9407], [77.0856, 29.6008], [77.1241, 29.4529], [76.8576, 29.4951], [76.5348, 29.4624], [76.4819, 29.5189], [76.5231, 29.618], [76.7012, 29.6869], [76.6826, 29.897], [76.783, 29.9491], [76.8266, 29.9143], [77.1242, 29.9839], [77.1215, 29.9703]]]}}, {"type": "Feature", "properties": {"name": "Kurukshetra", "state": "Haryana"}, "geometry": {"type": "Polygon", "coordinates": [[[76.8797, 30.2013], [77.0453, 30.127], [77.0618, 30.1701], [77.1418, 30.1584], [77.1708, 30.0655], [77.2704, 30.0483], [77.2111, 29.9407], [77.1028, 29.9955], [77.0824, 29.954], [76.9692, 29.9687], [76.8266, 29.9143], [76.783, 29.9491], [76.6788, 29.9209], [76.6466, 29.9609], [76.5429, 29.8619], [76.4591, 29.9159], [76.4631, 30.0266], [76.4125, 30.0479], [76.4521, 30.1007], [76.6011, 30.0802], [76.6276, 30.1551], [76.8193, 30.253], [76.8729, 30.2063], [76.8797, 30.2013]]]}}, {"type": "Feature", "properties": {"name": "Mahendragarh", "state": "Haryana"}, "geometry": {"type": "Polygon", "coordinates": [[[76.2386, 28.4474], [76.3221, 28.3692], [76.3884, 28.4007], [76.3388, 28.2307], [76.2768, 28.1728], [76.3556, 28.1285], [76.2974, 28.101], [76.3546, 28.0742], [76.3413, 28.0361], [76.1773, 28.0593], [76.2138, 28.0317], [76.1549, 27.999], [76.2233, 27.8409], [76.1729, 27.8075], [76.0881, 27.8684], [75.9631, 27.8647], [75.9774, 27.9093], [75.9236, 27.9331], [76.0356, 28.074], [75.9774, 28.0522], [75.9425, 28.1056], [76.0277, 28.1727], [76.0929, 28.1552], [75.8936, 28.431], [75.9914, 28.4443], [76.0133, 28.3946], [76.0703, 28.3986], [76.1084, 28.4551], [76.2365, 28.4597], [76.2386, 28.4474]]]}}, {"type": "Feature", "properties": {"name": "Panchkula", "state": "Haryana"}, "geometry": {"type": "Polygon", "coordinates": [[[76.8144, 30.9213], [76.8524, 30.8707], [76.9022, 30.8972], [76.9538, 30.8112], [76.998, 30.8143], [77.0094, 30.7457], [77.1006, 30.7324], [77.1624, 30.6387], [77.1238, 30.5727], [77.0227, 30.6366], [76.9443, 30.5312], [76.8878, 30.5382], [76.9106, 30.6058], [76.8622, 30.6793], [76.8188, 30.6606], [76.8468, 30.7925], [76.7625, 30.8934], [76.8134, 30.9273], [76.8144, 30.9213]]]}}, {"type": "Feature", "properties": {"name": "Panipat", "state": "Haryana"}, "geometry": {"type": "Polygon", "coordinates": [[[76.8482, 29.4913], [77.1377, 29.4466], [77.14, 29.1821], [76.9984, 29.2251], [76.8734, 29.1977], [76.775, 29.2785], [76.7007, 29.2557], [76.6316, 29.2994], [76.6393, 29.3733], [76.7228, 29.3972], [76.745, 29.4722], [76.8455, 29.4828], [76.8482, 29.4913]]]}}, {"type": "Feature", "properties": {"name": "Rewari", "state": "Haryana"}, "geometry": {"type": "Polygon", "coordinates": [[[76.6543, 28.3544], [76.6731, 28.2679], [76.8543, 28.2252], [76.6512, 28.0968], [76.6546, 28.0156], [76.5382, 27.9705], [76.5385, 28.0391], [76.4537, 28.0497], [76.4977, 28.0647], [76.4486, 28.0932], [76.4978, 28.1066], [76.471, 28.1547], [76.3768, 28.1381], [76.2995, 28.2029], [76.3511, 28.3718], [76.4107, 28.3298], [76.3996, 28.3642], [76.496, 28.383], [76.5749, 28.3515], [76.606, 28.4338], [76.6513, 28.364], [76.6543, 28.3544]]]}}, {"type": "Feature", "properties": {"name": "Rohtak", "state": "Haryana"}, "geometry": {"type": "Polygon", "coordinates": [[[76.5441, 29.0901], [76.8087, 28.9332], [76.8093, 28.8641], [76.8928, 28.8671], [76.7861, 28.818], [76.7728, 28.7472], [76.6374, 28.8426], [76.57, 28.7386], [76.4408, 28.741], [76.3965, 28.6858], [76.3763, 28.7841], [76.2853, 28.8134], [76.2906, 28.9089], [76.2303, 28.9157], [76.2432, 29.0724], [76.5405, 29.097], [76.5441, 29.0901]]]}}, {"type": "Feature", "properties": {"name": "Sirsa", "state": "Haryana"}, "geometry": {"type": "Polygon", "coordinates": [[[74.8214, 29.9731], [74.9157, 29.9492], [74.9899, 29.8565], [75.0848, 29.9151], [75.0902, 29.8067], [75.1417, 29.777], [75.2009, 29.83], [75.231, 29.7521], [75.1578, 29.6627], [75.2235, 29.5462], [75.2923, 29.5501], [75.2913, 29.4438], [75.2122, 29.3939], [75.2575, 29.3556], [75.2174, 29.3268], [75.2352, 29.2519], [75.0781, 29.2325], [75.0399, 29.2871], [74.9531, 29.2819], [74.9271, 29.3646], [74.8411, 29.4041], [74.5958, 29.3283], [74.5313, 29.425], [74.6144, 29.5271], [74.5665, 29.5635], [74.6054, 29.7529], [74.472, 29.744], [74.4706, 29.802], [74.5536, 29.8656], [74.5191, 29.9433], [74.647, 29.9047], [74.6955, 29.9715], [74.8197, 29.9795], [74.8214, 29.9731]]]}}, {"type": "Feature", "properties": {"name": "Sonepat", "state": "Haryana"}, "geometry": {"type": "Polygon", "coordinates": [[[76.6506, 29.2721], [76.766, 29.2821], [76.8169, 29.2137], [76.9984, 29.2251], [77.1324, 29.1718], [77.122, 29.1058], [77.214, 29.0067], [77.2212, 28.9041], [77.1424, 28.8425], [77.0759, 28.8845], [76.9482, 28.8177], [76.8818, 28.873], [76.8093, 28.8641], [76.8174, 28.9257], [76.6615, 28.9889], [76.6289, 29.0633], [76.469, 29.1008], [76.5041, 29.1697], [76.4669, 29.2471], [76.5412, 29.2143], [76.5512, 29.2875], [76.6416, 29.2759], [76.6506, 29.2721]]]}}, {"type": "Feature", "properties": {"name": "Yamuna Nagar", "state": "Haryana"}, "geometry": {"type": "Polygon", "coordinates": [[[77.3762, 30.4463], [77.4006, 30.4188], [77.4505, 30.4652], [77.435, 30.4037], [77.5098, 30.4488], [77.592, 30.3709], [77.4144, 30.1071], [77.2704, 30.0483], [77.1708, 30.0655], [77.1698, 30.1345], [77.0615, 30.2083], [77.1422, 30.2206], [77.1277, 30.2857], [77.3107, 30.4536], [77.3697, 30.4458], [77.3762, 30.4463]]]}}, {"type": "Feature", "properties": {"name": "Bilaspur", "state": "Himachal Pradesh"}, "geometry": {"type": "Polygon", "coordinates": [[[76.715, 31.5883], [76.7182, 31.5229], [76.7717, 31.5048], [76.7896, 31.4258], [76.8661, 31.4151], [76.8617, 31.3347], [76.9137, 31.3056], [76.8693, 31.2273], [76.5806, 31.2164], [76.5705, 31.2801], [76.4311, 31.2828], [76.3792, 31.3912], [76.3846, 31.4295], [76.4576, 31.4271], [76.4446, 31.4886], [76.5999, 31.4216], [76.6074, 31.5762], [76.7142, 31.5901], [76.715, 31.5883]]]}}, {"type": "Feature", "properties": {"name": "Chamba", "state": "Himachal Pradesh"}, "geometry": {"type": "Polygon", "coordinates": [[[76.5559, 33.2069], [76.627, 33.1625], [76.7299, 33.1794], [76.7182, 33.084], [76.7738, 32.9621], [76.6537, 32.847], [76.4963, 32.8042], [76.4268, 32.8546], [76.3587, 32.7976], [76.426, 32.6607], [76.5769, 32.6438], [76.6983, 32.5399], [76.8666, 32.5219], [76.7378, 32.3603], [76.7553, 32.2234], [76.6092, 32.1945], [76.2073, 32.3966], [76.1506, 32.3548], [76.1661, 32.2286], [76.107, 32.2295], [76.0155, 32.2714], [75.851, 32.5079], [75.9236, 32.6437], [75.9125, 32.7571], [75.7946, 32.8702], [75.7983, 32.9194], [75.9874, 32.9006], [76.0937, 33.0048], [76.2373, 33.0326], [76.3846, 33.1829], [76.5475, 33.2095], [76.5559, 33.2069]]]}}, {"type": "Feature", "properties": {"name": "Hamirpur", "state": "Himachal Pradesh"}, "geometry": {"type": "Polygon", "coordinates": [[[76.6124, 31.8188], [76.7128, 31.6677], [76.715, 31.5883], [76.6074, 31.5762], [76.5999, 31.4216], [76.4446, 31.4886], [76.2865, 31.7899], [76.3978, 31.7869], [76.5768, 31.8985], [76.6255, 31.8771], [76.6135, 31.8276], [76.6124, 31.8188]]]}}, {"type": "Feature", "properties": {"name": "Kangra", "state": "Himachal Pradesh"}, "geometry": {"type": "Polygon", "coordinates": [[[76.879, 32.449], [76.9361, 32.4055], [77.0639, 32.4149], [76.9727, 32.1136], [76.8267, 32.0437], [76.7767, 32.0771], [76.7225, 32.0325], [76.6641, 32.0504], [76.6629, 31.8759], [76.5768, 31.8985], [76.3978, 31.7869], [76.2865, 31.7899], [76.275, 31.6887], [76.0679, 31.846], [75.9443, 31.8575], [75.8662, 31.9688], [75.5788, 32.0817], [75.6618, 32.1647], [75.6225, 32.2347], [75.9111, 32.4092], [75.9756, 32.3763], [76.0155, 32.2714], [76.107, 32.2295], [76.1661, 32.2286], [76.1506, 32.3548], [76.2387, 32.3955], [76.4087, 32.2661], [76.7212, 32.1899], [76.7695, 32.3188], [76.7378, 32.3603], [76.8835, 32.4556], [76.879, 32.449]]]}}, {"type": "Feature", "properties": {"name": "Kinnaur", "state": "Himachal Pradesh"}, "geometry": {"type": "Polygon", "coordinates": [[[78.6861, 32.0576], [78.771, 31.9998], [78.6932, 31.7865], [78.8312, 31.6199], [78.7213, 31.541], [78.7166, 31.4849], [78.7955, 31.4528], [78.7764, 31.4012], [78.9966, 31.1153], [78.8714, 31.1073], [78.795, 31.205], [78.6477, 31.1947], [78.5954, 31.2364], [78.4701, 31.2038], [78.3693, 31.2879], [78.1491, 31.3493], [78.0883, 31.4243], [77.8971, 31.4403], [77.8256, 31.5112], [77.7472, 31.766], [78.0174, 31.7652], [78.0676, 31.7917], [78.0739, 31.8625], [78.173, 31.8764], [78.1862, 31.9371], [78.4405, 31.9439], [78.4036, 31.9938], [78.4326, 32.0593], [78.6483, 32.0936], [78.6848, 32.0586], [78.6861, 32.0576]]]}}, {"type": "Feature", "properties": {"name": "Kullu", "state": "Himachal Pradesh"}, "geometry": {"type": "Polygon", "coordinates": [[[77.2004, 32.3854], [77.3098, 32.3244], [77.3537, 32.2257], [77.529, 32.226], [77.7283, 32.0952], [77.7849, 31.9896], [77.7679, 31.919], [77.853, 31.8866], [77.838, 31.7631], [77.7472, 31.766], [77.6333, 31.6644], [77.6938, 31.5065], [77.6131, 31.4501], [77.615, 31.3951], [77.3719, 31.3653], [77.2869, 31.5611], [77.2906, 31.6654], [77.2021, 31.7244], [77.1649, 31.8448], [77.0441, 31.8379], [76.9236, 32.0654], [77.0362, 32.2286], [77.0144, 32.3092], [77.0581, 32.3994], [77.1872, 32.3921], [77.2004, 32.3854]]]}}, {"type": "Feature", "properties": {"name": "Lahul and Spiti", "state": "Himachal Pradesh"}, "geometry": {"type": "Polygon", "coordinates": [[[76.8028, 33.2367], [76.8035, 33.1557], [76.9175, 33.0337], [77.1364, 32.9805], [77.1462, 32.914], [77.3279, 32.8199], [77.3875, 32.8855], [77.4552, 32.8617], [77.6652, 32.986], [77.7125, 32.9718], [77.7902, 32.9054], [77.7614, 32.8648], [77.9151, 32.7661], [77.9033, 32.6931], [77.9826, 32.5865], [78.3714, 32.7618], [78.3888, 32.6232], [78.2966, 32.5775], [78.2785, 32.5079], [78.3104, 32.4759], [78.3944, 32.5285], [78.5188, 32.4185], [78.4392, 32.2465], [78.5929, 32.2187], [78.5743, 32.1586], [78.6428, 32.0781], [78.4326, 32.0593], [78.4036, 31.9938], [78.4405, 31.9439], [78.1862, 31.9371], [78.173, 31.8764], [78.0739, 31.8625], [78.0676, 31.7917], [77.8834, 31.7571], [77.8325, 31.8097], [77.853, 31.8866], [77.7573, 31.9384], [77.7849, 31.9896], [77.7283, 32.0952], [77.529, 32.226], [77.4065, 32.1977], [77.1796, 32.4039], [76.9361, 32.4055], [76.8392, 32.4716], [76.8567, 32.5335], [76.6983, 32.5399], [76.5769, 32.6438], [76.426, 32.6607], [76.3603, 32.8205], [76.6537, 32.847], [76.7563, 32.9389], [76.718, 33.0979], [76.7553, 33.2495], [76.7969, 33.2412], [76.8028, 33.2367]]]}}, {"type": "Feature", "properties": {"name": "Mandi", "state": "Himachal Pradesh"}, "geometry": {"type": "Polygon", "coordinates": [[[76.7854, 32.076], [76.9236, 32.0654], [77.0441, 31.8379], [77.1649, 31.8448], [77.2021, 31.7244], [77.2906, 31.6654], [77.3114, 31.4744], [77.376, 31.3753], [77.291, 31.2752], [77.1182, 31.2325], [76.7896, 31.4258], [76.7717, 31.5048], [76.7182, 31.5229], [76.7128, 31.6677], [76.6104, 31.7781], [76.6787, 31.9351], [76.6472, 32.0329], [76.7767, 32.0771], [76.7854, 32.076]]]}}, {"type": "Feature", "properties": {"name": "Shimla", "state": "Himachal Pradesh"}, "geometry": {"type": "Polygon", "coordinates": [[[77.7563, 31.7077], [77.8875, 31.4474], [77.9485, 31.407], [78.0883, 31.4243], [78.1491, 31.3493], [78.2767, 31.3285], [78.2955, 31.2729], [78.0142, 31.1549], [77.8875, 31.1547], [77.8006, 31.0621], [77.8171, 30.9536], [77.7346, 30.9596], [77.7956, 30.9238], [77.7894, 30.8585], [77.7445, 30.8812], [77.6883, 30.7687], [77.6439, 30.8107], [77.5311, 30.7783], [77.4182, 30.8766], [77.4023, 31.003], [77.3596, 31.0265], [77.2324, 30.9229], [77.1724, 31.0131], [77.0537, 31.0545], [77.0595, 31.091], [77.0252, 31.0722], [77.0326, 31.1198], [76.9788, 31.1154], [77.0198, 31.1627], [76.9887, 31.3014], [77.1474, 31.2346], [77.291, 31.2752], [77.3495, 31.3603], [77.615, 31.3951], [77.6131, 31.4501], [77.6938, 31.5065], [77.6333, 31.6644], [77.7479, 31.7084], [77.7563, 31.7077]]]}}, {"type": "Feature", "properties": {"name": "Sirmaur", "state": "Himachal Pradesh"}, "geometry": {"type": "Polygon", "coordinates": [[[77.4135, 30.9056], [77.4792, 30.7986], [77.6439, 30.8107], [77.7791, 30.6638], [77.7295, 30.5984], [77.8059, 30.5607], [77.8006, 30.5132], [77.5811, 30.4303], [77.5749, 30.3845], [77.5098, 30.4488], [77.4164, 30.4084], [77.4505, 30.4652], [77.4006, 30.4188], [77.2026, 30.4803], [77.1115, 30.5673], [77.1575, 30.5996], [77.1535, 30.6887], [77.0047, 30.7525], [77.3596, 31.0265], [77.4267, 30.9802], [77.4122, 30.9125], [77.4135, 30.9056]]]}}, {"type": "Feature", "properties": {"name": "Solan", "state": "Himachal Pradesh"}, "geometry": {"type": "Polygon", "coordinates": [[[76.9065, 31.3704], [76.9995, 31.2824], [77.0198, 31.1627], [76.9788, 31.1154], [77.0326, 31.1198], [77.0252, 31.0722], [77.0643, 31.0889], [77.0537, 31.0545], [77.2381, 30.9518], [77.0153, 30.7518], [76.9022, 30.8972], [76.7699, 30.9064], [76.6124, 31.0021], [76.599, 31.0536], [76.6257, 31.1102], [76.5904, 31.1829], [76.7185, 31.2434], [76.8693, 31.2273], [76.9137, 31.3056], [76.8614, 31.3577], [76.8948, 31.3662], [76.9065, 31.3704]]]}}, {"type": "Feature", "properties": {"name": "Una", "state": "Himachal Pradesh"}, "geometry": {"type": "Polygon", "coordinates": [[[76.0396, 31.856], [76.275, 31.6887], [76.2992, 31.7238], [76.4649, 31.4445], [76.3816, 31.4106], [76.3631, 31.4414], [76.2904, 31.3156], [76.1728, 31.3067], [75.9218, 31.8172], [76.0327, 31.863], [76.0396, 31.856]]]}}, {"type": "Feature", "properties": {"name": "Anantnag (Kashmir South)", "state": "Jammu and Kashmir"}, "geometry": {"type": "Polygon", "coordinates": [[[75.7429, 34.1916], [75.525, 33.9336], [75.662, 33.62], [75.5589, 33.3748], [75.2909, 33.5285], [75.3033, 33.5967], [75.2435, 33.5857], [75.2514, 33.5317], [75.185, 33.4649], [74.7163, 33.5252], [74.7162, 33.6956], [74.8756, 33.6404], [75.2145, 33.8155], [75.2518, 34.1487], [75.4775, 34.3738], [75.6341, 34.2315], [75.7384, 34.2032], [75.7429, 34.1916]]]}}, {"type": "Feature", "properties": {"name": "Bagdam", "state": "Jammu and Kashmir"}, "geometry": {"type": "Polygon", "coordinates": [[[74.9967, 34.0425], [74.9692, 33.8534], [74.7236, 33.6865], [74.5297, 34.0277], [74.886, 34.1525], [74.9961, 34.0452], [74.9967, 34.0425]]]}}, {"type": "Feature", "properties": {"name": "Baramula (Kashmir North)", "state": "Jammu and Kashmir"}, "geometry": {"type": "Polygon", "coordinates": [[[74.648, 34.7226], [75.0187, 34.6415], [75.2497, 34.6473], [75.3505, 34.5622], [75.4646, 34.5434], [75.4775, 34.3738], [75.2824, 34.3617], [75.0738, 34.4664], [75.0253, 34.3741], [74.8069, 34.3499], [74.787, 34.2698], [74.886, 34.1525], [74.8383, 34.1142], [74.4651, 34.0008], [74.2812, 34.0046], [74.1235, 34.0954], [73.9478, 34.105], [73.8843, 34.0614], [73.982, 34.2391], [73.9133, 34.3479], [74.0946, 34.3053], [74.1658, 34.339], [74.4019, 34.3165], [74.4581, 34.4477], [74.5219, 34.4739], [74.5031, 34.5864], [74.6118, 34.71], [74.648, 34.7226]]]}}, {"type": "Feature", "properties": {"name": "Doda", "state": "Jammu and Kashmir"}, "geometry": {"type": "Polygon", "coordinates": [[[75.7429, 34.1916], [75.9382, 33.9807], [76.0966, 33.9864], [76.2283, 33.8645], [76.3332, 33.7053], [76.3068, 33.5618], [76.4004, 33.5949], [76.534, 33.5348], [76.7068, 33.4097], [76.8063, 33.2362], [76.76, 33.253], [76.7299, 33.1794], [76.627, 33.1625], [76.5819, 33.2069], [76.3917, 33.1867], [76.2373, 33.0326], [76.0937, 33.0048], [75.9396, 32.8842], [75.8671, 32.9302], [75.7984, 32.9022], [75.6662, 32.9375], [75.2327, 33.1303], [75.2833, 33.2891], [75.1808, 33.3801], [75.1743, 33.4583], [75.2514, 33.5317], [75.2435, 33.5857], [75.3033, 33.5967], [75.2909, 33.5285], [75.5589, 33.3748], [75.662, 33.62], [75.525, 33.9336], [75.7335, 34.1789], [75.7429, 34.1916]]]}}, {"type": "Feature", "properties": {"name": "Jammu", "state": "Jammu and Kashmir"}, "geometry": {"type": "Polygon", "coordinates": [[[74.6756, 33.0007], [74.7746, 32.9697], [74.8008, 33.0375], [74.9402, 33.0532], [74.9708, 32.9169], [75.033, 32.9308], [75.2261, 32.8292], [75.2388, 32.7019], [75.4311, 32.609], [75.2151, 32.4963], [75.1974, 32.4041], [75.0366, 32.4921], [74.9793, 32.4478], [74.6984, 32.4849], [74.6422, 32.611], [74.697, 32.8397], [74.5315, 32.7407], [74.4139, 32.9039], [74.3161, 32.9302], [74.4489, 32.9996], [74.565, 32.9587], [74.6509, 33.0056], [74.6756, 33.0007]]]}}, {"type": "Feature", "properties": {"name": "Kargil", "state": "Jammu and Kashmir"}, "geometry": {"type": "Polygon", "coordinates": [[[75.4646, 34.5434], [75.7492, 34.5158], [76.0365, 34.6703], [76.1579, 34.6434], [76.3287, 34.7331], [76.3674, 34.3474], [76.4445, 34.2319], [76.6851, 34.1356], [76.892, 33.9142], [77.3107, 33.7795], [77.5081, 33.6303], [77.561, 33.5292], [77.5225, 33.433], [77.3637, 33.2741], [77.5232, 32.8898], [77.3875, 32.8855], [77.3279, 32.8199], [77.1462, 32.914], [77.1364, 32.9805], [76.9175, 33.0337], [76.8035, 33.1557], [76.8283, 33.2464], [76.7068, 33.4097], [76.4215, 33.592], [76.3068, 33.5618], [76.3332, 33.7053], [76.2283, 33.8645], [76.0966, 33.9864], [75.9382, 33.9807], [75.7384, 34.2032], [75.5775, 34.2763], [75.4775, 34.3738], [75.4636, 34.5308], [75.4646, 34.5434]]]}}, {"type": "Feature", "properties": {"name": "Kathua", "state": "Jammu and Kashmir"}, "geometry": {"type": "Polygon", "coordinates": [[[75.9046, 32.6152], [75.7115, 32.4182], [75.5292, 32.3489], [75.4989, 32.2753], [75.4722, 32.34], [75.3223, 32.3373], [75.1974, 32.4041], [75.2151, 32.4963], [75.4274, 32.5876], [75.4388, 32.6345], [75.6223, 32.6788], [75.6218, 32.7391], [75.758, 32.778], [75.7954, 32.8693], [75.9125, 32.7571], [75.9078, 32.6191], [75.9046, 32.6152]]]}}, {"type": "Feature", "properties": {"name": "Kupwara (Muzaffarabad)", "state": "Jammu and Kashmir"}, "geometry": {"type": "Polygon", "coordinates": [[[73.7897, 34.427], [73.9481, 34.5731], [73.9602, 34.6967], [74.1418, 34.6912], [74.3073, 34.8003], [74.474, 34.7906], [74.648, 34.7226], [74.5031, 34.5864], [74.5219, 34.4739], [74.4581, 34.4477], [74.4019, 34.3165], [73.8418, 34.3383], [73.7632, 34.3596], [73.777, 34.4163], [73.7897, 34.427]]]}}, {"type": "Feature", "properties": {"name": "Ladakh (Leh)", "state": "Jammu and Kashmir"}, "geometry": {"type": "Polygon", "coordinates": [[[78.0137, 35.2642], [78.1242, 35.1354], [78.0829, 35.0825], [78.248, 34.6951], [78.4251, 34.6035], [78.5693, 34.6119], [78.9815, 34.3329], [78.9562, 34.2178], [78.7064, 34.0722], [78.7704, 34.0197], [78.7116, 33.9225], [78.784, 33.7704], [78.711, 33.6549], [78.8233, 33.4835], [79.0666, 33.2959], [79.075, 33.2286], [79.4098, 33.1788], [79.3525, 32.979], [79.5405, 32.7487], [79.5454, 32.6074], [79.3122, 32.4871], [79.203, 32.5108], [79.1265, 32.4643], [79.1045, 32.3717], [78.9772, 32.3428], [78.7812, 32.4753], [78.7459, 32.6961], [78.3104, 32.4759], [78.2966, 32.5775], [78.3888, 32.6232], [78.3714, 32.7618], [77.9826, 32.5865], [77.9033, 32.6931], [77.9151, 32.7661], [77.7614, 32.8648], [77.7902, 32.9054], [77.7125, 32.9718], [77.6652, 32.986], [77.5232, 32.8898], [77.3637, 33.2741], [77.4696, 33.3608], [77.561, 33.5292], [77.4311, 33.7217], [76.892, 33.9142], [76.6851, 34.1356], [76.4445, 34.2319], [76.3674, 34.3474], [76.3287, 34.7331], [76.4743, 34.7944], [76.6818, 34.7596], [76.7494, 34.9266], [76.87, 34.9724], [76.9975, 34.9392], [77.0181, 35.0385], [77.1568, 35.0547], [77.8239, 35.5013], [77.903, 35.4276], [77.9617, 35.4801], [78.104, 35.4845], [77.9971, 35.3941], [78.0064, 35.2904], [78.0137, 35.2642]]]}}, {"type": "Feature", "properties": {"name": "Pulwama", "state": "Jammu and Kashmir"}, "geometry": {"type": "Polygon", "coordinates": [[[75.2426, 34.0477], [75.2145, 33.8155], [74.8756, 33.6404], [74.7236, 33.6865], [74.9692, 33.8534], [74.9967, 34.0425], [75.2088, 34.0453], [75.2426, 34.0477]]]}}, {"type": "Feature", "properties": {"name": "Punch", "state": "Jammu and Kashmir"}, "geometry": {"type": "Polygon", "coordinates": [[[73.8898, 34.0424], [73.9478, 34.105], [74.1235, 34.0954], [74.2812, 34.0046], [74.5297, 34.0277], [74.5915, 33.9711], [74.7189, 33.7124], [74.7277, 33.5037], [74.5502, 33.5791], [74.4521, 33.5657], [74.3456, 33.3811], [74.2399, 33.5113], [74.1646, 33.4956], [74.0957, 33.5704], [74.0284, 33.5747], [73.9563, 33.7203], [74.0657, 33.8201], [74.2197, 33.8672], [74.2487, 34.0138], [74.1237, 34.0552], [73.8982, 34.0328], [73.8898, 34.0424]]]}}, {"type": "Feature", "properties": {"name": "Rajauri", "state": "Jammu and Kashmir"}, "geometry": {"type": "Polygon", "coordinates": [[[74.7532, 33.5079], [74.8048, 33.3992], [74.8048, 33.2363], [74.6847, 33.2142], [74.7384, 33.1763], [74.6989, 33.0308], [74.565, 32.9587], [74.4489, 32.9996], [74.3737, 32.9458], [74.3349, 32.9548], [74.3379, 33.0259], [74.2052, 33.0433], [74.1117, 33.1644], [74.0143, 33.1982], [74.0203, 33.2588], [74.103, 33.2705], [74.1707, 33.3466], [74.1646, 33.4956], [74.2399, 33.5113], [74.3456, 33.3811], [74.4521, 33.5657], [74.5502, 33.5791], [74.7391, 33.5098], [74.7532, 33.5079]]]}}, {"type": "Feature", "properties": {"name": "Srinagar", "state": "Jammu and Kashmir"}, "geometry": {"type": "Polygon", "coordinates": [[[75.4775, 34.3738], [75.2834, 34.1975], [75.2426, 34.0477], [74.9967, 34.0425], [74.8137, 34.2188], [74.7957, 34.3402], [75.0253, 34.3741], [75.0738, 34.4664], [75.2824, 34.3617], [75.4729, 34.3797], [75.4775, 34.3738]]]}}, {"type": "Feature", "properties": {"name": "Udhampur", "state": "Jammu and Kashmir"}, "geometry": {"type": "Polygon", "coordinates": [[[74.9139, 33.5152], [75.185, 33.4649], [75.1713, 33.3964], [75.2833, 33.2891], [75.2327, 33.1303], [75.7984, 32.9022], [75.758, 32.778], [75.6388, 32.7565], [75.6223, 32.6788], [75.4311, 32.609], [75.2388, 32.7019], [75.2261, 32.8292], [75.033, 32.9308], [74.9708, 32.9169], [74.9402, 33.0532], [74.8008, 33.0375], [74.7746, 32.9697], [74.6756, 33.0007], [74.7384, 33.1541], [74.6847, 33.2142], [74.8048, 33.2363], [74.8048, 33.3992], [74.7532, 33.5079], [74.8772, 33.5222], [74.9139, 33.5152]]]}}, {"type": "Feature", "properties": {"name": "Bokaro", "state": "Jharkhand"}, "geometry": {"type": "Polygon", "coordinates": [[[85.6753, 23.9648], [85.8322, 23.8282], [85.8872, 23.9532], [85.9694, 23.8865], [86.1215, 23.9038], [86.1654, 23.7263], [86.2956, 23.7372], [86.4664, 23.6296], [86.3809, 23.5844], [86.3719, 23.4827], [86.3, 23.4201], [86.1455, 23.4731], [86.1448, 23.5678], [86.0469, 23.5839], [86.0108, 23.5516], [86.0472, 23.4936], [85.8776, 23.4759], [85.758, 23.6719], [85.6489, 23.5893], [85.6097, 23.6142], [85.6485, 23.7951], [85.6063, 23.779], [85.5768, 23.8339], [85.6727, 23.9675], [85.6753, 23.9648]]]}}, {"type": "Feature", "properties": {"name": "Chatra", "state": "Jharkhand"}, "geometry": {"type": "Polygon", "coordinates": [[[85.0807, 24.3808], [85.0957, 24.3359], [85.3451, 24.3207], [85.2931, 24.2097], [85.1408, 24.2254], [85.1649, 24.1101], [85.2442, 24.0266], [85.1809, 23.9486], [85.0281, 23.9839], [85.0567, 23.7323], [84.9907, 23.6802], [84.896, 23.7742], [84.938, 23.8018], [84.916, 23.95], [84.7521, 23.9665], [84.7358, 24.0477], [84.5633, 23.9845], [84.5729, 24.1413], [84.4374, 24.2437], [84.5215, 24.3763], [84.6583, 24.3937], [84.7953, 24.5295], [84.8344, 24.4525], [84.8802, 24.4628], [84.898, 24.3721], [85.0762, 24.4399], [85.0655, 24.3868], [85.0807, 24.3808]]]}}, {"type": "Feature", "properties": {"name": "Deoghar", "state": "Jharkhand"}, "geometry": {"type": "Polygon", "coordinates": [[[86.6093, 24.6074], [86.6684, 24.5606], [86.7771, 24.6198], [86.8003, 24.5646], [86.9112, 24.5387], [86.8795, 24.427], [86.9359, 24.4183], [86.9567, 24.316], [87.0197, 24.3246], [87.0656, 24.2517], [87.041, 24.1939], [86.9738, 24.2186], [86.9359, 24.1692], [86.9739, 24.108], [86.946, 24.0439], [86.7623, 24.07], [86.6895, 24.1154], [86.689, 24.1676], [86.6684, 24.1332], [86.4832, 24.1508], [86.5109, 24.2369], [86.4637, 24.4185], [86.6029, 24.6051], [86.6093, 24.6074]]]}}, {"type": "Feature", "properties": {"name": "Dhanbad", "state": "Jharkhand"}, "geometry": {"type": "Polygon", "coordinates": [[[86.3846, 24.0532], [86.5739, 23.9977], [86.7639, 23.8744], [86.8198, 23.7611], [86.792, 23.6874], [86.4664, 23.6296], [86.2956, 23.7372], [86.1654, 23.7263], [86.131, 23.9351], [86.2867, 23.9128], [86.3164, 24.0361], [86.3812, 24.0577], [86.3846, 24.0532]]]}}, {"type": "Feature", "properties": {"name": "Dumka", "state": "Jharkhand"}, "geometry": {"type": "Polygon", "coordinates": [[[87.0444, 24.624], [87.3087, 24.5955], [87.3827, 24.5012], [87.5689, 24.504], [87.5793, 24.257], [87.6417, 24.2499], [87.6896, 24.1498], [87.5694, 24.1557], [87.6076, 24.1289], [87.5762, 24.0853], [87.4936, 24.1152], [87.5106, 24.0398], [87.4338, 24.0083], [87.458, 23.9814], [87.1649, 24.0305], [87.018, 24.1471], [86.9739, 24.108], [86.9289, 24.1372], [86.9687, 24.2158], [87.041, 24.1939], [87.0656, 24.2517], [87.0197, 24.3246], [86.9567, 24.316], [86.9359, 24.4183], [86.8795, 24.427], [86.8981, 24.5865], [86.9301, 24.6428], [87.0459, 24.6202], [87.0444, 24.624]]]}}, {"type": "Feature", "properties": {"name": "Garhwa", "state": "Jharkhand"}, "geometry": {"type": "Polygon", "coordinates": [[[83.868, 24.5329], [83.8109, 24.292], [83.9835, 24.1092], [83.8594, 24.0701], [83.8189, 24.0008], [83.9673, 23.8574], [83.9865, 23.7088], [84.0623, 23.6916], [83.9379, 23.6224], [83.9353, 23.563], [83.8005, 23.5832], [83.7147, 23.6825], [83.6954, 23.8207], [83.5612, 23.863], [83.5096, 24.0254], [83.3236, 24.1013], [83.4019, 24.266], [83.3759, 24.3145], [83.4514, 24.3647], [83.4001, 24.4087], [83.3955, 24.5038], [83.8577, 24.5376], [83.868, 24.5329]]]}}, {"type": "Feature", "properties": {"name": "Giridih", "state": "Jharkhand"}, "geometry": {"type": "Polygon", "coordinates": [[[86.0506, 24.7795], [86.0391, 24.7413], [86.1244, 24.7052], [86.1333, 24.6035], [86.3229, 24.5841], [86.2791, 24.462], [86.4522, 24.3686], [86.5109, 24.2369], [86.4832, 24.1508], [86.5697, 24.1388], [86.4808, 24.0221], [86.3306, 24.051], [86.2867, 23.9128], [86.1917, 23.947], [85.9694, 23.8865], [85.8852, 24.0329], [85.6632, 24.1553], [85.7941, 24.2312], [85.8504, 24.2184], [85.825, 24.4459], [85.8612, 24.5263], [85.7579, 24.6256], [85.8342, 24.6701], [85.8155, 24.7295], [86.0479, 24.7783], [86.0506, 24.7795]]]}}, {"type": "Feature", "properties": {"name": "Godda", "state": "Jharkhand"}, "geometry": {"type": "Polygon", "coordinates": [[[87.4722, 25.1947], [87.5173, 25.0571], [87.4492, 24.8932], [87.5064, 24.7971], [87.4331, 24.7604], [87.464, 24.577], [87.3865, 24.5443], [87.3993, 24.5005], [87.3087, 24.5955], [87.0444, 24.624], [87.0786, 24.8223], [87.1581, 24.8856], [87.1468, 25.0243], [87.2114, 25.0896], [87.2911, 25.0893], [87.3235, 25.2231], [87.4676, 25.1931], [87.4722, 25.1947]]]}}, {"type": "Feature", "properties": {"name": "Gumla", "state": "Jharkhand"}, "geometry": {"type": "Polygon", "coordinates": [[[84.3919, 23.6035], [84.4639, 23.5752], [84.4677, 23.4843], [84.4169, 23.4254], [84.4795, 23.3551], [84.5063, 23.3829], [84.629, 23.306], [84.7804, 23.3198], [84.7823, 23.2785], [84.9196, 23.3094], [84.8927, 23.2595], [84.9445, 23.2179], [84.8626, 23.0922], [84.9402, 22.9629], [85.0083, 22.9451], [84.9754, 22.895], [85.0008, 22.8012], [84.8771, 22.7394], [84.8408, 22.7671], [84.8514, 22.7207], [84.813, 22.7431], [84.8082, 22.7064], [84.7258, 22.799], [84.6896, 22.7396], [84.5805, 22.7113], [84.5102, 22.7529], [84.5491, 22.7853], [84.4507, 22.8334], [84.4093, 22.7609], [84.333, 22.7442], [84.2871, 22.7767], [84.376, 22.8736], [84.3734, 22.9721], [84.2171, 22.9765], [84.1899, 23.0237], [84.148, 22.9639], [84.1294, 23.0815], [84.0337, 23.1384], [84.0703, 23.33], [84.2367, 23.3476], [84.2449, 23.4505], [84.3198, 23.4936], [84.312, 23.5779], [84.3862, 23.6026], [84.3919, 23.6035]]]}}, {"type": "Feature", "properties": {"name": "Hazaribag", "state": "Jharkhand"}, "geometry": {"type": "Polygon", "coordinates": [[[85.4421, 24.5394], [85.5112, 24.4542], [85.5233, 24.339], [85.8507, 24.2857], [85.8504, 24.2184], [85.7941, 24.2312], [85.6632, 24.1553], [85.8593, 24.0551], [85.9232, 23.9541], [85.8838, 23.952], [85.8322, 23.8282], [85.6727, 23.9675], [85.5768, 23.8339], [85.6063, 23.779], [85.6485, 23.7951], [85.6097, 23.6142], [85.6489, 23.5893], [85.7618, 23.6696], [85.8332, 23.5017], [85.8831, 23.4828], [85.8536, 23.4218], [85.6261, 23.467], [85.516, 23.5754], [85.5044, 23.5397], [85.2617, 23.5789], [85.1976, 23.6321], [85.2185, 23.6991], [85.0525, 23.6877], [85.0281, 23.9839], [85.1964, 23.9608], [85.2398, 24.0644], [85.1649, 24.1101], [85.1331, 24.2096], [85.1532, 24.2403], [85.2931, 24.2097], [85.3451, 24.3207], [85.0957, 24.3359], [85.0807, 24.3808], [85.2825, 24.5267], [85.4333, 24.5361], [85.4421, 24.5394]]]}}, {"type": "Feature", "properties": {"name": "Jamtara", "state": "Jharkhand"}, "geometry": {"type": "Polygon", "coordinates": [[[86.9739, 24.108], [87.018, 24.1471], [87.131, 24.0438], [87.2327, 24.0246], [87.2926, 23.8901], [87.2482, 23.907], [87.2291, 23.823], [87.2362, 23.8531], [87.1309, 23.867], [87.1487, 23.7944], [86.9069, 23.8795], [86.8823, 23.8145], [86.8712, 23.8442], [86.8138, 23.8122], [86.5739, 23.9977], [86.468, 24.0139], [86.5645, 24.1382], [86.689, 24.1676], [86.6895, 24.1154], [86.7623, 24.07], [86.946, 24.0439], [86.967, 24.0982], [86.9739, 24.108]]]}}, {"type": "Feature", "properties": {"name": "Koderma", "state": "Jharkhand"}, "geometry": {"type": "Polygon", "coordinates": [[[85.9046, 24.7613], [85.8155, 24.7295], [85.8342, 24.6701], [85.7579, 24.6256], [85.8612, 24.5263], [85.825, 24.4459], [85.8507, 24.2857], [85.5233, 24.339], [85.5112, 24.4542], [85.4421, 24.5394], [85.5183, 24.5245], [85.5766, 24.603], [85.6647, 24.5819], [85.6495, 24.687], [85.7367, 24.8227], [85.9017, 24.7699], [85.9046, 24.7613]]]}}, {"type": "Feature", "properties": {"name": "Latehar", "state": "Jharkhand"}, "geometry": {"type": "Polygon", "coordinates": [[[84.5784, 23.9859], [84.7358, 24.0477], [84.7521, 23.9665], [84.9263, 23.9392], [84.938, 23.8018], [84.896, 23.7742], [84.9587, 23.7057], [84.9124, 23.6515], [84.9278, 23.5489], [84.899, 23.5803], [84.8469, 23.532], [84.791, 23.5763], [84.7782, 23.5445], [84.7286, 23.6374], [84.6738, 23.6031], [84.5946, 23.6671], [84.5586, 23.6136], [84.4981, 23.6754], [84.312, 23.5779], [84.3198, 23.4936], [84.2449, 23.4505], [84.2367, 23.3476], [84.0703, 23.33], [83.9658, 23.3812], [84.0227, 23.5442], [84.0018, 23.6229], [84.0623, 23.6916], [83.9798, 23.7314], [84.1326, 23.9426], [84.2437, 23.9265], [84.2365, 23.8852], [84.4443, 23.9611], [84.4888, 23.8931], [84.5789, 23.9817], [84.5784, 23.9859]]]}}, {"type": "Feature", "properties": {"name": "Lohardaga", "state": "Jharkhand"}, "geometry": {"type": "Polygon", "coordinates": [[[84.3919, 23.6035], [84.4981, 23.6754], [84.5586, 23.6136], [84.6342, 23.6666], [84.6738, 23.6031], [84.7286, 23.6374], [84.7782, 23.5445], [84.791, 23.5763], [84.8469, 23.532], [84.8795, 23.5564], [84.9373, 23.5029], [84.8798, 23.404], [84.8912, 23.3186], [84.8061, 23.282], [84.7389, 23.33], [84.5895, 23.3183], [84.5063, 23.3829], [84.4795, 23.3551], [84.4169, 23.4254], [84.4677, 23.4843], [84.4639, 23.5752], [84.4003, 23.5993], [84.3919, 23.6035]]]}}, {"type": "Feature", "properties": {"name": "Pakur", "state": "Jharkhand"}, "geometry": {"type": "Polygon", "coordinates": [[[87.8397, 24.7382], [87.9008, 24.7216], [87.8727, 24.6107], [87.91, 24.5939], [87.8482, 24.5511], [87.7694, 24.5818], [87.8229, 24.4944], [87.81, 24.4066], [87.6814, 24.2464], [87.5793, 24.257], [87.5594, 24.5196], [87.3843, 24.5223], [87.4635, 24.5734], [87.4562, 24.7917], [87.5484, 24.827], [87.7096, 24.7314], [87.7417, 24.7654], [87.794, 24.7135], [87.8394, 24.7319], [87.8397, 24.7382]]]}}, {"type": "Feature", "properties": {"name": "Palamu", "state": "Jharkhand"}, "geometry": {"type": "Polygon", "coordinates": [[[83.868, 24.5329], [83.9922, 24.638], [84.1098, 24.4814], [84.1461, 24.5403], [84.1793, 24.5104], [84.1883, 24.5553], [84.2974, 24.5631], [84.3263, 24.5027], [84.2932, 24.4508], [84.4871, 24.3048], [84.4374, 24.2437], [84.5729, 24.1413], [84.5468, 24.016], [84.581, 23.9786], [84.4888, 23.8931], [84.4443, 23.9611], [84.2365, 23.8852], [84.2437, 23.9265], [84.1326, 23.9426], [83.9926, 23.7415], [83.9621, 23.8659], [83.8189, 24.0008], [83.8594, 24.0701], [83.9835, 24.1092], [83.8109, 24.292], [83.8673, 24.5293], [83.868, 24.5329]]]}}, {"type": "Feature", "properties": {"name": "Pashchim Singhbhum", "state": "Jharkhand"}, "geometry": {"type": "Polygon", "coordinates": [[[85.3362, 22.8826], [85.4579, 22.7976], [85.6427, 22.8467], [85.6958, 22.8047], [85.6773, 22.7261], [85.7145, 22.6843], [85.8596, 22.7083], [85.8617, 22.6182], [85.9044, 22.6003], [85.8692, 22.559], [86.0087, 22.4243], [85.9929, 22.3382], [86.0433, 22.3062], [85.9698, 22.2434], [86.0267, 22.1852], [85.9054, 21.9666], [85.7607, 21.9897], [85.7879, 22.0772], [85.8308, 22.077], [85.802, 22.1108], [85.6815, 22.0488], [85.3632, 22.1546], [85.2309, 22.0003], [85.0954, 22.0995], [84.981, 22.0824], [85.1145, 22.2905], [85.0605, 22.5352], [85.1522, 22.8268], [85.3274, 22.8798], [85.3362, 22.8826]]]}}, {"type": "Feature", "properties": {"name": "Purba Singhbhum", "state": "Jharkhand"}, "geometry": {"type": "Polygon", "coordinates": [[[86.5551, 22.7079], [86.6367, 22.6551], [86.6517, 22.5758], [86.7841, 22.5442], [86.798, 22.484], [86.7515, 22.4507], [86.8439, 22.3961], [86.8292, 22.3246], [86.8857, 22.2521], [86.7903, 22.2628], [86.8001, 22.2136], [86.7478, 22.208], [86.4999, 22.341], [86.4244, 22.3063], [86.2798, 22.4455], [86.1073, 22.4849], [86.0618, 22.5485], [86.1637, 22.6674], [86.1402, 22.8028], [86.2142, 22.8875], [86.183, 22.9449], [86.2975, 23.0133], [86.5403, 22.9872], [86.4328, 22.9234], [86.463, 22.8966], [86.4126, 22.7864], [86.5495, 22.7109], [86.5551, 22.7079]]]}}, {"type": "Feature", "properties": {"name": "Ranchi", "state": "Jharkhand"}, "geometry": {"type": "Polygon", "coordinates": [[[84.9827, 23.699], [85.0616, 23.7105], [85.1007, 23.6628], [85.2185, 23.6991], [85.1976, 23.6321], [85.2617, 23.5789], [85.5044, 23.5397], [85.516, 23.5754], [85.6261, 23.467], [85.8817, 23.4037], [85.8264, 23.2631], [85.8892, 23.1518], [85.793, 23.0567], [85.8574, 22.8845], [85.6984, 22.9414], [85.6009, 22.9332], [85.4984, 22.7979], [85.3362, 22.8826], [85.1558, 22.83], [85.0737, 22.5679], [85.0524, 22.7323], [84.9724, 22.7828], [85.0083, 22.9451], [84.9402, 22.9629], [84.8626, 23.0922], [84.9452, 23.2234], [84.8927, 23.2595], [84.9196, 23.3094], [84.8776, 23.3742], [84.9385, 23.4993], [84.8795, 23.5564], [84.9278, 23.5489], [84.9162, 23.6683], [84.9808, 23.7025], [84.9827, 23.699]]]}}, {"type": "Feature", "properties": {"name": "Sahibganj", "state": "Jharkhand"}, "geometry": {"type": "Polygon", "coordinates": [[[87.7876, 25.2205], [87.7765, 25.0913], [87.9733, 24.8965], [87.83, 24.783], [87.8442, 24.7182], [87.7478, 24.7652], [87.7096, 24.7314], [87.5484, 24.827], [87.4987, 24.8004], [87.4492, 24.8932], [87.5173, 25.0571], [87.4705, 25.1054], [87.4901, 25.3052], [87.5397, 25.2816], [87.5801, 25.3484], [87.7875, 25.2286], [87.7876, 25.2205]]]}}, {"type": "Feature", "properties": {"name": "Saraikela Kharsawan", "state": "Jharkhand"}, "geometry": {"type": "Polygon", "coordinates": [[[86.2345, 22.9934], [86.183, 22.9449], [86.191, 22.8154], [86.1402, 22.8028], [86.1514, 22.6335], [85.9608, 22.4786], [85.8692, 22.559], [85.9044, 22.6003], [85.8617, 22.6182], [85.8528, 22.7165], [85.7145, 22.6843], [85.6881, 22.8147], [85.6387, 22.8472], [85.5106, 22.8059], [85.5244, 22.8612], [85.5742, 22.8634], [85.6009, 22.9332], [85.6984, 22.9414], [85.8574, 22.8845], [85.793, 23.0567], [85.8824, 23.1525], [86.0369, 23.1436], [86.231, 22.9921], [86.2345, 22.9934]]]}}, {"type": "Feature", "properties": {"name": "Simdega", "state": "Jharkhand"}, "geometry": {"type": "Polygon", "coordinates": [[[84.9724, 22.7828], [85.0524, 22.7323], [85.0737, 22.5053], [84.9077, 22.4196], [84.5266, 22.42], [84.4261, 22.3488], [84.2892, 22.3373], [83.9994, 22.5395], [84.0804, 22.6366], [84.2206, 22.6689], [84.2542, 22.763], [84.4093, 22.7609], [84.4507, 22.8334], [84.5491, 22.7853], [84.5102, 22.7529], [84.5866, 22.7101], [84.6896, 22.7396], [84.7258, 22.799], [84.8082, 22.7064], [84.813, 22.7431], [84.8514, 22.7207], [84.8408, 22.7671], [84.8771, 22.7394], [84.9621, 22.7799], [84.9724, 22.7828]]]}}, {"type": "Feature", "properties": {"name": "Bagalkot", "state": "Karnataka"}, "geometry": {"type": "Polygon", "coordinates": [[[75.4297, 16.7649], [75.4958, 16.7377], [75.4928, 16.6961], [75.4412, 16.695], [75.4944, 16.5906], [75.4519, 16.4111], [75.5379, 16.4624], [75.5731, 16.4074], [75.6446, 16.4378], [76.0279, 16.2956], [76.0663, 16.2049], [76.2399, 16.1622], [76.2541, 16.0946], [76.3332, 16.087], [76.2579, 16.0788], [76.3064, 16.0614], [76.3266, 15.9274], [76.2842, 15.8979], [76.2018, 15.9375], [76.1171, 15.8816], [76.0594, 15.9015], [76.0815, 16.0053], [76.0219, 16.0046], [75.9771, 15.9841], [75.9715, 15.8574], [75.8524, 15.9325], [75.7724, 15.8978], [75.8286, 15.8962], [75.8457, 15.8347], [75.5569, 15.8219], [75.4273, 15.9185], [75.4129, 16.1275], [75.2783, 16.1158], [75.2891, 16.1984], [75.1296, 16.2857], [75.137, 16.3244], [75.0472, 16.315], [75.0807, 16.4338], [74.9967, 16.4634], [75.0116, 16.5361], [75.0737, 16.566], [75.1271, 16.5071], [75.1728, 16.5993], [75.2587, 16.6028], [75.2909, 16.7098], [75.4221, 16.7656], [75.4297, 16.7649]]]}}, {"type": "Feature", "properties": {"name": "Bangalore Rural", "state": "Karnataka"}, "geometry": {"type": "Polygon", "coordinates": [[[77.3794, 13.4924], [77.5473, 13.4092], [77.5956, 13.4327], [77.5943, 13.3884], [77.6507, 13.3886], [77.691, 13.3268], [77.7836, 13.3424], [77.8407, 13.2115], [77.9569, 13.2344], [77.9479, 13.1154], [77.8931, 13.09], [77.9311, 13.0593], [77.8317, 12.9102], [77.8588, 12.8576], [77.7576, 12.9288], [77.7755, 13.0275], [77.7202, 13.1791], [77.5902, 13.1806], [77.5508, 13.2233], [77.4715, 13.2129], [77.3977, 13.1162], [77.4219, 13.0597], [77.3222, 12.9659], [77.3403, 12.8594], [77.4221, 12.8687], [77.4812, 12.7343], [77.536, 12.7444], [77.5329, 12.7899], [77.5593, 12.7501], [77.5852, 12.7734], [77.55, 12.7129], [77.6086, 12.6968], [77.5701, 12.5579], [77.6064, 12.4998], [77.5754, 12.4684], [77.6252, 12.4773], [77.6038, 12.3538], [77.463, 12.2358], [77.3373, 12.2702], [77.2306, 12.4909], [77.1177, 12.4725], [77.1158, 12.6148], [77.0666, 12.6747], [77.0742, 12.7483], [77.1438, 12.7842], [77.1039, 12.8831], [77.1608, 12.9219], [77.0683, 13.0295], [77.0657, 13.1167], [77.2006, 13.1803], [77.1817, 13.2642], [77.2235, 13.3032], [77.332, 13.3219], [77.3741, 13.4844], [77.3794, 13.4924]]]}}, {"type": "Feature", "properties": {"name": "Bangalore Urban", "state": "Karnataka"}, "geometry": {"type": "Polygon", "coordinates": [[[77.5615, 13.2046], [77.7202, 13.1791], [77.7755, 13.0275], [77.7576, 12.9288], [77.8256, 12.859], [77.7314, 12.664], [77.5893, 12.6483], [77.6086, 12.6968], [77.55, 12.7129], [77.5852, 12.7734], [77.5593, 12.7501], [77.5329, 12.7899], [77.536, 12.7444], [77.4812, 12.7343], [77.4221, 12.8687], [77.3403, 12.8594], [77.3222, 12.9659], [77.4219, 13.0597], [77.3977, 13.1162], [77.4715, 13.2129], [77.5488, 13.206], [77.5615, 13.2046]]]}}, {"type": "Feature", "properties": {"name": "Belgaum", "state": "Karnataka"}, "geometry": {"type": "Polygon", "coordinates": [[[75.2884, 16.9548], [75.3453, 16.9525], [75.337, 16.8664], [75.3968, 16.8588], [75.3659, 16.712], [75.2909, 16.7098], [75.2587, 16.6028], [75.1728, 16.5993], [75.1271, 16.5071], [75.0737, 16.566], [75.0116, 16.5361], [74.9967, 16.4634], [75.0807, 16.4338], [75.0472, 16.315], [75.137, 16.3244], [75.1296, 16.2857], [75.2891, 16.1984], [75.2783, 16.1158], [75.4129, 16.1275], [75.4616, 15.8138], [75.4396, 15.7769], [75.4293, 15.8397], [75.306, 15.8082], [75.2753, 15.6477], [75.1098, 15.6691], [75.0954, 15.606], [75.0529, 15.6794], [74.8346, 15.6069], [74.7931, 15.4699], [74.7314, 15.4866], [74.7468, 15.4089], [74.6191, 15.3562], [74.5494, 15.4148], [74.4322, 15.3946], [74.4173, 15.4732], [74.2828, 15.5205], [74.245, 15.6656], [74.098, 15.666], [74.2273, 15.7857], [74.2501, 15.7412], [74.3649, 15.7737], [74.3893, 15.8441], [74.3445, 15.8521], [74.3741, 15.8916], [74.4116, 15.8526], [74.3919, 15.9012], [74.4703, 16.0405], [74.3682, 16.053], [74.4346, 16.1106], [74.4891, 16.0873], [74.5129, 16.1883], [74.4212, 16.2806], [74.3338, 16.2681], [74.3255, 16.3792], [74.3678, 16.3985], [74.2999, 16.5026], [74.2532, 16.4949], [74.2764, 16.5445], [74.3141, 16.5021], [74.3294, 16.5535], [74.3899, 16.5279], [74.4774, 16.6608], [74.5514, 16.6332], [74.5741, 16.552], [74.6904, 16.6045], [74.6605, 16.6376], [74.6982, 16.7152], [74.9238, 16.77], [74.912, 16.8559], [74.9673, 16.9054], [74.9384, 16.941], [75.0904, 16.9487], [75.2159, 16.8403], [75.2857, 16.8788], [75.2846, 16.9536], [75.2884, 16.9548]]]}}, {"type": "Feature", "properties": {"name": "Bellary", "state": "Karnataka"}, "geometry": {"type": "Polygon", "coordinates": [[[77.0282, 15.8256], [77.0639, 15.8232], [77.0471, 15.725], [77.125, 15.6591], [77.1162, 15.6251], [77.0293, 15.6338], [77.0266, 15.5], [76.9704, 15.4909], [77.0616, 15.3219], [77.1097, 15.3273], [77.1653, 15.251], [77.1235, 15.2333], [77.1632, 15.1613], [77.0788, 15.0], [76.8767, 15.0287], [76.7969, 15.0908], [76.757, 14.983], [76.7303, 15.028], [76.6696, 15.0141], [76.715, 14.9589], [76.662, 14.9109], [76.7365, 14.8092], [76.6679, 14.7878], [76.5997, 14.619], [76.5257, 14.5584], [76.4219, 14.5764], [76.4294, 14.614], [76.321, 14.6876], [76.2512, 14.693], [76.229, 14.6442], [76.144, 14.7987], [76.1886, 14.8425], [76.073, 14.8641], [76.0474, 14.9244], [75.8699, 14.8503], [75.8199, 14.8962], [75.8277, 14.7784], [75.7722, 14.7888], [75.7059, 14.7177], [75.7237, 14.7646], [75.6657, 14.8044], [75.7387, 14.8835], [75.6846, 14.9354], [75.9042, 15.0515], [75.9046, 15.1276], [76.0923, 15.1588], [76.1862, 15.231], [76.2467, 15.1872], [76.3608, 15.3213], [76.4883, 15.3381], [76.609, 15.4372], [76.7928, 15.4951], [76.8359, 15.6252], [77.0244, 15.8295], [77.0282, 15.8256]]]}}, {"type": "Feature", "properties": {"name": "Bidar", "state": "Karnataka"}, "geometry": {"type": "Polygon", "coordinates": [[[77.3373, 18.4354], [77.4101, 18.3885], [77.3625, 18.3083], [77.4654, 18.26], [77.5095, 18.3067], [77.603, 18.278], [77.5643, 18.2006], [77.5975, 18.0843], [77.5457, 18.0538], [77.6534, 17.9694], [77.5109, 17.8014], [77.562, 17.7471], [77.4503, 17.6913], [77.4399, 17.5815], [77.1879, 17.6133], [77.1321, 17.6779], [76.9928, 17.6933], [76.9376, 17.6057], [76.8994, 17.6441], [76.6971, 17.6439], [76.7157, 17.7819], [76.7882, 17.8265], [76.7407, 17.898], [76.8028, 17.8683], [76.9164, 17.9151], [76.9541, 18.1849], [77.1089, 18.1527], [77.0955, 18.1951], [77.2062, 18.278], [77.2402, 18.4086], [77.3334, 18.4419], [77.3373, 18.4354]]]}}, {"type": "Feature", "properties": {"name": "Bijapur", "state": "Karnataka"}, "geometry": {"type": "Polygon", "coordinates": [[[75.6972, 17.4106], [75.8113, 17.3699], [75.8247, 17.4228], [75.862, 17.3859], [75.8872, 17.4173], [75.9312, 17.3241], [76.0605, 17.3539], [76.0903, 17.2542], [76.1775, 17.1908], [76.2546, 17.1449], [76.3593, 17.1818], [76.389, 17.0655], [76.4286, 17.097], [76.4, 16.9322], [76.4579, 16.9218], [76.4331, 16.8785], [76.4688, 16.8367], [76.3737, 16.8561], [76.3537, 16.8162], [76.4127, 16.8101], [76.3708, 16.7648], [76.4574, 16.7186], [76.4037, 16.645], [76.4358, 16.4319], [76.3093, 16.3918], [76.301, 16.2803], [76.3529, 16.2227], [76.2803, 16.1466], [76.0663, 16.2049], [76.0279, 16.2956], [75.6446, 16.4378], [75.5731, 16.4074], [75.5379, 16.4624], [75.4519, 16.4111], [75.4944, 16.5906], [75.4412, 16.695], [75.4928, 16.6961], [75.4958, 16.7377], [75.39, 16.7601], [75.3968, 16.8588], [75.337, 16.8664], [75.3372, 16.9198], [75.3948, 16.9764], [75.5703, 16.9636], [75.5758, 17.0078], [75.6784, 16.9639], [75.6438, 17.0364], [75.6741, 17.1136], [75.628, 17.1701], [75.6599, 17.2614], [75.5785, 17.3829], [75.6356, 17.4775], [75.6912, 17.4126], [75.6972, 17.4106]]]}}, {"type": "Feature", "properties": {"name": "Chamrajnagar", "state": "Karnataka"}, "geometry": {"type": "Polygon", "coordinates": [[[77.2705, 12.2997], [77.4204, 12.2779], [77.4925, 12.1872], [77.7195, 12.1715], [77.7684, 12.1056], [77.6647, 11.9397], [77.4844, 11.9324], [77.4193, 11.7507], [77.2417, 11.8025], [77.1028, 11.7631], [77.1093, 11.7128], [77.0044, 11.803], [76.8997, 11.7833], [76.8373, 11.5745], [76.5601, 11.6101], [76.5042, 11.698], [76.4102, 11.6646], [76.4033, 11.8028], [76.4542, 11.7833], [76.4833, 11.8514], [76.5474, 11.8487], [76.5705, 11.9774], [76.7736, 11.9741], [76.8053, 12.0216], [76.8961, 11.9879], [76.9306, 12.0188], [76.8488, 12.0525], [76.8492, 12.1771], [76.9384, 12.0902], [76.9851, 12.1677], [77.0334, 12.1209], [77.1227, 12.1967], [77.157, 12.3009], [77.2627, 12.3042], [77.2705, 12.2997]]]}}, {"type": "Feature", "properties": {"name": "Chikmagalur", "state": "Karnataka"}, "geometry": {"type": "Polygon", "coordinates": [[[76.0957, 13.8584], [76.1482, 13.7243], [76.2171, 13.706], [76.3584, 13.5242], [76.2333, 13.5015], [76.0402, 13.369], [76.0354, 13.2409], [75.8067, 13.2481], [75.7279, 13.1761], [75.7376, 13.0256], [75.6437, 13.0268], [75.5549, 12.91], [75.5113, 13.0637], [75.4074, 13.1056], [75.3807, 13.1742], [75.2949, 13.1214], [75.2105, 13.1535], [75.0807, 13.3404], [75.1473, 13.3935], [75.138, 13.4704], [75.2243, 13.5236], [75.2201, 13.5982], [75.3441, 13.5777], [75.4134, 13.6361], [75.3837, 13.707], [75.4911, 13.7638], [75.5403, 13.725], [75.6083, 13.7562], [75.6342, 13.6969], [75.6692, 13.7588], [75.9481, 13.81], [76.0315, 13.8909], [76.0845, 13.8689], [76.0957, 13.8584]]]}}, {"type": "Feature", "properties": {"name": "Chitradurga", "state": "Karnataka"}, "geometry": {"type": "Polygon", "coordinates": [[[76.7171, 15.0301], [76.7325, 14.982], [76.8645, 14.964], [76.8487, 14.804], [76.7803, 14.7793], [76.7609, 14.5963], [76.8702, 14.4684], [76.9734, 14.4783], [76.8791, 14.3464], [77.0198, 14.1727], [76.8914, 14.159], [76.9463, 14.0853], [76.8326, 14.0087], [76.8096, 13.9098], [76.7182, 13.8887], [76.7645, 13.7933], [76.6933, 13.7631], [76.6815, 13.6823], [76.6162, 13.7274], [76.4171, 13.5727], [76.2892, 13.5845], [76.2171, 13.706], [76.1482, 13.7243], [76.0957, 13.8584], [76.0288, 13.8923], [76.0698, 13.975], [76.0232, 14.1085], [76.0776, 14.2388], [76.1294, 14.2499], [76.1085, 14.3106], [76.1544, 14.3148], [76.1355, 14.4209], [76.2023, 14.4518], [76.33, 14.4016], [76.4567, 14.4459], [76.4566, 14.4962], [76.5997, 14.619], [76.6679, 14.7878], [76.7374, 14.812], [76.6598, 14.9182], [76.7117, 14.9378], [76.6693, 15.0117], [76.7095, 15.0279], [76.7171, 15.0301]]]}}, {"type": "Feature", "properties": {"name": "Dakshin Kannad", "state": "Karnataka"}, "geometry": {"type": "Polygon", "coordinates": [[[75.3513, 13.1788], [75.5113, 13.0637], [75.5607, 12.8627], [75.6207, 12.8521], [75.6679, 12.5446], [75.489, 12.455], [75.4339, 12.5232], [75.3409, 12.456], [75.2709, 12.5535], [75.3279, 12.5852], [75.2767, 12.6117], [75.2229, 12.5626], [75.1506, 12.6763], [75.0861, 12.6978], [75.0478, 12.6601], [75.0497, 12.7147], [74.9848, 12.7299], [74.9923, 12.7905], [74.8637, 12.7604], [74.7807, 13.0991], [74.8642, 13.1221], [74.8972, 13.0263], [75.0145, 12.9799], [75.2018, 13.177], [75.2949, 13.1214], [75.3486, 13.1758], [75.3513, 13.1788]]]}}, {"type": "Feature", "properties": {"name": "Davanagere", "state": "Karnataka"}, "geometry": {"type": "Polygon", "coordinates": [[[76.0631, 14.9072], [76.073, 14.8641], [76.1886, 14.8425], [76.144, 14.7987], [76.229, 14.6442], [76.2512, 14.693], [76.321, 14.6876], [76.5297, 14.5302], [76.3806, 14.4153], [76.2757, 14.4007], [76.1827, 14.4534], [76.1355, 14.4209], [76.1544, 14.3148], [76.1085, 14.3106], [76.1294, 14.2499], [76.0776, 14.2388], [76.0232, 14.1085], [76.0698, 13.975], [76.0285, 13.8644], [75.9385, 13.8066], [75.6692, 13.7588], [75.6227, 13.7008], [75.5913, 13.7909], [75.7117, 13.9107], [75.6719, 14.0063], [75.733, 14.0597], [75.5855, 14.0529], [75.4014, 14.1202], [75.4853, 14.1699], [75.4532, 14.1997], [75.5263, 14.198], [75.5298, 14.2728], [75.6322, 14.3095], [75.6357, 14.4599], [75.7974, 14.5061], [75.8114, 14.6471], [75.7387, 14.6861], [75.7722, 14.7888], [75.8352, 14.7941], [75.8199, 14.8962], [75.8699, 14.8503], [76.0594, 14.9108], [76.0631, 14.9072]]]}}, {"type": "Feature", "properties": {"name": "Dharwad", "state": "Karnataka"}, "geometry": {"type": "Polygon", "coordinates": [[[75.4984, 15.6776], [75.5573, 15.6445], [75.5328, 15.5354], [75.4777, 15.5177], [75.494, 15.369], [75.4472, 15.3821], [75.4524, 15.2986], [75.4058, 15.2694], [75.4501, 15.2122], [75.4029, 15.1953], [75.4182, 15.0529], [75.3413, 15.0654], [75.3398, 15.1563], [75.2602, 15.0932], [75.1447, 15.0967], [75.1411, 15.1558], [75.0838, 15.0695], [74.9146, 15.0347], [74.8324, 15.1305], [74.9094, 15.2723], [74.7468, 15.4089], [74.7314, 15.4866], [74.7931, 15.4699], [74.8346, 15.6069], [75.0529, 15.6794], [75.0954, 15.606], [75.1098, 15.6691], [75.2396, 15.6767], [75.2529, 15.6437], [75.2978, 15.6886], [75.3627, 15.6432], [75.4918, 15.6958], [75.4984, 15.6776]]]}}, {"type": "Feature", "properties": {"name": "Gadag", "state": "Karnataka"}, "geometry": {"type": "Polygon", "coordinates": [[[75.4616, 15.8792], [75.5569, 15.8219], [75.7459, 15.8105], [75.8082, 15.8473], [75.9891, 15.7989], [76.0453, 15.7218], [75.9723, 15.66], [75.8972, 15.7466], [75.8989, 15.6035], [75.8102, 15.4839], [75.9029, 15.3988], [75.8894, 15.2843], [75.9495, 15.1333], [75.8846, 15.103], [75.9065, 15.0545], [75.7432, 14.9404], [75.6347, 14.9909], [75.6005, 14.9512], [75.5355, 15.0272], [75.4199, 15.0568], [75.398, 15.1683], [75.45, 15.2047], [75.4058, 15.2694], [75.4524, 15.2986], [75.4472, 15.3821], [75.494, 15.369], [75.4777, 15.5177], [75.5328, 15.5354], [75.5573, 15.6445], [75.5051, 15.6454], [75.4906, 15.6993], [75.3627, 15.6432], [75.2809, 15.6863], [75.306, 15.8082], [75.4293, 15.8397], [75.4396, 15.7769], [75.4624, 15.8842], [75.4616, 15.8792]]]}}, {"type": "Feature", "properties": {"name": "Gulbarga", "state": "Karnataka"}, "geometry": {"type": "Polygon", "coordinates": [[[76.6581, 17.7085], [76.7024, 17.6403], [76.768, 17.6642], [76.9376, 17.6057], [76.9893, 17.6924], [77.1138, 17.6826], [77.1879, 17.6133], [77.2741, 17.6244], [77.5016, 17.5409], [77.5898, 17.5628], [77.6856, 17.5056], [77.5101, 17.4273], [77.5208, 17.3621], [77.4516, 17.3705], [77.4545, 17.2759], [77.36, 17.1616], [77.4626, 17.1041], [77.4994, 17.0073], [77.4234, 16.7145], [77.465, 16.6783], [77.4166, 16.6628], [77.4694, 16.6469], [77.4642, 16.5842], [77.3914, 16.5652], [77.412, 16.5138], [77.2389, 16.4729], [77.2639, 16.3981], [77.0555, 16.514], [77.0111, 16.4975], [76.9798, 16.5574], [76.9671, 16.5016], [76.8668, 16.483], [76.8453, 16.43], [76.757, 16.423], [76.3279, 16.1879], [76.3093, 16.3918], [76.4358, 16.4319], [76.4037, 16.645], [76.4574, 16.7186], [76.3708, 16.7648], [76.4127, 16.8101], [76.3537, 16.8162], [76.3737, 16.8561], [76.4688, 16.8367], [76.4331, 16.8785], [76.4579, 16.9218], [76.4, 16.9322], [76.4286, 17.097], [76.389, 17.0655], [76.3593, 17.1818], [76.2438, 17.1469], [76.0668, 17.314], [76.1212, 17.3663], [76.1758, 17.2972], [76.1723, 17.3487], [76.2444, 17.3747], [76.3817, 17.3118], [76.4081, 17.3693], [76.3337, 17.4323], [76.375, 17.4935], [76.3317, 17.5949], [76.4893, 17.6607], [76.5237, 17.7589], [76.5733, 17.76], [76.5732, 17.7022], [76.6144, 17.7683], [76.6552, 17.7164], [76.6581, 17.7085]]]}}, {"type": "Feature", "properties": {"name": "Hassan", "state": "Karnataka"}, "geometry": {"type": "Polygon", "coordinates": [[[76.3789, 13.5284], [76.4224, 13.5175], [76.3829, 13.3642], [76.3419, 13.3539], [76.3517, 13.2443], [76.47, 13.1406], [76.4643, 13.0842], [76.6113, 13.0567], [76.629, 12.9779], [76.5707, 12.8412], [76.4964, 12.8147], [76.493, 12.7625], [76.4043, 12.86], [76.3262, 12.8004], [76.3598, 12.7005], [76.3256, 12.606], [76.2169, 12.6361], [76.1113, 12.506], [76.0428, 12.5687], [75.9623, 12.5528], [75.9331, 12.7281], [75.9706, 12.7987], [75.9202, 12.8216], [75.8617, 12.8147], [75.8807, 12.6676], [75.6308, 12.6867], [75.6207, 12.8521], [75.5607, 12.8627], [75.5549, 12.91], [75.6437, 13.0268], [75.7376, 13.0256], [75.741, 13.2009], [75.8164, 13.2513], [76.0354, 13.2409], [76.0402, 13.369], [76.1371, 13.4017], [76.1586, 13.4643], [76.1972, 13.4442], [76.2333, 13.5015], [76.3714, 13.5353], [76.3789, 13.5284]]]}}, {"type": "Feature", "properties": {"name": "Haveri", "state": "Karnataka"}, "geometry": {"type": "Polygon", "coordinates": [[[75.3536, 15.099], [75.3701, 15.044], [75.513, 15.0399], [75.6005, 14.9512], [75.6347, 14.9909], [75.6915, 14.9704], [75.697, 14.8882], [75.7387, 14.8835], [75.6646, 14.7987], [75.8114, 14.6471], [75.7974, 14.5061], [75.6357, 14.4599], [75.6322, 14.3095], [75.5361, 14.2729], [75.4996, 14.3394], [75.4774, 14.313], [75.3497, 14.3837], [75.382, 14.4278], [75.2713, 14.5091], [75.2666, 14.5756], [75.1865, 14.5819], [75.208, 14.632], [75.0535, 14.6453], [75.0201, 14.7084], [75.0604, 14.8084], [75.0968, 14.8056], [75.0826, 15.1067], [75.1489, 15.1556], [75.1447, 15.0967], [75.2602, 15.0932], [75.3398, 15.1563], [75.3446, 15.1031], [75.3536, 15.099]]]}}, {"type": "Feature", "properties": {"name": "Kodagu", "state": "Karnataka"}, "geometry": {"type": "Polygon", "coordinates": [[[75.9025, 12.8106], [75.9706, 12.7987], [75.9374, 12.6003], [75.9623, 12.5528], [76.0162, 12.5606], [75.9081, 12.3874], [76.0179, 12.2457], [76.1277, 12.1863], [76.1779, 12.0241], [75.9982, 11.9236], [75.8767, 11.9407], [75.7997, 12.0712], [75.6624, 12.0912], [75.4827, 12.2862], [75.4191, 12.2864], [75.3666, 12.4517], [75.4225, 12.4601], [75.4339, 12.5232], [75.489, 12.455], [75.6643, 12.5417], [75.6699, 12.6952], [75.8807, 12.6676], [75.846, 12.7441], [75.8991, 12.818], [75.9025, 12.8106]]]}}, {"type": "Feature", "properties": {"name": "Kolar", "state": "Karnataka"}, "geometry": {"type": "Polygon", "coordinates": [[[77.978, 13.9376], [77.9446, 13.82], [78.0412, 13.8867], [78.1135, 13.8409], [78.0807, 13.6353], [78.1558, 13.6487], [78.1833, 13.5564], [78.3908, 13.5781], [78.367, 13.32], [78.5208, 13.2556], [78.5557, 13.2994], [78.5775, 13.262], [78.5409, 13.1873], [78.5691, 13.1565], [78.4516, 13.0315], [78.4579, 12.9632], [78.4227, 12.9686], [78.4542, 12.8532], [78.3454, 12.9281], [78.3031, 12.8472], [78.2411, 12.8474], [78.2206, 12.7526], [78.1207, 12.77], [78.0467, 12.8424], [77.9814, 12.7956], [77.9456, 12.8493], [77.9105, 12.8197], [77.9243, 12.8778], [77.8472, 12.8674], [77.9569, 13.2344], [77.8407, 13.2115], [77.7836, 13.3424], [77.691, 13.3268], [77.6507, 13.3886], [77.5943, 13.3884], [77.5956, 13.4327], [77.4296, 13.4562], [77.3552, 13.6054], [77.3948, 13.665], [77.5215, 13.6879], [77.5197, 13.7438], [77.6212, 13.7274], [77.6702, 13.7775], [77.7087, 13.7327], [77.7129, 13.7905], [77.8277, 13.8606], [77.8183, 13.9349], [77.9116, 13.8972], [77.9786, 13.9477], [77.978, 13.9376]]]}}, {"type": "Feature", "properties": {"name": "Koppal", "state": "Karnataka"}, "geometry": {"type": "Polygon", "coordinates": [[[76.0815, 16.0053], [76.0594, 15.9015], [76.1171, 15.8816], [76.2018, 15.9375], [76.3485, 15.859], [76.3556, 15.9024], [76.4145, 15.8905], [76.4419, 15.7322], [76.6896, 15.6412], [76.6875, 15.5902], [76.8096, 15.5102], [76.609, 15.4372], [76.4883, 15.3381], [76.3608, 15.3213], [76.2467, 15.1872], [76.1862, 15.231], [76.0923, 15.1588], [75.9495, 15.1333], [75.8894, 15.2843], [75.9029, 15.3988], [75.8102, 15.4839], [75.8989, 15.6035], [75.8851, 15.7338], [76.011, 15.6602], [75.9823, 15.6875], [76.0412, 15.7606], [75.8457, 15.8347], [75.7739, 15.9108], [75.8775, 15.9295], [75.9652, 15.8551], [75.9771, 15.9841], [76.0802, 16.0069], [76.0815, 16.0053]]]}}, {"type": "Feature", "properties": {"name": "Mandya", "state": "Karnataka"}, "geometry": {"type": "Polygon", "coordinates": [[[76.6784, 13.0361], [76.8207, 12.9932], [76.9178, 12.797], [77.0732, 12.7384], [77.1177, 12.4725], [77.2306, 12.4909], [77.3242, 12.3446], [77.2936, 12.2897], [77.157, 12.3009], [77.1608, 12.2513], [77.0795, 12.2106], [76.9911, 12.2358], [76.9689, 12.3446], [76.9166, 12.3147], [76.9119, 12.4339], [76.7502, 12.2944], [76.6789, 12.3831], [76.558, 12.3449], [76.5613, 12.4176], [76.386, 12.5461], [76.3262, 12.8004], [76.4069, 12.8597], [76.493, 12.7625], [76.6678, 13.0472], [76.6784, 13.0361]]]}}, {"type": "Feature", "properties": {"name": "Mysore", "state": "Karnataka"}, "geometry": {"type": "Polygon", "coordinates": [[[76.3601, 12.6036], [76.4464, 12.4766], [76.5613, 12.4176], [76.5617, 12.342], [76.6789, 12.3831], [76.7502, 12.2944], [76.9119, 12.4339], [76.9157, 12.3169], [76.9689, 12.3446], [76.9911, 12.2358], [77.1258, 12.2192], [77.0334, 12.1209], [76.9851, 12.1677], [76.9384, 12.0902], [76.8492, 12.1771], [76.8488, 12.0525], [76.9298, 12.0075], [76.5705, 11.9774], [76.5474, 11.8487], [76.4833, 11.8514], [76.4542, 11.7833], [76.405, 11.8041], [76.4044, 11.7499], [76.335, 11.7306], [76.184, 11.8638], [76.1081, 11.8512], [76.1079, 11.9706], [76.1801, 12.028], [76.1716, 12.0944], [75.9069, 12.396], [76.021, 12.5678], [76.1113, 12.506], [76.2169, 12.6361], [76.3172, 12.6033], [76.3394, 12.6496], [76.3597, 12.6077], [76.3601, 12.6036]]]}}, {"type": "Feature", "properties": {"name": "Raichur", "state": "Karnataka"}, "geometry": {"type": "Polygon", "coordinates": [[[77.0111, 16.4975], [77.5916, 16.3375], [77.5903, 16.2869], [77.4876, 16.2498], [77.5095, 15.9209], [77.2489, 15.9577], [77.0901, 15.9179], [76.8106, 15.5422], [76.6875, 15.5902], [76.6896, 15.6412], [76.5958, 15.6952], [76.4419, 15.7322], [76.4257, 15.8841], [76.289, 15.8879], [76.3266, 15.9274], [76.3064, 16.0614], [76.2579, 16.0788], [76.3332, 16.087], [76.2541, 16.0946], [76.2399, 16.1622], [76.2803, 16.1466], [76.477, 16.2869], [76.8363, 16.4251], [76.8668, 16.483], [76.9671, 16.5016], [76.9731, 16.5548], [77.0056, 16.5043], [77.0111, 16.4975]]]}}, {"type": "Feature", "properties": {"name": "Shimoga", "state": "Karnataka"}, "geometry": {"type": "Polygon", "coordinates": [[[75.1255, 14.6268], [75.208, 14.632], [75.1865, 14.5819], [75.2666, 14.5756], [75.2713, 14.5091], [75.382, 14.4278], [75.3497, 14.3837], [75.4774, 14.313], [75.4996, 14.3394], [75.5342, 14.2814], [75.5263, 14.198], [75.4532, 14.1997], [75.4853, 14.1699], [75.4004, 14.1103], [75.7343, 14.0565], [75.6756, 14.0185], [75.7117, 13.9107], [75.6103, 13.8391], [75.6053, 13.7563], [75.5403, 13.725], [75.4911, 13.7638], [75.3837, 13.707], [75.407, 13.6218], [75.2771, 13.5599], [75.223, 13.5999], [75.2243, 13.5236], [75.1128, 13.4582], [74.9165, 13.8536], [74.6962, 13.9327], [74.6304, 14.1616], [74.7517, 14.148], [74.7341, 14.2637], [74.8595, 14.2103], [74.9322, 14.2353], [74.9204, 14.3096], [74.9809, 14.32], [74.8842, 14.4336], [74.9242, 14.458], [74.9086, 14.5261], [74.9746, 14.5507], [74.9943, 14.4724], [75.0449, 14.4974], [75.0331, 14.6131], [75.1167, 14.6348], [75.1255, 14.6268]]]}}, {"type": "Feature", "properties": {"name": "Tumkur", "state": "Karnataka"}, "geometry": {"type": "MultiPolygon", "coordinates": [[[[76.9715, 14.0524], [76.9311, 14.0227], [77.0413, 13.8974], [76.9684, 13.8144], [77.0019, 13.7367], [77.0264, 13.7714], [77.1666, 13.7547], [77.1239, 13.8494], [77.177, 13.9174], [77.1751, 13.8614], [77.2401, 13.8941], [77.2504, 13.8395], [77.4245, 13.8351], [77.4087, 13.7993], [77.4575, 13.7971], [77.4498, 13.6758], [77.3568, 13.6138], [77.3859, 13.518], [77.332, 13.3219], [77.2235, 13.3032], [77.1817, 13.2642], [77.2006, 13.1803], [77.0657, 13.1167], [77.0683, 13.0295], [77.1608, 12.9219], [77.1039, 12.8831], [77.1414, 12.7752], [77.0028, 12.7564], [76.8993, 12.8186], [76.883, 12.9241], [76.8035, 13.0051], [76.6678, 13.0472], [76.607, 12.9993], [76.5992, 13.0662], [76.4643, 13.0842], [76.47, 13.1406], [76.3675, 13.1925], [76.3435, 13.2956], [76.4224, 13.5175], [76.3499, 13.5719], [76.4507, 13.5835], [76.6162, 13.7274], [76.6815, 13.6823], [76.6933, 13.7631], [76.7645, 13.7933], [76.7215, 13.8933], [76.8096, 13.9098], [76.8326, 14.0087], [76.9463, 14.0853], [76.9742, 14.0577], [76.9715, 14.0524]]], [[[77.1598, 14.3362], [77.2811, 14.3311], [77.2796, 14.2761], [77.3593, 14.2693], [77.3838, 14.1918], [77.4157, 14.212], [77.3857, 14.3249], [77.4963, 14.2718], [77.5004, 14.151], [77.4097, 14.1697], [77.3477, 14.1243], [77.3954, 14.1034], [77.3262, 14.0229], [77.4306, 13.9688], [77.3919, 13.8799], [77.3483, 13.8965], [77.3135, 14.0248], [77.1544, 13.9906], [77.1211, 14.0422], [77.0237, 14.0533], [76.9967, 14.2252], [77.1051, 14.2133], [77.1522, 14.3377], [77.1598, 14.3362]]]]}}, {"type": "Feature", "properties": {"name": "Udupi", "state": "Karnataka"}, "geometry": {"type": "MultiPolygon", "coordinates": [[[[74.7813, 13.0993], [74.7807, 13.0991], [74.7807, 13.0993], [74.7813, 13.0993]]], [[[74.7813, 13.0993], [74.7813, 13.0996], [74.7827, 13.0996], [74.7813, 13.0993]]], [[[74.671, 13.1999], [74.671, 13.1996], [74.6715, 13.1996], [74.671, 13.1999]]], [[[74.7285, 13.2829], [74.7285, 13.2826], [74.7288, 13.2826], [74.7285, 13.2829]]], [[[74.7004, 13.2843], [74.7004, 13.2835], [74.7007, 13.2835], [74.7004, 13.2843]]], [[[74.7237, 13.2896], [74.7237, 13.2893], [74.7243, 13.2893], [74.7237, 13.2896]]], [[[74.6907, 13.334], [74.6907, 13.3338], [74.691, 13.3338], [74.6907, 13.334]]], [[[74.689, 13.341], [74.689, 13.3393], [74.6893, 13.3393], [74.689, 13.341]]], [[[74.6826, 13.3485], [74.6826, 13.3482], [74.6829, 13.3482], [74.6826, 13.3485]]], [[[74.6715, 13.3832], [74.6715, 13.3829], [74.6718, 13.3829], [74.6715, 13.3832]]], [[[74.7042, 13.9468], [74.7201, 13.9035], [74.9115, 13.8578], [74.9352, 13.7681], [75.0003, 13.7354], [75.0502, 13.5367], [75.1551, 13.4448], [75.0807, 13.3404], [75.1997, 13.1741], [75.0145, 12.9799], [74.8972, 13.0263], [74.8642, 13.1221], [74.7735, 13.0832], [74.6904, 13.3485], [74.736, 13.2896], [74.6332, 13.849], [74.5843, 13.9232], [74.6711, 13.981], [74.7002, 13.9533], [74.7042, 13.9468]]]]}}, {"type": "Feature", "properties": {"name": "Uttar Kannand", "state": "Karnataka"}, "geometry": {"type": "MultiPolygon", "coordinates": [[[[74.4829, 14.0112], [74.4829, 14.011], [74.4832, 14.011], [74.4829, 14.0112]]], [[[74.3262, 14.0207], [74.3262, 14.0204], [74.3268, 14.0204], [74.3262, 14.0207]]], [[[74.4032, 14.3154], [74.4032, 14.3151], [74.404, 14.3151], [74.4032, 14.3154]]], [[[74.3651, 14.5526], [74.3651, 14.5524], [74.366, 14.5524], [74.3651, 14.5526]]], [[[74.2538, 14.706], [74.2538, 14.7057], [74.2543, 14.7057], [74.2538, 14.706]]], [[[74.2407, 14.7113], [74.2407, 14.711], [74.241, 14.711], [74.2407, 14.7113]]], [[[74.1554, 14.7418], [74.1554, 14.7415], [74.156, 14.7415], [74.1554, 14.7418]]], [[[74.1113, 14.7615], [74.1113, 14.7612], [74.1115, 14.7612], [74.1113, 14.7615]]], [[[74.0879, 14.796], [74.0879, 14.7957], [74.0888, 14.7957], [74.0879, 14.796]]], [[[74.0565, 14.8171], [74.0565, 14.8168], [74.0568, 14.8168], [74.0565, 14.8171]]], [[[74.064, 14.8212], [74.064, 14.821], [74.0646, 14.821], [74.064, 14.8212]]], [[[74.0593, 14.8215], [74.0593, 14.8212], [74.0618, 14.8212], [74.0593, 14.8215]]], [[[74.094, 14.8385], [74.094, 14.8382], [74.0943, 14.8382], [74.094, 14.8385]]], [[[74.0985, 14.846], [74.0985, 14.8457], [74.0987, 14.8457], [74.0985, 14.846]]], [[[74.0971, 14.8785], [74.0971, 14.8779], [74.0974, 14.8779], [74.0971, 14.8785]]], [[[74.3276, 15.5152], [74.4173, 15.4732], [74.4322, 15.3946], [74.5494, 15.4148], [74.6191, 15.3562], [74.7036, 15.4074], [74.825, 15.3812], [74.9124, 15.2479], [74.8324, 15.1305], [74.9146, 15.0347], [75.0838, 15.0695], [75.1083, 14.9291], [75.0731, 14.9149], [75.0968, 14.8056], [75.0604, 14.8084], [75.0205, 14.7121], [75.0535, 14.6453], [75.0266, 14.5607], [75.0646, 14.5384], [74.9943, 14.4724], [74.9815, 14.5491], [74.9086, 14.5261], [74.9242, 14.458], [74.8807, 14.4458], [74.9796, 14.3173], [74.9204, 14.3096], [74.9402, 14.246], [74.885, 14.2138], [74.7341, 14.2637], [74.7497, 14.147], [74.6304, 14.1616], [74.6711, 13.981], [74.5861, 13.9226], [74.5015, 14.0226], [74.3538, 14.5029], [74.3776, 14.5724], [74.3096, 14.5207], [74.2496, 14.7396], [74.2049, 14.7179], [74.0926, 14.8032], [74.1304, 14.8399], [74.1042, 14.9038], [74.1754, 14.9089], [74.1804, 14.953], [74.2118, 14.9214], [74.3023, 15.0399], [74.2783, 15.0959], [74.3219, 15.1841], [74.2575, 15.2576], [74.3417, 15.2929], [74.2563, 15.4895], [74.2916, 15.5228], [74.3276, 15.5152]]]]}}, {"type": "Feature", "properties": {"name": "Alappuzha", "state": "Kerala"}, "geometry": {"type": "MultiPolygon", "coordinates": [[[[76.4043, 9.5415], [76.4043, 9.5399], [76.4046, 9.5399], [76.4043, 9.5415]]], [[[76.4346, 9.5515], [76.4346, 9.5513], [76.4349, 9.5513], [76.4346, 9.5515]]], [[[76.4368, 9.5515], [76.4368, 9.5513], [76.4374, 9.5513], [76.4368, 9.5515]]], [[[76.4143, 9.5632], [76.4143, 9.5629], [76.4146, 9.5629], [76.4143, 9.5632]]], [[[76.3854, 9.6207], [76.3854, 9.6204], [76.386, 9.6204], [76.3854, 9.6207]]], [[[76.324, 9.8257], [76.324, 9.8254], [76.3246, 9.8254], [76.324, 9.8257]]], [[[76.3724, 9.8257], [76.3724, 9.8254], [76.3729, 9.8254], [76.3724, 9.8257]]], [[[76.3685, 9.8268], [76.3685, 9.8265], [76.3696, 9.8265], [76.3685, 9.8268]]], [[[76.2893, 9.8474], [76.2893, 9.8471], [76.2899, 9.8471], [76.2893, 9.8474]]], [[[76.3496, 9.8746], [76.3693, 9.8301], [76.3493, 9.8746], [76.3496, 9.8746]]], [[[76.2965, 9.8899], [76.3451, 9.7132], [76.3201, 9.8707], [76.3707, 9.8201], [76.3607, 9.7004], [76.3988, 9.676], [76.3549, 9.5299], [76.4943, 9.4917], [76.5094, 9.3555], [76.4625, 9.3216], [76.5588, 9.3462], [76.6791, 9.2868], [76.6262, 9.2227], [76.6582, 9.1441], [76.5435, 9.0998], [76.4724, 9.1147], [76.4904, 9.1701], [76.4707, 9.1424], [76.4226, 9.2457], [76.4604, 9.1407], [76.3393, 9.4115], [76.271, 9.8201], [76.2957, 9.8899], [76.2965, 9.8899]]]]}}, {"type": "Feature", "properties": {"name": "Ernakulam", "state": "Kerala"}, "geometry": {"type": "MultiPolygon", "coordinates": [[[[76.3829, 9.8274], [76.3829, 9.8271], [76.384, 9.8271], [76.3829, 9.8274]]], [[[76.3785, 9.8396], [76.3785, 9.839], [76.3787, 9.839], [76.3785, 9.8396]]], [[[76.3776, 9.8415], [76.3776, 9.8407], [76.3774, 9.8407], [76.3776, 9.8415]]], [[[76.3085, 9.9215], [76.3174, 9.8865], [76.3076, 9.9215], [76.3085, 9.9215]]], [[[76.249, 9.9701], [76.296, 9.9154], [76.2574, 9.9157], [76.2971, 9.8546], [76.2707, 9.8235], [76.2485, 9.9701], [76.249, 9.9701]]], [[[76.2607, 9.9707], [76.2932, 9.9254], [76.2588, 9.9707], [76.2607, 9.9707]]], [[[76.2724, 9.9729], [76.2724, 9.9721], [76.2726, 9.9721], [76.2724, 9.9729]]], [[[76.2443, 9.981], [76.2443, 9.9785], [76.244, 9.9785], [76.2443, 9.981]]], [[[76.2682, 10.0029], [76.2682, 10.0026], [76.2685, 10.0026], [76.2682, 10.0029]]], [[[76.2418, 10.0143], [76.2496, 9.976], [76.2412, 10.0143], [76.2418, 10.0143]]], [[[76.2529, 10.0171], [76.2529, 10.0138], [76.2535, 10.0138], [76.2529, 10.0171]]], [[[76.2618, 10.0299], [76.2618, 10.0293], [76.2615, 10.0293], [76.2618, 10.0299]]], [[[76.266, 10.0307], [76.266, 10.0301], [76.2657, 10.0301], [76.266, 10.0307]]], [[[76.2399, 10.1024], [76.2399, 10.1021], [76.2401, 10.1021], [76.2399, 10.1024]]], [[[76.5844, 10.2799], [76.6771, 10.2595], [76.6312, 10.1539], [76.8201, 10.0071], [76.7714, 10.0272], [76.753, 9.9742], [76.6979, 9.9796], [76.6858, 9.9022], [76.6255, 9.9105], [76.6201, 9.8482], [76.536, 9.7926], [76.4977, 9.844], [76.3929, 9.8212], [76.3401, 9.9196], [76.3187, 9.8888], [76.2065, 10.1471], [76.2246, 9.9765], [76.1685, 10.1821], [76.2026, 10.139], [76.1771, 10.1835], [76.3038, 10.1737], [76.4066, 10.2886], [76.5815, 10.2827], [76.5844, 10.2799]]]]}}, {"type": "Feature", "properties": {"name": "Idukki", "state": "Kerala"}, "geometry": {"type": "Polygon", "coordinates": [[[77.1731, 10.344], [77.2222, 10.3403], [77.2804, 10.2073], [77.2598, 10.1191], [77.1881, 10.0957], [77.2614, 9.9637], [77.2044, 9.8943], [77.234, 9.7885], [77.1519, 9.606], [77.255, 9.565], [77.3409, 9.5951], [77.3962, 9.4965], [77.2741, 9.2632], [77.2232, 9.2736], [77.1893, 9.4421], [77.1161, 9.4831], [77.0354, 9.448], [77.0523, 9.408], [76.9253, 9.4216], [76.9704, 9.4766], [76.8754, 9.5289], [76.8803, 9.6176], [76.9225, 9.6115], [76.8738, 9.7085], [76.7699, 9.7968], [76.618, 9.8419], [76.6979, 9.9796], [76.8273, 10.0159], [76.6312, 10.1539], [76.6771, 10.2595], [76.8287, 10.2762], [76.9708, 10.2087], [77.1688, 10.346], [77.1731, 10.344]]]}}, {"type": "Feature", "properties": {"name": "Kannur", "state": "Kerala"}, "geometry": {"type": "MultiPolygon", "coordinates": [[[[75.3662, 11.9421], [75.3662, 11.9418], [75.366, 11.9418], [75.3662, 11.9421]]], [[[75.3679, 11.9435], [75.3679, 11.9424], [75.3682, 11.9424], [75.3679, 11.9435]]], [[[75.3007, 11.9635], [75.3007, 11.9632], [75.3012, 11.9632], [75.3007, 11.9635]]], [[[75.2965, 11.9685], [75.2965, 11.9682], [75.2968, 11.9682], [75.2965, 11.9685]]], [[[75.2854, 11.9871], [75.2854, 11.9868], [75.286, 11.9868], [75.2854, 11.9871]]], [[[75.2979, 12.0174], [75.2979, 12.0162], [75.2976, 12.0162], [75.2979, 12.0174]]], [[[75.2976, 12.0238], [75.2976, 12.0235], [75.2982, 12.0235], [75.2976, 12.0238]]], [[[75.194, 12.1163], [75.194, 12.116], [75.1943, 12.116], [75.194, 12.1163]]], [[[75.4672, 12.2954], [75.6624, 12.0912], [75.7997, 12.0712], [75.827, 11.978], [75.9252, 11.9329], [75.9212, 11.8338], [75.8026, 11.8488], [75.5663, 11.6687], [75.4724, 11.7632], [75.4999, 11.7985], [75.4599, 11.7654], [75.4601, 11.8074], [75.3182, 11.9054], [75.3032, 11.9471], [75.3993, 11.9154], [75.3749, 11.9565], [75.3179, 11.9462], [75.2654, 12.0071], [75.3332, 12.0101], [75.2993, 12.0157], [75.3393, 12.0476], [75.3071, 12.0343], [75.3091, 12.1027], [75.3998, 12.1405], [75.2231, 12.1048], [75.2015, 12.0054], [75.1722, 12.1867], [75.4584, 12.2886], [75.4672, 12.2954]]]]}}, {"type": "Feature", "properties": {"name": "Kasaragod", "state": "Kerala"}, "geometry": {"type": "MultiPolygon", "coordinates": [[[[75.1576, 12.1093], [75.1576, 12.109], [75.1579, 12.109], [75.1576, 12.1093]]], [[[75.1635, 12.1154], [75.1635, 12.1151], [75.1637, 12.1151], [75.1635, 12.1154]]], [[[75.154, 12.1426], [75.154, 12.1421], [75.1543, 12.1421], [75.154, 12.1426]]], [[[75.1354, 12.186], [75.1501, 12.1468], [75.1351, 12.186], [75.1354, 12.186]]], [[[75.1318, 12.1915], [75.1318, 12.1913], [75.1321, 12.1913], [75.1318, 12.1915]]], [[[75.1301, 12.1982], [75.1301, 12.1979], [75.1307, 12.1979], [75.1301, 12.1982]]], [[[75.1265, 12.2051], [75.1565, 12.1101], [75.1254, 12.2051], [75.1265, 12.2051]]], [[[74.996, 12.788], [74.9848, 12.7299], [75.0497, 12.7147], [75.0478, 12.6601], [75.0861, 12.6978], [75.1506, 12.6763], [75.2229, 12.5626], [75.3015, 12.5991], [75.3285, 12.5771], [75.2724, 12.5399], [75.3368, 12.4578], [75.3973, 12.4978], [75.4243, 12.4663], [75.3666, 12.4517], [75.3656, 12.407], [75.4304, 12.2995], [75.1722, 12.1867], [75.1732, 12.1007], [74.8665, 12.7526], [74.9923, 12.7905], [74.996, 12.788]]]]}}, {"type": "Feature", "properties": {"name": "Kollam", "state": "Kerala"}, "geometry": {"type": "Polygon", "coordinates": [[[76.9676, 9.1335], [77.1915, 9.062], [77.1322, 9.0119], [77.2415, 8.8648], [77.2147, 8.7758], [77.0275, 8.8364], [77.0121, 8.7659], [76.9178, 8.7529], [76.7685, 8.8523], [76.776, 8.8007], [76.6765, 8.7757], [76.5462, 8.9024], [76.4724, 9.1147], [76.641, 9.1418], [76.6451, 9.0863], [76.7435, 9.0656], [76.7692, 9.1059], [76.9376, 9.111], [76.9147, 9.1636], [76.9574, 9.1385], [76.9676, 9.1335]]]}}, {"type": "Feature", "properties": {"name": "Kottayam", "state": "Kerala"}, "geometry": {"type": "MultiPolygon", "coordinates": [[[[76.4674, 9.541], [76.4674, 9.5407], [76.4685, 9.5407], [76.4674, 9.541]]], [[[76.4529, 9.5457], [76.4529, 9.5454], [76.454, 9.5454], [76.4529, 9.5457]]], [[[76.3812, 9.7146], [76.3807, 9.7146], [76.3807, 9.7151], [76.3812, 9.7146]]], [[[76.3715, 9.7585], [76.3715, 9.7579], [76.3718, 9.7579], [76.3715, 9.7585]]], [[[76.6365, 9.8341], [76.8738, 9.7085], [76.9225, 9.6115], [76.8803, 9.6176], [76.8754, 9.5289], [76.9717, 9.4649], [76.9123, 9.4096], [76.6399, 9.4728], [76.4961, 9.3949], [76.4639, 9.5282], [76.5021, 9.531], [76.4179, 9.5596], [76.3679, 9.791], [76.45, 9.841], [76.536, 9.7926], [76.6225, 9.8389], [76.6365, 9.8341]]]]}}, {"type": "Feature", "properties": {"name": "Kozhikode", "state": "Kerala"}, "geometry": {"type": "MultiPolygon", "coordinates": [[[[75.8382, 11.1343], [75.8382, 11.134], [75.8385, 11.134], [75.8382, 11.1343]]], [[[75.8112, 11.1618], [75.8112, 11.1615], [75.8115, 11.1615], [75.8112, 11.1618]]], [[[75.7875, 11.7833], [75.7903, 11.7364], [75.9103, 11.6819], [75.9022, 11.5965], [76.0352, 11.4949], [76.0706, 11.5138], [76.1374, 11.4202], [76.0942, 11.3895], [76.1086, 11.3109], [75.8958, 11.2374], [75.8249, 11.1254], [75.5299, 11.7015], [75.5695, 11.6692], [75.6898, 11.792], [75.7834, 11.787], [75.7875, 11.7833]]]]}}, {"type": "Feature", "properties": {"name": "Malappuram", "state": "Kerala"}, "geometry": {"type": "Polygon", "coordinates": [[[76.2409, 11.4752], [76.5382, 11.3516], [76.5135, 11.262], [76.4025, 11.1982], [76.404, 11.1073], [76.2782, 11.0299], [76.3617, 10.9891], [76.3211, 10.9714], [76.3239, 10.8985], [76.1212, 10.8888], [76.0189, 10.8151], [76.0601, 10.7155], [75.9571, 10.6839], [75.8251, 11.1232], [75.8958, 11.2374], [76.1086, 11.3109], [76.0989, 11.4019], [76.1945, 11.4999], [76.2448, 11.4943], [76.2409, 11.4752]]]}}, {"type": "Feature", "properties": {"name": "Palakkad", "state": "Kerala"}, "geometry": {"type": "Polygon", "coordinates": [[[76.7205, 11.2116], [76.6912, 11.1445], [76.7387, 11.1213], [76.7371, 11.0475], [76.7925, 11.0424], [76.7065, 11.0314], [76.6492, 10.9242], [76.8176, 10.8618], [76.8975, 10.7708], [76.8726, 10.6294], [76.805, 10.6263], [76.8268, 10.3303], [76.6191, 10.3682], [76.4244, 10.5248], [76.3939, 10.5869], [76.4608, 10.7442], [76.1831, 10.7767], [76.1544, 10.6979], [76.0615, 10.7208], [76.0332, 10.8371], [76.0909, 10.8346], [76.155, 10.9067], [76.3239, 10.8985], [76.3211, 10.9714], [76.3617, 10.9891], [76.2782, 11.0299], [76.404, 11.1073], [76.4025, 11.1982], [76.7104, 11.2183], [76.7205, 11.2116]]]}}, {"type": "Feature", "properties": {"name": "Pattanamtitta", "state": "Kerala"}, "geometry": {"type": "Polygon", "coordinates": [[[77.1286, 9.4721], [77.2085, 9.4238], [77.211, 9.2872], [77.2676, 9.2624], [77.1888, 9.0605], [76.9147, 9.1636], [76.9327, 9.1085], [76.6451, 9.0863], [76.6713, 9.1655], [76.6262, 9.2227], [76.6791, 9.2868], [76.5588, 9.3462], [76.4625, 9.3216], [76.502, 9.4006], [76.6399, 9.4728], [77.0066, 9.3983], [77.1284, 9.4771], [77.1286, 9.4721]]]}}, {"type": "Feature", "properties": {"name": "Thiruvananthapuram", "state": "Kerala"}, "geometry": {"type": "Polygon", "coordinates": [[[76.785, 8.8433], [76.9178, 8.7529], [77.0121, 8.7659], [77.0275, 8.8364], [77.183, 8.7611], [77.1617, 8.7152], [77.2652, 8.5374], [77.1865, 8.4934], [77.2095, 8.4377], [77.1348, 8.3785], [77.1597, 8.3125], [77.0907, 8.2975], [76.9749, 8.3851], [76.6766, 8.7757], [76.776, 8.8007], [76.7818, 8.8468], [76.785, 8.8433]]]}}, {"type": "Feature", "properties": {"name": "Thrissur", "state": "Kerala"}, "geometry": {"type": "MultiPolygon", "coordinates": [[[[76.0521, 10.5354], [76.0521, 10.5346], [76.0518, 10.5346], [76.0521, 10.5354]]], [[[76.051, 10.539], [76.051, 10.5387], [76.0512, 10.5387], [76.051, 10.539]]], [[[76.1998, 10.7719], [76.4608, 10.7442], [76.3939, 10.5869], [76.4244, 10.5248], [76.6191, 10.3682], [76.8268, 10.3303], [76.8918, 10.2431], [76.4066, 10.2886], [76.3038, 10.1737], [76.1635, 10.1818], [76.034, 10.5257], [76.0676, 10.5446], [76.0415, 10.5754], [76.036, 10.5104], [75.9571, 10.6839], [76.1544, 10.6979], [76.1915, 10.7754], [76.1998, 10.7719]]]]}}, {"type": "Feature", "properties": {"name": "Wayanad", "state": "Kerala"}, "geometry": {"type": "Polygon", "coordinates": [[[76.1079, 11.9706], [76.1081, 11.8512], [76.184, 11.8638], [76.335, 11.7306], [76.4077, 11.7533], [76.4356, 11.6377], [76.2257, 11.5644], [76.243, 11.5242], [76.1579, 11.4521], [75.9022, 11.5965], [75.9103, 11.6819], [75.7903, 11.7364], [75.7722, 11.7919], [75.8026, 11.8488], [75.9212, 11.8338], [75.9252, 11.9329], [76.0913, 11.9616], [76.1079, 11.9706]]]}}, {"type": "Feature", "properties": {"name": "Kavaratti", "state": "Lakshadweep"}, "geometry": {"type": "MultiPolygon", "coordinates": [[[[73.0101, 8.2804], [73.0101, 8.2801], [73.0104, 8.2801], [73.0101, 8.2804]]], [[[73.081, 8.3276], [73.0315, 8.2665], [73.0807, 8.3277], [73.081, 8.3276]]], [[[72.2901, 10.0496], [72.2901, 10.049], [72.2899, 10.049], [72.2901, 10.0496]]], [[[73.6335, 10.0704], [73.6335, 10.0701], [73.6338, 10.0701], [73.6335, 10.0704]]], [[[73.629, 10.0751], [73.629, 10.0749], [73.6293, 10.0749], [73.629, 10.0751]]], [[[73.6515, 10.1043], [73.6457, 10.0571], [73.6513, 10.1043], [73.6515, 10.1043]]], [[[72.3279, 10.1365], [72.3279, 10.1362], [72.3282, 10.1362], [72.3279, 10.1365]]], [[[73.661, 10.156], [73.661, 10.1557], [73.6612, 10.1557], [73.661, 10.156]]], [[[72.6421, 10.5774], [72.6171, 10.5404], [72.6411, 10.5774], [72.6421, 10.5774]]], [[[72.1687, 10.8149], [72.1687, 10.8135], [72.169, 10.8135], [72.1687, 10.8149]]], [[[72.1726, 10.8199], [72.1726, 10.819], [72.1724, 10.819], [72.1726, 10.8199]]], [[[73.6785, 10.8215], [73.6785, 10.8207], [73.6774, 10.8207], [73.6785, 10.8215]]], [[[72.1726, 10.8199], [72.2015, 10.8779], [72.1732, 10.8199], [72.1726, 10.8199]]], [[[72.2913, 10.946], [72.2913, 10.9451], [72.2904, 10.9452], [72.2913, 10.946]]], [[[72.3265, 10.9532], [72.3265, 10.9524], [72.3262, 10.9524], [72.3265, 10.9532]]], [[[72.3337, 10.9585], [72.3337, 10.9582], [72.3343, 10.9582], [72.3337, 10.9585]]], [[[72.7315, 11.1362], [72.7315, 11.136], [72.7324, 11.136], [72.7315, 11.1362]]], [[[72.1057, 11.2129], [72.1057, 11.2126], [72.106, 11.2126], [72.1057, 11.2129]]], [[[72.1029, 11.2151], [72.1029, 11.2149], [72.1032, 11.2149], [72.1029, 11.2151]]], [[[72.7901, 11.2599], [72.7621, 11.1801], [72.7896, 11.2599], [72.7901, 11.2599]]], [[[73.001, 11.4882], [73.001, 11.4879], [73.0015, 11.4879], [73.001, 11.4882]]], [[[72.9999, 11.4979], [73.0076, 11.4676], [72.9987, 11.4979], [72.9999, 11.4979]]], [[[72.1862, 11.6013], [72.1862, 11.601], [72.1865, 11.601], [72.1862, 11.6013]]], [[[72.714, 11.7063], [72.714, 11.706], [72.7143, 11.706], [72.714, 11.7063]]]]}}, {"type": "Feature", "properties": {"name": "Anuppur", "state": "Madhya Pradesh"}, "geometry": {"type": "Polygon", "coordinates": [[[82.1159, 23.1038], [81.9381, 23.0778], [81.9402, 22.9571], [81.7859, 22.8771], [81.6406, 23.0137], [81.5495, 23.0222], [81.6097, 23.0641], [81.5311, 23.1186], [81.5898, 23.1715], [81.5622, 23.214], [81.8757, 23.2397], [81.8128, 23.3083], [81.8688, 23.2983], [82.016, 23.4235], [82.0204, 23.3843], [82.0985, 23.3977], [82.1875, 23.3222], [82.1194, 23.1075], [82.1159, 23.1038]]]}}, {"type": "Feature", "properties": {"name": "Ashoknagar", "state": "Madhya Pradesh"}, "geometry": {"type": "Polygon", "coordinates": [[[77.8995, 25.0043], [78.0107, 24.958], [77.9677, 24.8498], [78.1916, 24.8397], [78.2685, 24.6671], [78.2589, 24.5582], [78.2165, 24.5316], [78.2697, 24.4731], [78.0869, 24.3236], [78.0876, 24.2619], [78.0246, 24.2934], [77.9365, 24.2357], [77.8859, 24.3196], [77.6437, 24.3197], [77.6146, 24.3524], [77.7304, 24.4336], [77.6291, 24.4323], [77.5861, 24.3787], [77.4713, 24.4374], [77.4768, 24.6369], [77.5491, 24.7413], [77.5151, 24.8361], [77.5814, 24.8935], [77.538, 24.9197], [77.5824, 24.9677], [77.6674, 24.8702], [77.7299, 24.8629], [77.8201, 25.0045], [77.8791, 25.0111], [77.8995, 25.0043]]]}}, {"type": "Feature", "properties": {"name": "Balaghat", "state": "Madhya Pradesh"}, "geometry": {"type": "Polygon", "coordinates": [[[80.8246, 22.3843], [80.922, 22.3311], [80.9091, 22.2788], [80.9929, 22.2887], [81.0404, 22.2406], [81.0158, 22.1327], [80.9718, 22.1215], [80.9992, 22.0615], [80.9108, 22.1192], [80.8184, 21.9568], [80.8317, 21.8048], [80.8112, 21.7475], [80.743, 21.758], [80.7185, 21.7119], [80.7302, 21.4721], [80.6565, 21.3308], [80.4855, 21.3976], [80.4034, 21.3765], [80.3692, 21.5229], [80.2004, 21.6347], [79.9936, 21.5347], [79.8571, 21.5309], [79.7326, 21.6025], [79.5366, 21.5442], [79.5058, 21.5903], [79.589, 21.6444], [79.5951, 21.7089], [79.668, 21.6955], [79.6862, 21.8003], [79.7632, 21.8075], [79.7759, 21.8634], [79.8646, 21.8997], [79.8863, 21.9295], [79.8324, 21.9399], [79.9176, 21.9716], [79.923, 22.0629], [80.0634, 22.0774], [80.0284, 22.1828], [80.0905, 22.2461], [80.0936, 22.3416], [80.2294, 22.3019], [80.3187, 22.3459], [80.4115, 22.2465], [80.5, 22.2756], [80.6992, 22.2045], [80.6988, 22.2733], [80.8207, 22.3854], [80.8246, 22.3843]]]}}, {"type": "Feature", "properties": {"name": "Barwani", "state": "Madhya Pradesh"}, "geometry": {"type": "Polygon", "coordinates": [[[75.3234, 22.128], [75.4579, 22.065], [75.338, 21.9141], [75.2868, 21.9175], [75.2829, 21.7441], [75.2122, 21.7115], [75.2979, 21.6366], [75.4413, 21.6783], [75.5057, 21.6166], [75.4673, 21.5189], [75.609, 21.4622], [75.6294, 21.3948], [75.2199, 21.4109], [75.1151, 21.4596], [75.0536, 21.5672], [74.899, 21.6309], [74.7095, 21.6276], [74.5129, 21.7233], [74.5275, 21.9088], [74.4355, 22.031], [75.321, 22.1309], [75.3234, 22.128]]]}}, {"type": "Feature", "properties": {"name": "Betul", "state": "Madhya Pradesh"}, "geometry": {"type": "Polygon", "coordinates": [[[78.272, 22.4019], [78.2734, 22.0936], [78.3402, 22.1126], [78.3973, 22.0073], [78.3852, 21.9286], [78.465, 21.9628], [78.5416, 21.869], [78.4647, 21.8171], [78.4938, 21.794], [78.4568, 21.7248], [78.3229, 21.5774], [78.1809, 21.5587], [78.1693, 21.4985], [77.9388, 21.3869], [77.7994, 21.4123], [77.7339, 21.3647], [77.6911, 21.3971], [77.5844, 21.3645], [77.487, 21.3778], [77.4188, 21.5208], [77.4575, 21.5566], [77.6071, 21.5428], [77.4778, 21.7702], [77.28, 21.7613], [77.2074, 21.694], [77.0578, 21.7194], [77.0977, 21.7887], [77.1946, 21.7911], [77.1626, 21.8675], [77.2726, 21.9668], [77.4947, 22.0362], [77.4992, 22.0792], [77.4511, 22.0881], [77.4629, 22.17], [77.3529, 22.2521], [77.4397, 22.2218], [77.5404, 22.3579], [77.6464, 22.3091], [77.8525, 22.3586], [77.8714, 22.2826], [77.9358, 22.3369], [78.2705, 22.4037], [78.272, 22.4019]]]}}, {"type": "Feature", "properties": {"name": "Bhind", "state": "Madhya Pradesh"}, "geometry": {"type": "Polygon", "coordinates": [[[78.7184, 26.7817], [78.9481, 26.6967], [78.9379, 26.6627], [78.9932, 26.6846], [78.9796, 26.5741], [79.0609, 26.5033], [79.0485, 26.4561], [79.1268, 26.4448], [79.0768, 26.366], [79.1266, 26.316], [78.9774, 26.1955], [79.0007, 26.155], [78.9427, 26.1391], [79.0032, 26.0818], [78.8764, 25.9157], [78.777, 25.966], [78.7664, 26.0224], [78.8368, 26.1149], [78.7946, 26.1724], [78.8289, 26.2053], [78.7841, 26.2313], [78.8137, 26.2904], [78.6212, 26.1624], [78.6079, 26.2243], [78.5387, 26.1974], [78.4107, 26.3371], [78.2564, 26.3433], [78.2815, 26.4443], [78.2041, 26.5264], [78.2928, 26.5968], [78.3304, 26.5506], [78.373, 26.6093], [78.4109, 26.5951], [78.4544, 26.6772], [78.5211, 26.6815], [78.535, 26.7717], [78.7178, 26.7872], [78.7184, 26.7817]]]}}, {"type": "Feature", "properties": {"name": "Bhopal", "state": "Madhya Pradesh"}, "geometry": {"type": "Polygon", "coordinates": [[[77.2232, 23.9002], [77.3702, 23.8883], [77.4529, 23.7693], [77.5695, 23.7728], [77.6451, 23.7222], [77.5046, 23.58], [77.4879, 23.4311], [77.6235, 23.358], [77.596, 23.2329], [77.5391, 23.1316], [77.3794, 23.0931], [77.2826, 23.1058], [77.1913, 23.2265], [77.2196, 23.3005], [77.1766, 23.3117], [77.1833, 23.3605], [77.2233, 23.3321], [77.2409, 23.4132], [77.2942, 23.4356], [77.2941, 23.5862], [77.1654, 23.6931], [77.2205, 23.8914], [77.2232, 23.9002]]]}}, {"type": "Feature", "properties": {"name": "Burhanpur", "state": "Madhya Pradesh"}, "geometry": {"type": "Polygon", "coordinates": [[[76.7802, 21.5625], [76.7842, 21.4665], [76.6245, 21.3351], [76.6611, 21.2824], [76.6234, 21.1927], [76.4874, 21.1961], [76.3828, 21.0796], [76.1686, 21.0858], [76.114, 21.1646], [76.1691, 21.1745], [76.1592, 21.2591], [76.0987, 21.3739], [75.9916, 21.3761], [76.0123, 21.4696], [75.9483, 21.4833], [75.9538, 21.547], [76.1278, 21.5961], [76.1774, 21.5432], [76.4179, 21.6001], [76.7773, 21.5613], [76.7802, 21.5625]]]}}, {"type": "Feature", "properties": {"name": "Chhatarpur", "state": "Madhya Pradesh"}, "geometry": {"type": "Polygon", "coordinates": [[[80.2953, 25.4078], [80.304, 25.2889], [80.3991, 25.243], [80.4237, 25.1741], [80.1422, 24.9405], [80.0274, 24.926], [80.0784, 24.8134], [79.9522, 24.6607], [79.8897, 24.6972], [79.8391, 24.6166], [79.8954, 24.5771], [79.8762, 24.3782], [79.8386, 24.3555], [79.7445, 24.4188], [79.6196, 24.3796], [79.5639, 24.4496], [79.5554, 24.3922], [79.4333, 24.416], [79.3884, 24.3898], [79.3813, 24.2169], [79.2965, 24.1869], [79.3205, 24.1494], [79.133, 24.1027], [79.0692, 24.133], [79.0608, 24.2668], [79.1334, 24.2572], [79.1782, 24.3207], [79.1441, 24.4092], [79.1912, 24.3378], [79.2462, 24.3744], [79.1673, 24.4352], [78.9993, 24.3753], [79.0111, 24.5395], [79.0597, 24.6275], [79.186, 24.6168], [79.2899, 24.6791], [79.3419, 24.9052], [79.3304, 25.1264], [79.2736, 25.2481], [79.3326, 25.2008], [79.3445, 25.2643], [79.262, 25.2677], [79.2676, 25.3188], [79.3446, 25.3344], [79.3583, 25.2635], [79.3674, 25.2943], [79.4904, 25.2703], [79.3839, 25.1703], [79.3991, 25.1135], [79.4684, 25.1345], [79.4899, 25.0828], [79.5655, 25.1776], [79.5979, 25.1314], [79.7456, 25.1439], [79.8492, 25.097], [79.8471, 25.2402], [79.9967, 25.2687], [80.0207, 25.3432], [80.1233, 25.3384], [80.1939, 25.4162], [80.2896, 25.4127], [80.2953, 25.4078]]]}}, {"type": "Feature", "properties": {"name": "Chhindwara", "state": "Madhya Pradesh"}, "geometry": {"type": "Polygon", "coordinates": [[[79.2339, 22.7923], [79.2928, 22.6204], [79.3681, 22.5983], [79.3151, 22.5412], [79.339, 22.4878], [79.1937, 22.4501], [79.3292, 22.445], [79.2793, 22.3773], [79.3479, 22.3515], [79.281, 22.3165], [79.3591, 22.2619], [79.3198, 22.2263], [79.3971, 22.0022], [79.2716, 21.836], [79.2799, 21.7795], [79.2237, 21.7563], [79.2269, 21.6576], [78.9132, 21.5924], [78.9318, 21.4874], [78.7198, 21.4646], [78.5086, 21.5284], [78.4517, 21.4973], [78.4226, 21.6019], [78.342, 21.5829], [78.5369, 21.9101], [78.4624, 21.9636], [78.3852, 21.9286], [78.3973, 22.0073], [78.3402, 22.1126], [78.2734, 22.0936], [78.2901, 22.2557], [78.2442, 22.3255], [78.2821, 22.4191], [78.4561, 22.3825], [78.5561, 22.4258], [78.5093, 22.4826], [78.5431, 22.5348], [78.4949, 22.5986], [78.5175, 22.6671], [78.6058, 22.6531], [78.6743, 22.7022], [78.7546, 22.6242], [78.843, 22.687], [78.9884, 22.6208], [79.0112, 22.7421], [79.2338, 22.7968], [79.2339, 22.7923]]]}}, {"type": "Feature", "properties": {"name": "Damoh", "state": "Madhya Pradesh"}, "geometry": {"type": "Polygon", "coordinates": [[[79.6127, 24.3936], [79.7474, 24.4186], [79.8505, 24.305], [79.8066, 24.2874], [79.8353, 24.2198], [79.7309, 24.0649], [79.8499, 23.9954], [79.8644, 23.8206], [79.8212, 23.7003], [79.9297, 23.6809], [79.9471, 23.6231], [79.6663, 23.3379], [79.3584, 23.1629], [79.3238, 23.1503], [79.3001, 23.235], [79.1685, 23.2259], [79.2299, 23.342], [79.1764, 23.4341], [79.3232, 23.5259], [79.2946, 23.6411], [79.3454, 23.6604], [79.2151, 23.788], [79.2434, 23.8291], [79.0504, 23.9254], [79.1814, 24.0164], [79.1534, 24.1248], [79.316, 24.1473], [79.2965, 24.1869], [79.3725, 24.2025], [79.3896, 24.3915], [79.5554, 24.3922], [79.5639, 24.4496], [79.6162, 24.3994], [79.6127, 24.3936]]]}}, {"type": "Feature", "properties": {"name": "Datia", "state": "Madhya Pradesh"}, "geometry": {"type": "Polygon", "coordinates": [[[78.785, 26.2362], [78.8368, 26.1149], [78.7932, 26.0907], [78.8212, 26.0746], [78.7754, 25.9702], [78.8827, 25.8703], [78.8466, 25.8605], [78.8619, 25.7992], [78.8112, 25.8301], [78.7468, 25.7491], [78.8052, 25.6246], [78.6486, 25.5656], [78.4492, 25.5527], [78.4604, 25.5897], [78.3905, 25.5757], [78.3685, 25.6661], [78.3008, 25.7098], [78.2085, 25.7079], [78.6388, 26.0676], [78.6002, 26.1047], [78.6438, 26.1304], [78.6253, 26.1694], [78.6865, 26.1707], [78.7842, 26.2943], [78.8186, 26.2817], [78.7936, 26.2373], [78.785, 26.2362]]]}}, {"type": "Feature", "properties": {"name": "Dewas", "state": "Madhya Pradesh"}, "geometry": {"type": "Polygon", "coordinates": [[[75.964, 23.3073], [76.0754, 23.0526], [76.1065, 23.0839], [76.0493, 23.1829], [76.1383, 23.196], [76.048, 23.2065], [76.0709, 23.2409], [76.357, 23.2341], [76.5064, 23.1826], [76.5358, 23.1324], [76.4933, 23.11], [76.5136, 23.0765], [76.4469, 23.0906], [76.4494, 22.9323], [76.5641, 22.7643], [76.875, 22.8959], [76.9186, 22.8316], [76.9259, 22.8798], [76.9957, 22.8757], [77.0266, 22.6937], [77.1244, 22.5822], [77.0846, 22.5255], [76.7921, 22.4352], [76.7416, 22.3004], [76.6786, 22.309], [76.6035, 22.4113], [76.5085, 22.4183], [76.4466, 22.3503], [76.2519, 22.2957], [76.2051, 22.3571], [76.2368, 22.3957], [76.1042, 22.4738], [76.1054, 22.563], [76.0631, 22.5876], [76.2439, 22.6468], [76.1021, 22.7046], [75.8997, 22.9994], [75.9904, 23.0819], [75.9305, 23.1482], [75.9631, 23.3087], [75.964, 23.3073]]]}}, {"type": "Feature", "properties": {"name": "Dhar", "state": "Madhya Pradesh"}, "geometry": {"type": "Polygon", "coordinates": [[[75.3061, 23.1134], [75.3496, 23.0723], [75.3045, 23.0455], [75.332, 22.8419], [75.441, 22.8716], [75.4372, 22.7764], [75.5153, 22.7101], [75.4958, 22.6476], [75.7128, 22.6387], [75.5581, 22.5168], [75.5591, 22.3778], [75.492, 22.3306], [75.5337, 22.2677], [75.5106, 22.1641], [74.5902, 22.0227], [74.5061, 22.0464], [74.5173, 22.1019], [74.4746, 22.1125], [74.5421, 22.1195], [74.516, 22.2214], [74.6495, 22.2746], [74.6347, 22.3646], [74.7487, 22.4367], [74.7098, 22.4797], [74.7842, 22.5814], [74.7665, 22.7498], [74.8968, 22.7504], [74.9871, 22.8684], [75.0098, 23.1138], [75.3033, 23.1151], [75.3061, 23.1134]]]}}, {"type": "Feature", "properties": {"name": "Dindori", "state": "Madhya Pradesh"}, "geometry": {"type": "Polygon", "coordinates": [[[81.1176, 23.2178], [81.2563, 23.071], [81.1917, 22.9144], [81.399, 22.8514], [81.4688, 22.7597], [81.6849, 22.7791], [81.7318, 22.6891], [81.6158, 22.539], [81.5191, 22.54], [81.3966, 22.4413], [81.3229, 22.5243], [81.2236, 22.4516], [81.1707, 22.488], [81.1049, 22.4328], [81.0847, 22.2467], [80.9091, 22.2788], [80.8634, 22.4367], [80.9685, 22.5212], [80.9288, 22.5855], [80.9993, 22.6374], [80.9175, 22.6822], [80.9339, 22.7455], [80.8634, 22.7593], [80.8647, 22.85], [80.7247, 22.8141], [80.7265, 22.8594], [80.5665, 22.8703], [80.5791, 22.9621], [80.5182, 23.0806], [80.5741, 23.1396], [80.4729, 23.2002], [80.5758, 23.2867], [80.5669, 23.354], [80.6944, 23.3731], [80.7527, 23.3438], [80.71, 23.2825], [80.7555, 23.2215], [80.801, 23.2547], [80.8553, 23.2237], [80.9304, 23.2908], [81.0263, 23.2086], [81.1139, 23.2192], [81.1176, 23.2178]]]}}, {"type": "Feature", "properties": {"name": "East Nimar", "state": "Madhya Pradesh"}, "geometry": {"type": "Polygon", "coordinates": [[[76.5539, 22.4061], [76.6035, 22.4113], [76.6837, 22.3052], [76.7797, 22.3505], [76.892, 22.3025], [76.8256, 22.1645], [76.8711, 22.1226], [76.8404, 22.062], [76.8781, 21.9944], [77.1513, 21.9868], [77.2187, 21.9171], [77.16, 21.8592], [77.1946, 21.7911], [77.0977, 21.7887], [77.0595, 21.7094], [76.7625, 21.5565], [76.4179, 21.6001], [76.1774, 21.5432], [76.1278, 21.5961], [76.0788, 21.5746], [76.0736, 21.6638], [76.1744, 21.6887], [76.1025, 21.7406], [76.103, 21.8501], [76.1702, 21.8881], [76.161, 22.0357], [76.233, 22.0814], [76.1832, 22.1247], [76.1059, 22.0568], [76.1634, 22.2072], [76.0232, 22.217], [76.1664, 22.2626], [76.2122, 22.3326], [76.3208, 22.3016], [76.4466, 22.3503], [76.4789, 22.4084], [76.5506, 22.407], [76.5539, 22.4061]]]}}, {"type": "Feature", "properties": {"name": "Guna", "state": "Madhya Pradesh"}, "geometry": {"type": "Polygon", "coordinates": [[[77.2756, 25.1121], [77.3673, 24.929], [77.4156, 24.9502], [77.4748, 24.8791], [77.5573, 24.876], [77.5151, 24.8361], [77.5491, 24.7413], [77.4768, 24.6369], [77.4713, 24.4374], [77.5861, 24.3787], [77.6291, 24.4323], [77.7304, 24.4336], [77.5485, 24.2532], [77.487, 24.2809], [77.4292, 24.2464], [77.3533, 24.3516], [77.3188, 24.2984], [77.3397, 24.1874], [77.2555, 24.0605], [77.3072, 24.0162], [77.3153, 23.8896], [77.182, 23.9024], [77.1781, 24.0869], [76.9645, 24.0558], [76.8868, 24.1087], [76.9444, 24.2063], [76.8402, 24.3387], [76.8146, 24.5344], [76.9129, 24.5436], [76.9653, 24.4609], [77.0503, 24.5265], [77.0603, 24.6377], [76.9633, 24.7596], [76.8473, 24.7504], [76.8007, 24.8246], [76.9489, 24.8729], [76.8673, 24.9654], [76.882, 25.0341], [77.2623, 25.1193], [77.2756, 25.1121]]]}}, {"type": "Feature", "properties": {"name": "Gwalior", "state": "Madhya Pradesh"}, "geometry": {"type": "Polygon", "coordinates": [[[78.3358, 26.3498], [78.4107, 26.3371], [78.5387, 26.1974], [78.6079, 26.2243], [78.6438, 26.1304], [78.6002, 26.1047], [78.6388, 26.0676], [78.2125, 25.7461], [77.8718, 25.7437], [77.8587, 25.812], [77.6962, 25.8859], [77.6642, 25.9464], [77.7226, 26.0552], [77.7689, 26.0596], [77.7347, 26.1454], [77.7739, 26.2269], [77.8077, 26.2609], [77.8385, 26.2207], [77.9861, 26.2501], [77.9972, 26.3296], [78.2214, 26.3105], [78.3289, 26.352], [78.3358, 26.3498]]]}}, {"type": "Feature", "properties": {"name": "Harda", "state": "Madhya Pradesh"}, "geometry": {"type": "Polygon", "coordinates": [[[77.2037, 22.5719], [77.2622, 22.5453], [77.3591, 22.2211], [77.4629, 22.17], [77.4511, 22.0881], [77.4992, 22.0792], [77.4947, 22.0362], [77.3936, 22.0277], [77.2159, 21.9079], [77.1338, 21.9956], [76.8836, 21.9877], [76.8404, 22.062], [76.8711, 22.1226], [76.8261, 22.1613], [76.8419, 22.261], [76.892, 22.3025], [76.7797, 22.3505], [76.787, 22.4319], [77.2021, 22.575], [77.2037, 22.5719]]]}}, {"type": "Feature", "properties": {"name": "Hoshangabad", "state": "Madhya Pradesh"}, "geometry": {"type": "Polygon", "coordinates": [[[78.4409, 22.981], [78.5662, 22.9587], [78.5846, 22.8188], [78.6274, 22.7629], [78.6916, 22.7667], [78.688, 22.7105], [78.6093, 22.6548], [78.4954, 22.6402], [78.5561, 22.4258], [78.4561, 22.3825], [78.3161, 22.4271], [78.1809, 22.3997], [77.8714, 22.2826], [77.8525, 22.3586], [77.6464, 22.3091], [77.5433, 22.3593], [77.4397, 22.2218], [77.3515, 22.2535], [77.2622, 22.5453], [77.2034, 22.5686], [77.2437, 22.6032], [77.3207, 22.5664], [77.5677, 22.6727], [77.615, 22.7453], [77.73, 22.7582], [77.8405, 22.8654], [77.8658, 22.823], [77.9208, 22.8488], [77.9163, 22.7629], [77.9611, 22.8196], [78.111, 22.7948], [78.1934, 22.8946], [78.2755, 22.8717], [78.4399, 22.9831], [78.4409, 22.981]]]}}, {"type": "Feature", "properties": {"name": "Indore", "state": "Madhya Pradesh"}, "geometry": {"type": "Polygon", "coordinates": [[[75.6079, 23.0934], [75.6417, 23.0093], [75.8726, 23.0417], [76.1021, 22.7046], [76.2439, 22.6468], [76.0641, 22.5893], [76.1054, 22.563], [76.03, 22.5319], [76.0575, 22.4592], [76.0092, 22.423], [75.6523, 22.3356], [75.5457, 22.3965], [75.5537, 22.5009], [75.5965, 22.5703], [75.6783, 22.5838], [75.7058, 22.6647], [75.6941, 22.6303], [75.4958, 22.6476], [75.5089, 22.7341], [75.4232, 22.8307], [75.4757, 23.0066], [75.6022, 23.0928], [75.6079, 23.0934]]]}}, {"type": "Feature", "properties": {"name": "Jabalpur", "state": "Madhya Pradesh"}, "geometry": {"type": "Polygon", "coordinates": [[[79.8089, 23.4631], [79.8665, 23.3663], [79.93, 23.4041], [79.97, 23.3492], [80.1623, 23.3029], [80.2859, 23.3629], [80.3615, 23.309], [80.4787, 23.3921], [80.5669, 23.354], [80.5758, 23.2867], [80.4729, 23.2002], [80.5741, 23.1396], [80.5207, 23.0815], [80.4014, 23.1746], [80.3028, 23.0987], [80.2704, 23.1487], [80.1811, 23.1307], [80.1804, 23.0249], [80.0964, 23.0799], [79.99, 23.0291], [79.9573, 22.8547], [79.8371, 22.8321], [79.8104, 22.8704], [79.7562, 22.8482], [79.7424, 22.9197], [79.6222, 22.9476], [79.5853, 23.0242], [79.609, 23.1051], [79.5656, 23.1337], [79.3451, 23.1081], [79.4851, 23.26], [79.6663, 23.3379], [79.8078, 23.4675], [79.8089, 23.4631]]]}}, {"type": "Feature", "properties": {"name": "Jhabua", "state": "Madhya Pradesh"}, "geometry": {"type": "Polygon", "coordinates": [[[74.7926, 23.2358], [74.7684, 23.1791], [74.8039, 23.1376], [74.993, 23.1402], [75.0088, 22.9434], [74.8968, 22.7504], [74.7665, 22.7498], [74.7842, 22.5814], [74.72, 22.5331], [74.7487, 22.4367], [74.6254, 22.3477], [74.6616, 22.2908], [74.516, 22.2214], [74.5421, 22.1195], [74.4746, 22.1125], [74.5173, 22.1019], [74.5061, 22.0464], [74.1897, 21.9279], [74.1003, 22.0016], [74.1807, 22.0866], [74.1303, 22.0977], [74.1228, 22.2129], [74.0758, 22.2219], [74.0591, 22.3054], [74.0999, 22.373], [74.1911, 22.3219], [74.2942, 22.3945], [74.1908, 22.4779], [74.123, 22.4208], [74.0853, 22.5085], [74.0347, 22.5084], [74.0667, 22.5509], [74.1533, 22.5174], [74.2654, 22.6448], [74.3842, 22.6436], [74.4789, 22.8586], [74.4515, 22.924], [74.362, 22.9331], [74.3228, 23.0627], [74.3912, 23.112], [74.5123, 23.0888], [74.7939, 23.2378], [74.7926, 23.2358]]]}}, {"type": "Feature", "properties": {"name": "Katni", "state": "Madhya Pradesh"}, "geometry": {"type": "Polygon", "coordinates": [[[80.7293, 24.1096], [80.7069, 24.0727], [80.7951, 24.0675], [80.7508, 24.0322], [80.7801, 23.9729], [80.8631, 24.0834], [80.9506, 24.0692], [80.828, 23.956], [80.887, 23.8633], [80.8967, 23.6845], [80.8142, 23.6718], [80.7029, 23.7634], [80.5438, 23.5458], [80.5372, 23.3921], [80.3615, 23.309], [80.2859, 23.3629], [80.1623, 23.3029], [79.97, 23.3492], [79.93, 23.4041], [79.8629, 23.3696], [79.7934, 23.4666], [79.9493, 23.6593], [79.8212, 23.7003], [79.8592, 23.8321], [79.9347, 23.8323], [80.0464, 23.9963], [80.1429, 23.9438], [80.1991, 23.9987], [80.3224, 23.9149], [80.3554, 23.9735], [80.5122, 24.02], [80.5278, 24.0717], [80.5415, 24.0361], [80.6234, 24.0813], [80.6438, 24.052], [80.6379, 24.0948], [80.7381, 24.1196], [80.7293, 24.1096]]]}}, {"type": "Feature", "properties": {"name": "Mandla", "state": "Madhya Pradesh"}, "geometry": {"type": "MultiPolygon", "coordinates": [[[[80.8852, 22.3497], [80.874, 22.3348], [80.8728, 22.3365], [80.8852, 22.3497]]], [[[80.4201, 23.143], [80.5523, 23.0322], [80.5683, 22.8687], [80.7265, 22.8594], [80.7247, 22.8141], [80.8647, 22.85], [80.8634, 22.7593], [80.9339, 22.7455], [80.9175, 22.6822], [80.9993, 22.6374], [80.9288, 22.5855], [80.9685, 22.5212], [80.8634, 22.4367], [80.9067, 22.3914], [80.8854, 22.35], [80.7895, 22.3965], [80.6992, 22.2045], [80.5, 22.2756], [80.4115, 22.2465], [80.3187, 22.3459], [80.2294, 22.3019], [80.0834, 22.3436], [80.0254, 22.5442], [79.9474, 22.5586], [80.1063, 22.6288], [80.1922, 22.608], [80.2335, 22.7182], [80.2841, 22.7273], [80.2758, 22.7847], [80.0539, 22.763], [79.9573, 22.8547], [79.9468, 22.9497], [80.0786, 23.078], [80.1804, 23.0249], [80.1811, 23.1307], [80.2704, 23.1487], [80.3028, 23.0987], [80.3913, 23.1736], [80.4176, 23.1447], [80.4201, 23.143]]]]}}, {"type": "Feature", "properties": {"name": "Mandsaur", "state": "Madhya Pradesh"}, "geometry": {"type": "Polygon", "coordinates": [[[75.7862, 24.7655], [75.8388, 24.7299], [75.8354, 24.5976], [75.925, 24.5383], [75.8986, 24.4416], [75.829, 24.4225], [75.7911, 24.4752], [75.7269, 24.4053], [75.8269, 24.2464], [75.7435, 24.1396], [75.8358, 24.1114], [75.8338, 24.0754], [75.7004, 23.9691], [75.6692, 24.0335], [75.5838, 23.9919], [75.5144, 24.0487], [75.3433, 23.809], [75.2336, 23.8652], [74.9399, 23.7659], [74.9057, 23.8739], [74.993, 24.0297], [74.8802, 24.2165], [75.0225, 24.3951], [75.0406, 24.3454], [75.1133, 24.3832], [75.2129, 24.3318], [75.4225, 24.3518], [75.59, 24.5413], [75.5723, 24.635], [75.6095, 24.654], [75.5485, 24.7156], [75.634, 24.6912], [75.7806, 24.7632], [75.7862, 24.7655]]]}}, {"type": "Feature", "properties": {"name": "Morena", "state": "Madhya Pradesh"}, "geometry": {"type": "Polygon", "coordinates": [[[78.3646, 26.8688], [78.535, 26.7717], [78.5211, 26.6815], [78.4544, 26.6772], [78.3304, 26.5506], [78.2928, 26.5968], [78.2074, 26.5345], [78.2871, 26.4203], [78.2515, 26.3191], [77.9972, 26.3296], [77.9861, 26.2501], [77.8561, 26.22], [77.8077, 26.2609], [77.7369, 26.169], [77.7689, 26.0596], [77.6653, 25.9849], [77.6701, 25.9215], [77.5421, 25.9085], [77.5312, 25.9459], [77.6406, 25.9696], [77.6076, 26.0355], [77.6558, 26.1048], [77.5732, 26.0181], [77.3939, 26.1579], [77.2272, 26.0854], [77.173, 26.1783], [77.1395, 26.1683], [77.124, 26.238], [77.2031, 26.2374], [77.3347, 26.3572], [77.4368, 26.3681], [77.4277, 26.4069], [77.813, 26.5548], [77.8946, 26.6622], [78.0857, 26.6831], [78.1055, 26.8008], [78.3625, 26.8713], [78.3646, 26.8688]]]}}, {"type": "Feature", "properties": {"name": "Narsinghpur", "state": "Madhya Pradesh"}, "geometry": {"type": "Polygon", "coordinates": [[[78.8423, 23.2282], [79.1414, 23.1742], [79.2357, 23.2529], [79.3017, 23.2334], [79.3238, 23.1503], [79.3656, 23.1671], [79.3451, 23.1081], [79.5656, 23.1337], [79.609, 23.1051], [79.5853, 23.0242], [79.6336, 22.9747], [79.5775, 22.9443], [79.6188, 22.8758], [79.5381, 22.82], [79.5076, 22.7222], [79.4069, 22.7244], [79.3195, 22.6179], [79.2234, 22.8176], [79.0112, 22.7421], [78.9884, 22.6208], [78.843, 22.687], [78.7641, 22.6256], [78.6812, 22.6593], [78.6916, 22.7667], [78.6274, 22.7629], [78.5846, 22.8188], [78.5662, 22.9587], [78.437, 22.9883], [78.724, 23.0496], [78.7945, 23.1012], [78.8016, 23.2393], [78.8404, 23.23], [78.8423, 23.2282]]]}}, {"type": "Feature", "properties": {"name": "Neemuch", "state": "Madhya Pradesh"}, "geometry": {"type": "Polygon", "coordinates": [[[75.1821, 25.0476], [75.3542, 25.0374], [75.3139, 24.9004], [75.2759, 24.9767], [75.2615, 24.8897], [75.4242, 24.8928], [75.3057, 24.8133], [75.2082, 24.91], [75.2515, 24.8322], [75.1869, 24.7603], [75.4519, 24.6932], [75.5485, 24.7156], [75.6095, 24.654], [75.5723, 24.635], [75.5815, 24.5194], [75.4136, 24.3491], [75.2129, 24.3318], [75.1133, 24.3832], [75.0406, 24.3454], [75.0225, 24.3951], [74.9041, 24.2459], [74.7548, 24.279], [74.8582, 24.4555], [74.7119, 24.5109], [74.8171, 24.6717], [74.7753, 24.6877], [74.7993, 24.7956], [74.8929, 24.6553], [75.0202, 24.7528], [75.0071, 24.7961], [74.8489, 24.7927], [74.8327, 24.9675], [75.0434, 24.8592], [75.1189, 24.889], [75.1738, 25.0538], [75.1821, 25.0476]]]}}, {"type": "Feature", "properties": {"name": "Panna", "state": "Madhya Pradesh"}, "geometry": {"type": "Polygon", "coordinates": [[[80.4407, 25.0821], [80.5416, 25.0338], [80.4655, 24.9764], [80.4755, 24.8574], [80.5156, 24.9203], [80.6272, 24.8768], [80.4678, 24.7603], [80.4046, 24.7781], [80.3606, 24.6945], [80.4141, 24.6134], [80.4645, 24.6147], [80.4173, 24.4453], [80.5712, 24.3029], [80.6146, 24.1872], [80.6696, 24.1961], [80.5039, 24.0804], [80.4387, 24.0949], [80.3224, 23.9149], [80.1991, 23.9987], [80.1429, 23.9438], [80.0464, 23.9963], [79.8991, 23.8228], [79.8507, 23.8477], [79.8383, 24.0253], [79.7309, 24.0649], [79.8353, 24.2198], [79.8066, 24.2874], [79.8515, 24.3024], [79.7973, 24.3207], [79.7901, 24.3768], [79.8762, 24.3782], [79.8954, 24.5771], [79.8391, 24.6166], [79.8897, 24.6972], [79.9522, 24.6607], [80.0784, 24.8134], [80.0466, 24.9423], [80.1422, 24.9405], [80.2669, 25.0302], [80.3822, 25.0097], [80.3658, 25.0578], [80.4351, 25.081], [80.4407, 25.0821]]]}}, {"type": "Feature", "properties": {"name": "Raisen", "state": "Madhya Pradesh"}, "geometry": {"type": "Polygon", "coordinates": [[[78.4289, 23.7445], [78.4632, 23.647], [78.5078, 23.6612], [78.4981, 23.5357], [78.7323, 23.5799], [78.5943, 23.4266], [78.8033, 23.2374], [78.7906, 23.0952], [78.4582, 23.0075], [78.2755, 22.8717], [78.1934, 22.8946], [78.1047, 22.7932], [78.0244, 22.806], [78.0292, 22.9111], [77.9441, 22.9055], [77.9602, 22.9646], [77.6249, 22.8341], [77.4322, 22.9096], [77.3612, 23.0049], [77.3705, 23.0878], [77.5391, 23.1316], [77.596, 23.2329], [77.6252, 23.3522], [77.554, 23.3822], [77.5545, 23.4277], [77.4879, 23.4311], [77.5175, 23.5216], [77.621, 23.4678], [77.6244, 23.5505], [77.7301, 23.5385], [77.8106, 23.4626], [77.9103, 23.4562], [78.0172, 23.3488], [78.052, 23.3879], [77.9891, 23.4187], [77.9957, 23.4701], [78.0807, 23.4541], [78.1433, 23.4786], [78.1288, 23.5203], [78.2162, 23.5326], [78.2847, 23.7026], [78.4046, 23.6422], [78.4071, 23.7349], [78.3405, 23.6835], [78.4277, 23.7485], [78.4289, 23.7445]]]}}, {"type": "Feature", "properties": {"name": "Rajgarh", "state": "Madhya Pradesh"}, "geometry": {"type": "Polygon", "coordinates": [[[76.6933, 24.274], [76.6952, 24.176], [76.8011, 24.1203], [76.8766, 24.1384], [76.9645, 24.0558], [77.1781, 24.0869], [77.1597, 23.953], [77.2232, 23.9002], [77.2178, 23.8248], [77.1358, 23.6505], [77.1462, 23.5781], [77.0481, 23.4846], [76.9713, 23.5092], [76.9352, 23.4759], [76.8923, 23.5265], [76.794, 23.4598], [76.6001, 23.5652], [76.5023, 23.568], [76.5035, 23.5152], [76.4357, 23.55], [76.4616, 23.5984], [76.3815, 23.8129], [76.2528, 23.9852], [76.2679, 24.0526], [76.2128, 24.0594], [76.2452, 24.1523], [76.2156, 24.2168], [76.3269, 24.2536], [76.4144, 24.2074], [76.4699, 24.2314], [76.5314, 24.1635], [76.5797, 24.1807], [76.588, 24.2496], [76.6949, 24.2823], [76.6933, 24.274]]]}}, {"type": "Feature", "properties": {"name": "Ratlam", "state": "Madhya Pradesh"}, "geometry": {"type": "Polygon", "coordinates": [[[75.4768, 23.9147], [75.5825, 23.8004], [75.6744, 23.7845], [75.6859, 23.7185], [75.6176, 23.6639], [75.5234, 23.6724], [75.5039, 23.5307], [75.3972, 23.6054], [75.3323, 23.5967], [75.3351, 23.6319], [75.2358, 23.5182], [75.1859, 23.5265], [75.1342, 23.4084], [75.2009, 23.3299], [75.3264, 23.296], [75.2258, 23.2145], [75.2403, 23.0943], [74.9924, 23.1122], [74.9219, 23.1625], [74.811, 23.1359], [74.7684, 23.1791], [74.7923, 23.2408], [74.6996, 23.2203], [74.7011, 23.2721], [74.5192, 23.3219], [74.574, 23.4225], [74.9397, 23.6304], [74.9076, 23.6828], [74.9705, 23.7974], [75.2336, 23.8652], [75.3349, 23.8067], [75.4609, 23.9173], [75.4768, 23.9147]]]}}, {"type": "Feature", "properties": {"name": "Rewa", "state": "Madhya Pradesh"}, "geometry": {"type": "Polygon", "coordinates": [[[81.5856, 25.1866], [81.632, 25.1033], [81.6043, 25.0607], [81.8985, 25.0096], [81.8964, 24.8925], [81.9592, 24.8306], [82.0049, 24.8507], [82.1122, 24.7923], [82.196, 24.8245], [82.1729, 24.7396], [82.2437, 24.7758], [82.2299, 24.6696], [82.2964, 24.67], [82.2986, 24.6011], [82.171, 24.6218], [81.9204, 24.5723], [81.2643, 24.3249], [81.2834, 24.3992], [81.2173, 24.4935], [81.1317, 24.5146], [81.1752, 24.7019], [81.0389, 24.8012], [81.1614, 24.9585], [81.2126, 24.9345], [81.2691, 25.1677], [81.3147, 25.1163], [81.33, 25.1725], [81.4302, 25.1336], [81.4008, 25.1078], [81.4837, 25.0749], [81.5078, 25.185], [81.5772, 25.1913], [81.5856, 25.1866]]]}}, {"type": "Feature", "properties": {"name": "Sagar", "state": "Madhya Pradesh"}, "geometry": {"type": "Polygon", "coordinates": [[[78.3824, 24.2739], [78.5054, 24.3939], [78.6691, 24.245], [78.7603, 24.2585], [78.8022, 24.1819], [78.8789, 24.2231], [78.9869, 24.4232], [79.0416, 24.3723], [79.1609, 24.4341], [79.2374, 24.4151], [79.2094, 24.3353], [79.1441, 24.4092], [79.1673, 24.2835], [79.0403, 24.2249], [79.1814, 24.0164], [79.0504, 23.923], [79.2446, 23.8277], [79.2151, 23.788], [79.3454, 23.6604], [79.2946, 23.6411], [79.3253, 23.5292], [79.1764, 23.4341], [79.2296, 23.3388], [79.1442, 23.1752], [78.7566, 23.2483], [78.7186, 23.3499], [78.6478, 23.3416], [78.5943, 23.4266], [78.7323, 23.5799], [78.4981, 23.5357], [78.5078, 23.6612], [78.4632, 23.647], [78.4277, 23.7485], [78.3405, 23.6835], [78.423, 23.723], [78.393, 23.6363], [78.2871, 23.6777], [78.2321, 23.718], [78.2928, 23.8324], [78.2565, 23.8629], [78.2723, 24.033], [78.2062, 24.0723], [78.1699, 24.0133], [78.0684, 24.0513], [78.113, 24.0541], [78.0909, 24.16], [78.1372, 24.2066], [78.0534, 24.2349], [78.09, 24.2349], [78.0824, 24.3157], [78.1622, 24.4], [78.2607, 24.4539], [78.3609, 24.3858], [78.326, 24.3296], [78.3796, 24.2756], [78.3824, 24.2739]]]}}, {"type": "Feature", "properties": {"name": "Satna", "state": "Madhya Pradesh"}, "geometry": {"type": "Polygon", "coordinates": [[[80.878, 25.1956], [80.9056, 25.1645], [80.8267, 25.0392], [80.8503, 25.0031], [80.7899, 24.9672], [80.8349, 24.9345], [80.9425, 24.9711], [80.9552, 24.9257], [81.0764, 24.9523], [81.1107, 24.9107], [81.0389, 24.8012], [81.1752, 24.7019], [81.1317, 24.5146], [81.2173, 24.4935], [81.2834, 24.3992], [81.2643, 24.3249], [81.3829, 24.2675], [81.353, 24.2007], [81.1936, 24.1124], [81.1393, 24.1394], [80.9659, 24.0692], [80.8631, 24.0834], [80.7881, 23.9717], [80.7508, 24.0322], [80.7932, 24.0701], [80.6925, 24.0889], [80.7306, 24.1382], [80.6341, 24.0913], [80.6438, 24.052], [80.6234, 24.0813], [80.5415, 24.0361], [80.5278, 24.0717], [80.4861, 24.0018], [80.3484, 23.973], [80.3802, 24.0446], [80.4364, 24.0383], [80.4387, 24.0949], [80.5039, 24.0804], [80.6696, 24.1961], [80.6146, 24.1872], [80.5712, 24.3029], [80.4173, 24.4453], [80.4645, 24.6147], [80.4141, 24.6134], [80.3606, 24.6945], [80.4046, 24.7781], [80.4678, 24.7603], [80.6264, 24.8691], [80.5156, 24.9203], [80.4755, 24.8574], [80.4655, 24.9764], [80.5425, 25.0088], [80.4745, 25.1018], [80.6068, 25.0722], [80.5996, 25.1555], [80.6736, 25.0542], [80.7759, 25.0617], [80.6996, 25.1371], [80.8277, 25.1103], [80.8363, 25.1927], [80.8695, 25.1887], [80.878, 25.1956]]]}}, {"type": "Feature", "properties": {"name": "Sehore", "state": "Madhya Pradesh"}, "geometry": {"type": "Polygon", "coordinates": [[[77.1713, 23.6838], [77.2941, 23.5862], [77.2942, 23.4356], [77.2409, 23.4132], [77.2233, 23.3321], [77.1833, 23.3605], [77.2198, 23.2945], [77.1857, 23.238], [77.2826, 23.1058], [77.3794, 23.0931], [77.3612, 23.0049], [77.4286, 22.9122], [77.6879, 22.8375], [77.6955, 22.8865], [77.9602, 22.9646], [77.9441, 22.9055], [78.0292, 22.9111], [78.0244, 22.806], [77.9545, 22.8171], [77.9163, 22.7629], [77.9208, 22.8488], [77.8658, 22.823], [77.8405, 22.8654], [77.7349, 22.7608], [77.615, 22.7453], [77.5677, 22.6727], [77.3149, 22.5652], [77.2583, 22.6119], [77.1186, 22.5621], [77.0266, 22.6937], [76.9809, 22.8832], [76.9221, 22.8774], [76.9186, 22.8316], [76.875, 22.8959], [76.5641, 22.7643], [76.4494, 22.9323], [76.4469, 23.0906], [76.5871, 23.1134], [76.6441, 23.2021], [76.8787, 23.1206], [76.8907, 23.2098], [76.9905, 23.2891], [76.9935, 23.4028], [77.1462, 23.5781], [77.1684, 23.6852], [77.1713, 23.6838]]]}}, {"type": "Feature", "properties": {"name": "Seoni", "state": "Madhya Pradesh"}, "geometry": {"type": "Polygon", "coordinates": [[[79.6557, 22.9246], [79.7424, 22.9197], [79.761, 22.8456], [79.9484, 22.8591], [80.0604, 22.7601], [80.262, 22.7961], [80.2841, 22.7273], [80.2335, 22.7182], [80.1922, 22.608], [80.1063, 22.6288], [79.9474, 22.5586], [80.0254, 22.5442], [80.0868, 22.4251], [80.0919, 22.2503], [80.0284, 22.1828], [80.0634, 22.0774], [79.923, 22.0629], [79.9176, 21.9716], [79.8324, 21.9399], [79.8863, 21.9295], [79.8646, 21.8997], [79.7759, 21.8634], [79.7632, 21.8075], [79.6862, 21.8003], [79.668, 21.6955], [79.5951, 21.7089], [79.589, 21.6444], [79.5058, 21.5903], [79.4886, 21.6741], [79.2191, 21.7197], [79.4027, 22.0419], [79.3198, 22.2263], [79.3604, 22.2229], [79.3577, 22.2654], [79.281, 22.3165], [79.3479, 22.3515], [79.2793, 22.3773], [79.3292, 22.445], [79.1937, 22.4501], [79.339, 22.4878], [79.3151, 22.5412], [79.3681, 22.6014], [79.3195, 22.6179], [79.4069, 22.7244], [79.5076, 22.7222], [79.5381, 22.82], [79.6188, 22.8758], [79.5775, 22.9443], [79.6453, 22.9279], [79.6557, 22.9246]]]}}, {"type": "Feature", "properties": {"name": "Shahdol", "state": "Madhya Pradesh"}, "geometry": {"type": "Polygon", "coordinates": [[[81.4628, 24.2636], [81.5023, 24.0884], [81.5518, 24.0785], [81.4755, 24.0366], [81.6873, 23.7213], [81.5771, 23.5549], [81.6282, 23.4904], [81.736, 23.5674], [81.8272, 23.5113], [81.9138, 23.5338], [81.9751, 23.4318], [81.8688, 23.2983], [81.8128, 23.3083], [81.8757, 23.2397], [81.7815, 23.2603], [81.6428, 23.195], [81.5837, 23.2277], [81.5311, 23.1186], [81.6097, 23.0641], [81.5521, 23.0188], [81.6406, 23.0137], [81.7859, 22.8771], [81.7627, 22.6636], [81.687, 22.7134], [81.6849, 22.7791], [81.4688, 22.7597], [81.399, 22.8514], [81.1917, 22.9144], [81.2563, 23.071], [81.0868, 23.2108], [81.0983, 23.2551], [81.0356, 23.2732], [80.9983, 23.3749], [81.0088, 23.4444], [81.1691, 23.5037], [81.2405, 23.721], [81.1747, 23.8081], [81.2616, 23.841], [81.1628, 23.8837], [81.1199, 23.9716], [81.0622, 23.9685], [80.9946, 24.0878], [81.1393, 24.1394], [81.1936, 24.1124], [81.353, 24.2007], [81.3829, 24.2675], [81.4613, 24.2715], [81.4628, 24.2636]]]}}, {"type": "Feature", "properties": {"name": "Shajapur", "state": "Madhya Pradesh"}, "geometry": {"type": "Polygon", "coordinates": [[[76.2351, 24.1052], [76.2128, 24.0594], [76.2679, 24.0526], [76.2528, 23.9852], [76.3, 23.9662], [76.4616, 23.5984], [76.4357, 23.55], [76.5035, 23.5152], [76.5023, 23.568], [76.6001, 23.5652], [76.794, 23.4598], [76.8923, 23.5265], [76.9352, 23.4759], [76.9713, 23.5092], [77.0481, 23.4846], [76.9905, 23.2891], [76.9064, 23.2345], [76.861, 23.1091], [76.6761, 23.1996], [76.6288, 23.1997], [76.5871, 23.1134], [76.3759, 23.2304], [76.1348, 23.2313], [76.1275, 23.2818], [76.1722, 23.2688], [76.2479, 23.3564], [76.1918, 23.4712], [76.2476, 23.5139], [76.1537, 23.5086], [76.1589, 23.5788], [75.8765, 23.5623], [75.8101, 23.6624], [75.8432, 23.7334], [75.8207, 23.7012], [75.6845, 23.7606], [75.7291, 23.8582], [75.7023, 23.9041], [75.7771, 23.8539], [75.9318, 23.9019], [75.9809, 23.943], [75.9602, 24.0254], [76.1347, 24.0953], [76.1213, 24.1964], [76.1855, 24.3315], [76.2334, 24.1095], [76.2351, 24.1052]]]}}, {"type": "Feature", "properties": {"name": "Sheopur", "state": "Madhya Pradesh"}, "geometry": {"type": "Polygon", "coordinates": [[[77.1406, 26.1951], [77.2272, 26.0854], [77.3939, 26.1579], [77.5732, 26.0181], [77.6558, 26.1048], [77.6076, 26.0355], [77.6406, 25.9696], [77.5312, 25.9459], [77.5421, 25.9085], [77.6495, 25.9164], [77.6307, 25.8729], [77.5511, 25.8192], [77.4013, 25.8879], [77.4366, 25.7832], [77.3224, 25.7972], [77.2703, 25.7248], [77.3157, 25.6738], [77.247, 25.6649], [77.2938, 25.5475], [77.1723, 25.5146], [77.0957, 25.3888], [77.0103, 25.3873], [77.0749, 25.3503], [77.0242, 25.3011], [76.9339, 25.2759], [76.8932, 25.3224], [76.7701, 25.3122], [76.6025, 25.389], [76.4778, 25.6951], [76.5355, 25.8092], [76.6461, 25.9089], [76.8063, 25.953], [76.8878, 26.0933], [77.1286, 26.2093], [77.1406, 26.1951]]]}}, {"type": "Feature", "properties": {"name": "Shivpuri", "state": "Madhya Pradesh"}, "geometry": {"type": "Polygon", "coordinates": [[[77.7014, 25.8845], [77.856, 25.8144], [77.8718, 25.7437], [77.9913, 25.7709], [78.0351, 25.7187], [78.1516, 25.7242], [78.2737, 25.7864], [78.2092, 25.7046], [78.3008, 25.7098], [78.3685, 25.6661], [78.3905, 25.5757], [78.4604, 25.5897], [78.41, 25.5377], [78.4207, 25.4776], [78.3476, 25.4548], [78.2942, 25.3676], [78.4429, 25.1288], [78.3278, 25.0888], [78.3275, 24.9996], [78.1619, 24.8448], [77.9677, 24.8498], [78.0107, 24.958], [77.8791, 25.0111], [77.8201, 25.0045], [77.7299, 24.8629], [77.6674, 24.8702], [77.5824, 24.9677], [77.5368, 24.9161], [77.5814, 24.8935], [77.4748, 24.8791], [77.456, 24.9317], [77.364, 24.9318], [77.3026, 25.0765], [77.3985, 25.1133], [77.418, 25.193], [77.3497, 25.2718], [77.3543, 25.424], [77.283, 25.4236], [77.2051, 25.3114], [77.0103, 25.3873], [77.0957, 25.3888], [77.1723, 25.5146], [77.2885, 25.5395], [77.247, 25.6649], [77.3157, 25.6738], [77.2703, 25.7248], [77.3224, 25.7972], [77.4366, 25.7832], [77.4013, 25.8879], [77.5511, 25.8192], [77.6495, 25.9164], [77.6962, 25.8859], [77.7014, 25.8845]]]}}, {"type": "Feature", "properties": {"name": "Sidhi", "state": "Madhya Pradesh"}, "geometry": {"type": "Polygon", "coordinates": [[[82.4448, 24.6801], [82.5293, 24.652], [82.6656, 24.6999], [82.7964, 24.5998], [82.8008, 24.5527], [82.7125, 24.5562], [82.7072, 24.3852], [82.7606, 24.373], [82.7641, 24.2924], [82.7204, 24.139], [82.6574, 24.1348], [82.7663, 24.0779], [82.742, 24.0214], [82.8078, 23.9631], [82.6565, 23.9079], [82.6534, 23.8578], [82.5274, 23.8241], [82.5403, 23.7912], [82.2261, 23.8069], [82.2039, 23.853], [82.0454, 23.8206], [81.9164, 23.873], [81.7827, 23.8118], [81.6616, 23.9256], [81.541, 23.9123], [81.4743, 24.0396], [81.5518, 24.0785], [81.5023, 24.0884], [81.4613, 24.2715], [81.3441, 24.2569], [81.2983, 24.3252], [81.9204, 24.5723], [82.171, 24.6218], [82.4092, 24.5978], [82.4016, 24.6838], [82.4484, 24.6906], [82.4448, 24.6801]]]}}, {"type": "Feature", "properties": {"name": "Tikamgarh", "state": "Madhya Pradesh"}, "geometry": {"type": "Polygon", "coordinates": [[[78.8855, 25.5608], [78.9417, 25.5514], [78.9032, 25.4469], [78.9601, 25.4389], [78.9785, 25.376], [78.8747, 25.3877], [78.7833, 25.3032], [78.8418, 25.2292], [78.8765, 25.3445], [78.9558, 25.3478], [78.97, 25.2852], [78.8759, 25.2558], [78.8739, 25.1633], [78.9483, 25.2202], [78.9958, 25.1959], [79.005, 25.277], [79.0564, 25.2257], [79.0218, 25.1432], [79.0843, 25.1925], [79.1292, 25.1108], [79.3139, 25.151], [79.3372, 25.0807], [79.2965, 24.6891], [79.186, 24.6168], [79.0597, 24.6275], [78.9718, 24.4447], [78.9026, 24.4784], [78.9664, 24.4969], [78.8731, 24.6469], [78.7495, 24.605], [78.7805, 24.815], [78.622, 24.9649], [78.6419, 25.0615], [78.5644, 25.2652], [78.4274, 25.2887], [78.5251, 25.3065], [78.5251, 25.363], [78.5762, 25.3519], [78.5611, 25.3957], [78.6527, 25.444], [78.7014, 25.4289], [78.6579, 25.388], [78.7644, 25.3584], [78.7431, 25.4127], [78.8129, 25.4304], [78.7551, 25.4339], [78.7318, 25.5007], [78.8343, 25.4325], [78.8283, 25.51], [78.8828, 25.5604], [78.8855, 25.5608]]]}}, {"type": "Feature", "properties": {"name": "Ujjain", "state": "Madhya Pradesh"}, "geometry": {"type": "Polygon", "coordinates": [[[75.7307, 23.7559], [75.8207, 23.7012], [75.8432, 23.7334], [75.8101, 23.6624], [75.8503, 23.5739], [76.1589, 23.5788], [76.1537, 23.5086], [76.229, 23.53], [76.1956, 23.4247], [76.2466, 23.3535], [76.0471, 23.2135], [76.1381, 23.1977], [76.0493, 23.1829], [76.1005, 23.0563], [76.0513, 23.0818], [75.9472, 23.3234], [75.9322, 23.1383], [75.9904, 23.0819], [75.9625, 23.0291], [75.6417, 23.0093], [75.6254, 23.0907], [75.5668, 23.0894], [75.4757, 23.0066], [75.4376, 22.8727], [75.332, 22.8419], [75.3045, 23.0455], [75.3496, 23.0723], [75.2415, 23.1391], [75.2258, 23.2145], [75.2825, 23.2227], [75.2626, 23.2718], [75.3258, 23.2985], [75.2009, 23.3299], [75.1341, 23.4111], [75.1905, 23.5325], [75.2734, 23.5454], [75.3146, 23.6267], [75.5039, 23.5307], [75.5234, 23.6724], [75.6176, 23.6639], [75.7292, 23.7595], [75.7307, 23.7559]]]}}, {"type": "Feature", "properties": {"name": "Umaria", "state": "Madhya Pradesh"}, "geometry": {"type": "Polygon", "coordinates": [[[81.004, 24.0953], [81.0622, 23.9685], [81.1199, 23.9716], [81.1628, 23.8837], [81.2593, 23.8475], [81.1747, 23.8081], [81.2399, 23.7267], [81.2345, 23.6524], [81.1423, 23.4642], [81.0088, 23.4444], [80.9983, 23.3749], [81.0932, 23.2036], [80.9345, 23.2907], [80.7701, 23.2187], [80.71, 23.2825], [80.7498, 23.3461], [80.5333, 23.359], [80.5438, 23.5458], [80.7029, 23.7634], [80.8142, 23.6718], [80.8948, 23.6816], [80.9058, 23.7891], [80.828, 23.956], [80.9958, 24.0961], [81.004, 24.0953]]]}}, {"type": "Feature", "properties": {"name": "Vidisha", "state": "Madhya Pradesh"}, "geometry": {"type": "Polygon", "coordinates": [[[77.4292, 24.2464], [77.487, 24.2809], [77.5485, 24.2532], [77.6437, 24.3197], [77.8859, 24.3196], [77.9365, 24.2357], [78.0298, 24.2936], [78.0904, 24.2479], [78.0533, 24.2332], [78.1372, 24.2066], [78.0909, 24.16], [78.113, 24.0541], [78.0696, 24.0485], [78.1699, 24.0133], [78.21, 24.0715], [78.2849, 23.9896], [78.2565, 23.8629], [78.2928, 23.8324], [78.2321, 23.718], [78.2871, 23.6777], [78.2714, 23.6145], [78.2162, 23.5326], [78.1273, 23.5188], [78.1433, 23.4786], [77.9957, 23.4701], [77.9891, 23.4187], [78.052, 23.3879], [78.0172, 23.3488], [77.9103, 23.4562], [77.8106, 23.4626], [77.7301, 23.5385], [77.6244, 23.5505], [77.621, 23.4678], [77.5199, 23.5074], [77.5046, 23.58], [77.6451, 23.7222], [77.4341, 23.7837], [77.3702, 23.8883], [77.3141, 23.8981], [77.3072, 24.0162], [77.2555, 24.0605], [77.3397, 24.1874], [77.3498, 24.3479], [77.4041, 24.332], [77.4255, 24.249], [77.4292, 24.2464]]]}}, {"type": "Feature", "properties": {"name": "West Nimar", "state": "Madhya Pradesh"}, "geometry": {"type": "Polygon", "coordinates": [[[76.0909, 22.5305], [76.1042, 22.4738], [76.237, 22.393], [76.1817, 22.2749], [76.0236, 22.2116], [76.1634, 22.2072], [76.1059, 22.0568], [76.1832, 22.1247], [76.2337, 22.0777], [76.161, 22.0357], [76.1702, 21.8881], [76.103, 21.8501], [76.1025, 21.7406], [76.1744, 21.6887], [76.0736, 21.6638], [76.0788, 21.5746], [75.9538, 21.547], [75.9483, 21.4833], [76.0123, 21.4696], [75.9916, 21.3761], [75.6268, 21.382], [75.609, 21.4622], [75.4673, 21.5189], [75.5057, 21.6166], [75.4413, 21.6783], [75.2979, 21.6366], [75.2122, 21.7115], [75.2829, 21.7441], [75.2868, 21.9175], [75.338, 21.9141], [75.4579, 22.065], [75.32, 22.1363], [75.5184, 22.1756], [75.5055, 22.3721], [75.6523, 22.3356], [75.827, 22.4083], [75.9084, 22.3895], [76.0557, 22.4563], [76.03, 22.5319], [76.0892, 22.5363], [76.0909, 22.5305]]]}}, {"type": "Feature", "properties": {"name": "Ahmednagar", "state": "Maharashtra"}, "geometry": {"type": "Polygon", "coordinates": [[[74.4904, 19.9808], [74.6777, 19.9476], [74.6653, 19.8399], [74.6113, 19.8505], [74.5964, 19.7805], [74.7173, 19.7831], [74.7343, 19.7], [74.8107, 19.7038], [74.7847, 19.6531], [75.1909, 19.5966], [75.3329, 19.4799], [75.3583, 19.5013], [75.3455, 19.4063], [75.4462, 19.4281], [75.5373, 19.3755], [75.5435, 19.309], [75.4075, 19.1994], [75.451, 19.1704], [75.436, 19.1168], [75.4893, 19.104], [75.3732, 19.0826], [75.4129, 19.1343], [75.3407, 19.1536], [75.367, 19.0765], [75.2864, 19.0835], [75.3443, 18.9899], [75.276, 18.9927], [75.2255, 19.1106], [75.1844, 19.013], [75.075, 19.0579], [75.1133, 19.1241], [74.9463, 19.1302], [74.9203, 19.0402], [74.9569, 18.9687], [74.8182, 18.9774], [75.2184, 18.5543], [75.1382, 18.5261], [75.0822, 18.4203], [75.02, 18.4365], [74.866, 18.3335], [74.8053, 18.3471], [74.813, 18.3858], [74.7279, 18.4159], [74.7098, 18.504], [74.6487, 18.4496], [74.5593, 18.4987], [74.5869, 18.5477], [74.4803, 18.6411], [74.5171, 18.6674], [74.4828, 18.7222], [74.4055, 18.7413], [74.4034, 18.8305], [74.3278, 18.8434], [74.1818, 19.036], [74.3225, 19.2083], [74.0417, 19.2504], [74.0072, 19.3577], [73.7635, 19.397], [73.6842, 19.4626], [73.7175, 19.4964], [73.6348, 19.5428], [73.6288, 19.5871], [73.786, 19.632], [73.8752, 19.7499], [73.923, 19.6819], [74.128, 19.6442], [74.1739, 19.7286], [74.3836, 19.8066], [74.2575, 19.9648], [74.4809, 19.986], [74.4904, 19.9808]]]}}, {"type": "Feature", "properties": {"name": "Akola", "state": "Maharashtra"}, "geometry": {"type": "Polygon", "coordinates": [[[77.0748, 21.2215], [77.162, 21.2391], [77.1564, 21.1475], [77.1942, 21.1405], [77.1466, 21.0745], [77.1316, 20.865], [77.4349, 20.8465], [77.4764, 20.8807], [77.6161, 20.7701], [77.5154, 20.7298], [77.5403, 20.6767], [77.4309, 20.6626], [77.4637, 20.6113], [77.3375, 20.5779], [77.3334, 20.5277], [77.395, 20.527], [77.3781, 20.4841], [77.3262, 20.4997], [77.3458, 20.466], [77.2927, 20.4208], [77.1842, 20.4499], [77.1386, 20.3836], [77.0225, 20.4515], [76.8811, 20.2833], [76.7904, 20.2872], [76.6981, 20.3546], [76.7261, 20.4028], [76.6924, 20.4598], [76.761, 20.5421], [76.7153, 20.6526], [76.7438, 20.8012], [76.6634, 20.9276], [76.7838, 20.9103], [76.806, 20.9594], [76.7636, 21.0406], [76.7733, 21.191], [77.0709, 21.2235], [77.0748, 21.2215]]]}}, {"type": "Feature", "properties": {"name": "Amravati", "state": "Maharashtra"}, "geometry": {"type": "Polygon", "coordinates": [[[77.4752, 21.7657], [77.6071, 21.5428], [77.4199, 21.5387], [77.487, 21.3778], [77.9388, 21.3869], [78.1693, 21.4985], [78.1809, 21.5587], [78.4226, 21.6019], [78.4438, 21.406], [78.2467, 21.3301], [78.0708, 21.355], [78.0517, 21.2552], [78.141, 21.1385], [78.1418, 20.9533], [78.3133, 20.8239], [78.2921, 20.6975], [78.1077, 20.6409], [78.0345, 20.6673], [77.9204, 20.5593], [77.8892, 20.6244], [77.768, 20.5408], [77.6273, 20.5678], [77.633, 20.7563], [77.5478, 20.8545], [77.1316, 20.865], [77.1466, 21.0745], [77.1931, 21.1236], [77.162, 21.2391], [76.7908, 21.1868], [76.7222, 21.2913], [76.6611, 21.2824], [76.6245, 21.3351], [76.7842, 21.4665], [76.7953, 21.5975], [76.9011, 21.6008], [77.0723, 21.7229], [77.2074, 21.694], [77.28, 21.7613], [77.477, 21.768], [77.4752, 21.7657]]]}}, {"type": "Feature", "properties": {"name": "Aurangabad", "state": "Maharashtra"}, "geometry": {"type": "Polygon", "coordinates": [[[75.7067, 20.6632], [75.704, 20.6194], [75.7899, 20.567], [75.8464, 20.5692], [75.8696, 20.6252], [75.8876, 20.5276], [75.8522, 20.4918], [75.8948, 20.4486], [75.7663, 20.4522], [75.7382, 20.4158], [75.7742, 20.3382], [75.6868, 20.3108], [75.6803, 20.1923], [75.5908, 20.1032], [75.5951, 20.0245], [75.6693, 19.9408], [75.6349, 19.6562], [75.5925, 19.6384], [75.6585, 19.5674], [75.6115, 19.382], [75.4939, 19.4406], [75.3455, 19.4063], [75.3583, 19.5013], [75.3329, 19.4799], [75.1909, 19.5966], [74.7847, 19.6531], [74.8107, 19.7038], [74.7343, 19.7], [74.7173, 19.7831], [74.5964, 19.7805], [74.6113, 19.8505], [74.6653, 19.8399], [74.6536, 19.9107], [74.7244, 20.0221], [74.728, 20.1915], [74.8325, 20.2443], [74.8597, 20.1782], [74.9339, 20.1537], [74.9118, 20.2446], [74.9985, 20.3372], [75.0594, 20.3086], [75.1281, 20.3508], [75.1111, 20.4133], [75.2334, 20.4946], [75.2621, 20.5805], [75.3644, 20.5985], [75.3991, 20.5257], [75.4602, 20.5176], [75.5381, 20.6113], [75.7018, 20.6662], [75.7067, 20.6632]]]}}, {"type": "Feature", "properties": {"name": "Bhandara", "state": "Maharashtra"}, "geometry": {"type": "MultiPolygon", "coordinates": [[[[80.3251, 21.4952], [80.401, 21.4654], [80.4044, 21.3758], [80.5114, 21.3919], [80.6738, 21.3091], [80.4169, 21.104], [80.4022, 21.1842], [80.3384, 21.1726], [80.3201, 21.3059], [80.2598, 21.3567], [80.3559, 21.4056], [80.2745, 21.4533], [80.3239, 21.4961], [80.3251, 21.4952]]], [[[79.7449, 21.5979], [79.922, 21.5125], [79.7932, 21.3771], [79.859, 21.2583], [79.8261, 21.2296], [79.9355, 21.2522], [80.0433, 21.2101], [80.0805, 21.0478], [80.0411, 21.0025], [79.9429, 21.0114], [79.9414, 20.9256], [79.8589, 20.8757], [79.8596, 20.7807], [79.9339, 20.7846], [79.9095, 20.7374], [79.9659, 20.7086], [79.9266, 20.6656], [79.7555, 20.7305], [79.6894, 20.6397], [79.503, 20.7036], [79.5355, 20.8476], [79.613, 20.8645], [79.6535, 20.9693], [79.4867, 21.1396], [79.4956, 21.1836], [79.5557, 21.1557], [79.5706, 21.2778], [79.4433, 21.4573], [79.5082, 21.5349], [79.7326, 21.6025], [79.7449, 21.5979]]]]}}, {"type": "Feature", "properties": {"name": "Bid", "state": "Maharashtra"}, "geometry": {"type": "Polygon", "coordinates": [[[75.4939, 19.4406], [75.6894, 19.3558], [75.9187, 19.3883], [75.9343, 19.294], [76.0198, 19.3398], [76.0396, 19.2863], [76.1015, 19.3085], [76.2264, 19.2417], [76.363, 19.2373], [76.3243, 19.1071], [76.4365, 19.0957], [76.478, 18.9563], [76.5219, 18.917], [76.5829, 18.9446], [76.587, 18.8738], [76.7359, 18.7016], [76.5702, 18.6791], [76.5377, 18.5982], [76.4416, 18.6431], [76.3871, 18.5409], [76.0005, 18.585], [75.8121, 18.6735], [75.6743, 18.6903], [75.6551, 18.6468], [75.5891, 18.697], [75.4214, 18.5329], [75.3484, 18.5615], [75.2642, 18.5087], [75.0122, 18.8045], [74.9032, 18.8475], [74.8168, 18.9731], [74.9569, 18.9687], [74.9203, 19.0402], [74.9463, 19.1302], [75.1133, 19.1241], [75.075, 19.0579], [75.1844, 19.013], [75.2255, 19.1106], [75.3006, 18.978], [75.3496, 19.0231], [75.2901, 19.0324], [75.2864, 19.0835], [75.368, 19.0814], [75.3349, 19.1504], [75.4129, 19.1343], [75.3867, 19.0781], [75.4893, 19.104], [75.436, 19.1168], [75.451, 19.1704], [75.4068, 19.194], [75.5435, 19.309], [75.489, 19.4402], [75.4939, 19.4406]]]}}, {"type": "Feature", "properties": {"name": "Buldana", "state": "Maharashtra"}, "geometry": {"type": "Polygon", "coordinates": [[[76.7222, 21.2913], [76.7818, 21.191], [76.7636, 21.0406], [76.806, 20.9594], [76.7838, 20.9103], [76.6634, 20.9276], [76.7438, 20.8012], [76.7153, 20.6526], [76.761, 20.5421], [76.6924, 20.4598], [76.7261, 20.4028], [76.6981, 20.3546], [76.828, 20.2681], [76.7456, 20.2058], [76.7571, 20.1317], [76.6291, 20.0833], [76.6581, 19.9638], [76.6055, 19.9218], [76.6578, 19.8928], [76.6221, 19.8433], [76.5394, 19.8455], [76.4897, 19.9189], [76.3675, 19.9266], [76.2978, 19.8705], [76.1003, 19.8568], [75.9974, 19.9764], [76.1513, 20.1786], [76.1776, 20.2982], [76.0986, 20.353], [75.9206, 20.2981], [75.9684, 20.3751], [75.9508, 20.5211], [76.0403, 20.5566], [75.987, 20.7606], [76.1114, 20.8836], [76.0839, 20.9295], [76.166, 21.042], [76.346, 20.9517], [76.3825, 21.0793], [76.4874, 21.1961], [76.6234, 21.1927], [76.6611, 21.2824], [76.7138, 21.2878], [76.7222, 21.2913]]]}}, {"type": "Feature", "properties": {"name": "Chandrapur", "state": "Maharashtra"}, "geometry": {"type": "Polygon", "coordinates": [[[79.7966, 20.6835], [79.9299, 20.6597], [79.9389, 20.2926], [79.9893, 20.2181], [79.9062, 20.1481], [79.978, 20.0777], [79.944, 19.9828], [79.8885, 19.9676], [79.8422, 20.0307], [79.7743, 19.9986], [79.7987, 19.8917], [79.7374, 19.8145], [79.7854, 19.5936], [79.6397, 19.575], [79.5981, 19.5038], [79.5427, 19.5485], [79.4704, 19.4975], [79.2439, 19.6126], [79.189, 19.4587], [79.0966, 19.5305], [78.9546, 19.5518], [78.9542, 19.6634], [78.8588, 19.6563], [78.8483, 19.7653], [78.9434, 19.7474], [78.9531, 19.802], [79.06, 19.8135], [79.1459, 19.8918], [79.0892, 19.9135], [79.1029, 20.007], [78.965, 20.1225], [78.9159, 20.2519], [78.8073, 20.2535], [78.8365, 20.4309], [78.9454, 20.4282], [79.0184, 20.4782], [79.125, 20.4537], [79.2206, 20.5831], [79.3159, 20.5829], [79.347, 20.671], [79.4289, 20.6584], [79.5147, 20.7083], [79.6894, 20.6397], [79.7555, 20.7305], [79.7943, 20.6946], [79.7966, 20.6835]]]}}, {"type": "Feature", "properties": {"name": "Dhule", "state": "Maharashtra"}, "geometry": {"type": "Polygon", "coordinates": [[[74.87, 21.6303], [75.0577, 21.5649], [75.1151, 21.4596], [75.2075, 21.4158], [75.1435, 21.3863], [75.1065, 21.238], [75.0017, 21.1893], [74.9464, 21.2269], [74.966, 21.1937], [74.8917, 21.1469], [74.8611, 21.0648], [74.9241, 21.0123], [74.9971, 20.7503], [74.9325, 20.659], [74.8321, 20.6335], [74.6548, 20.6963], [74.6689, 20.7757], [74.5767, 20.8342], [74.4426, 20.8027], [74.4014, 20.8607], [73.9359, 20.8434], [73.914, 20.97], [73.8572, 20.9977], [73.9606, 21.0328], [73.9813, 21.1122], [74.0749, 21.1286], [74.0636, 21.1725], [74.1617, 21.2332], [74.4958, 21.2411], [74.5018, 21.4291], [74.689, 21.4044], [74.7017, 21.4724], [74.757, 21.4775], [74.775, 21.6155], [74.869, 21.6304], [74.87, 21.6303]]]}}, {"type": "Feature", "properties": {"name": "Garhchiroli", "state": "Maharashtra"}, "geometry": {"type": "Polygon", "coordinates": [[[80.5559, 20.8197], [80.5783, 20.6788], [80.4816, 20.6171], [80.6223, 20.6039], [80.586, 20.3956], [80.6167, 20.3257], [80.383, 20.2417], [80.3938, 20.144], [80.498, 20.1389], [80.5462, 20.0657], [80.5204, 19.9309], [80.4063, 19.9325], [80.4975, 19.8687], [80.3947, 19.7946], [80.4781, 19.7724], [80.4692, 19.8247], [80.5424, 19.8193], [80.5397, 19.7746], [80.6658, 19.6922], [80.6569, 19.6123], [80.8276, 19.5627], [80.8921, 19.4657], [80.7879, 19.4267], [80.845, 19.3609], [80.7492, 19.2867], [80.6102, 19.3071], [80.5678, 19.4009], [80.4756, 19.335], [80.3792, 19.2326], [80.2677, 18.9873], [80.3462, 18.8111], [80.2422, 18.7597], [80.2467, 18.7013], [80.1108, 18.6762], [79.894, 18.8308], [79.939, 18.8589], [79.9345, 19.0217], [79.8596, 19.0346], [79.858, 19.1041], [79.9432, 19.1706], [79.9202, 19.2264], [79.9731, 19.401], [79.7863, 19.5897], [79.7374, 19.8145], [79.7987, 19.8917], [79.7658, 19.9702], [79.8422, 20.0307], [79.9178, 19.9687], [79.985, 20.0434], [79.9057, 20.1439], [79.9893, 20.2181], [79.9389, 20.2926], [79.9673, 20.3486], [79.928, 20.6753], [80.012, 20.6653], [80.0519, 20.7068], [80.2349, 20.6518], [80.3251, 20.8186], [80.5368, 20.8217], [80.5559, 20.8197]]]}}, {"type": "Feature", "properties": {"name": "Gondiya", "state": "Maharashtra"}, "geometry": {"type": "Polygon", "coordinates": [[[80.212, 21.6242], [80.3706, 21.521], [80.3564, 21.4797], [80.2763, 21.4918], [80.3559, 21.4056], [80.2598, 21.3567], [80.3201, 21.3059], [80.3384, 21.1726], [80.4022, 21.1842], [80.4556, 20.9321], [80.5418, 20.9339], [80.5559, 20.8197], [80.3251, 20.8186], [80.2349, 20.6518], [80.0519, 20.7068], [79.9827, 20.6726], [79.9095, 20.7374], [79.9339, 20.7846], [79.8596, 20.7807], [79.8589, 20.8757], [79.9414, 20.9256], [79.9429, 21.0114], [80.0411, 21.0025], [80.0792, 21.0455], [80.0772, 21.1431], [80.0433, 21.2101], [79.9355, 21.2522], [79.8306, 21.2242], [79.859, 21.2583], [79.7932, 21.3771], [79.8766, 21.4248], [79.9272, 21.5537], [79.9967, 21.5353], [80.2104, 21.6263], [80.212, 21.6242]]]}}, {"type": "Feature", "properties": {"name": "Greater Bombay", "state": "Maharashtra"}, "geometry": {"type": "MultiPolygon", "coordinates": [[[[72.7818, 19.1354], [72.7818, 19.1351], [72.7826, 19.1351], [72.7818, 19.1354]]], [[[72.8589, 19.3135], [72.9749, 19.2954], [73.1243, 19.1374], [73.0584, 19.0971], [73.0424, 18.9988], [72.9632, 19.0585], [72.9093, 18.9912], [72.8621, 19.0029], [72.8076, 18.891], [72.831, 19.1776], [72.7935, 19.1299], [72.7801, 19.1663], [72.8396, 19.2674], [72.7838, 19.1924], [72.7782, 19.279], [72.8579, 19.3149], [72.8589, 19.3135]]]]}}, {"type": "Feature", "properties": {"name": "Hingoli", "state": "Maharashtra"}, "geometry": {"type": "Polygon", "coordinates": [[[77.0108, 20.0053], [77.0997, 19.9333], [77.2014, 19.9919], [77.2383, 19.8927], [77.3133, 19.91], [77.2959, 19.8799], [77.3624, 19.8584], [77.3417, 19.8294], [77.407, 19.7727], [77.3803, 19.7289], [77.4329, 19.7295], [77.467, 19.6647], [77.4905, 19.4661], [77.3832, 19.3406], [77.2416, 19.3206], [77.1766, 19.2167], [77.189, 19.1299], [77.0885, 19.0682], [77.1182, 19.1493], [77.0359, 19.201], [77.0197, 19.2822], [76.9243, 19.2474], [76.8911, 19.3113], [76.9193, 19.4463], [76.9844, 19.4752], [76.9408, 19.6225], [76.8694, 19.6187], [76.8492, 19.7048], [76.7868, 19.6713], [76.7796, 19.7309], [76.7585, 19.685], [76.6753, 19.839], [76.7717, 19.9335], [77.0053, 20.0076], [77.0108, 20.0053]]]}}, {"type": "Feature", "properties": {"name": "Jalgaon", "state": "Maharashtra"}, "geometry": {"type": "Polygon", "coordinates": [[[75.2435, 21.4149], [76.0987, 21.3739], [76.1727, 21.1883], [76.1143, 21.1705], [76.1357, 21.1262], [76.1726, 21.0846], [76.3828, 21.0796], [76.3823, 20.9795], [76.2798, 20.9601], [76.166, 21.042], [76.0839, 20.9295], [76.1114, 20.8836], [75.987, 20.7606], [76.0107, 20.6409], [75.9338, 20.6014], [75.93, 20.5515], [75.8696, 20.6252], [75.8464, 20.5692], [75.7899, 20.567], [75.6704, 20.6722], [75.4602, 20.5176], [75.3991, 20.5257], [75.3644, 20.5985], [75.2621, 20.5805], [75.2334, 20.4946], [75.1111, 20.4133], [75.1281, 20.3508], [74.8737, 20.2783], [74.7656, 20.54], [74.8184, 20.6352], [74.9325, 20.659], [74.9971, 20.7503], [74.9241, 21.0123], [74.8611, 21.0648], [74.966, 21.1937], [74.9464, 21.2269], [75.0017, 21.1893], [75.1065, 21.238], [75.1435, 21.3863], [75.2364, 21.4171], [75.2435, 21.4149]]]}}, {"type": "Feature", "properties": {"name": "Jalna", "state": "Maharashtra"}, "geometry": {"type": "Polygon", "coordinates": [[[76.0263, 20.6455], [76.0403, 20.5566], [75.9508, 20.5211], [75.9684, 20.3751], [75.9206, 20.2981], [76.0986, 20.353], [76.1776, 20.2795], [75.9974, 19.9764], [76.1401, 19.8454], [76.339, 19.8828], [76.3675, 19.9266], [76.4923, 19.9178], [76.5326, 19.8651], [76.483, 19.7936], [76.5099, 19.763], [76.4592, 19.7472], [76.487, 19.6775], [76.4493, 19.6602], [76.4418, 19.5412], [76.3781, 19.5366], [76.2092, 19.2778], [76.0396, 19.2863], [76.0198, 19.3398], [75.9343, 19.294], [75.9107, 19.3897], [75.6237, 19.3744], [75.6585, 19.5674], [75.5925, 19.6384], [75.6349, 19.6562], [75.6693, 19.9408], [75.5951, 20.0245], [75.5908, 20.1032], [75.6803, 20.1923], [75.6868, 20.3108], [75.7742, 20.3382], [75.7401, 20.4209], [75.8204, 20.475], [75.8948, 20.4486], [75.8522, 20.4918], [75.8654, 20.5634], [75.932, 20.5525], [75.9574, 20.6267], [76.0226, 20.6468], [76.0263, 20.6455]]]}}, {"type": "Feature", "properties": {"name": "Kolhapur", "state": "Maharashtra"}, "geometry": {"type": "Polygon", "coordinates": [[[73.858, 17.1514], [74.0742, 16.902], [74.2885, 16.9141], [74.3677, 16.852], [74.5227, 16.8552], [74.706, 16.7298], [74.6605, 16.6376], [74.6934, 16.6073], [74.592, 16.5555], [74.4774, 16.6608], [74.3899, 16.5279], [74.3294, 16.5535], [74.3141, 16.5021], [74.2716, 16.5387], [74.2532, 16.4949], [74.2999, 16.5026], [74.3691, 16.3943], [74.3255, 16.3792], [74.3307, 16.2729], [74.3801, 16.2935], [74.5031, 16.231], [74.4964, 16.1016], [74.4346, 16.1106], [74.3682, 16.053], [74.4703, 16.0405], [74.3919, 15.9012], [74.4116, 15.8526], [74.3741, 15.8916], [74.3445, 15.8521], [74.3893, 15.8441], [74.3649, 15.7737], [74.2501, 15.7412], [74.2355, 15.7868], [74.1806, 15.7722], [74.1022, 15.8375], [74.0485, 15.7532], [74.0401, 15.8319], [74.1014, 15.8955], [74.0537, 15.9547], [74.0969, 16.0104], [74.0098, 16.0358], [74.0056, 16.0865], [73.8446, 16.092], [73.8546, 16.1505], [73.9184, 16.1334], [73.9673, 16.2039], [73.9015, 16.2291], [73.9132, 16.3266], [73.8501, 16.315], [73.8467, 16.4013], [73.8971, 16.4558], [73.8271, 16.5433], [73.8721, 16.6068], [73.8693, 16.6791], [73.8223, 16.705], [73.8499, 16.7373], [73.7216, 16.8284], [73.7784, 16.8527], [73.7488, 16.9112], [73.7994, 16.9065], [73.775, 16.9612], [73.8427, 16.9893], [73.8434, 17.0526], [73.699, 17.157], [73.8546, 17.1525], [73.858, 17.1514]]]}}, {"type": "Feature", "properties": {"name": "Latur", "state": "Maharashtra"}, "geometry": {"type": "Polygon", "coordinates": [[[76.9992, 18.8091], [77.0546, 18.7651], [77.0443, 18.6821], [77.1795, 18.7015], [77.1533, 18.6453], [77.2678, 18.6098], [77.2936, 18.5461], [77.2457, 18.4898], [77.2979, 18.4656], [77.2537, 18.4523], [77.2062, 18.278], [77.0955, 18.1951], [77.1089, 18.1527], [76.9806, 18.1894], [76.9334, 18.1579], [76.9226, 18.1161], [76.9683, 18.0971], [76.8894, 17.8972], [76.7974, 17.8693], [76.6741, 17.9205], [76.6838, 17.9861], [76.6111, 18.0366], [76.4276, 18.0292], [76.3811, 18.0882], [76.3208, 18.0755], [76.2767, 18.1385], [76.3182, 18.3282], [76.2879, 18.3851], [76.2002, 18.3981], [76.2714, 18.4194], [76.2797, 18.5738], [76.3871, 18.5409], [76.4416, 18.6431], [76.5377, 18.5982], [76.5702, 18.6791], [76.731, 18.6957], [76.7825, 18.7929], [76.9989, 18.8174], [76.9992, 18.8091]]]}}, {"type": "Feature", "properties": {"name": "Nagpur", "state": "Maharashtra"}, "geometry": {"type": "Polygon", "coordinates": [[[79.2848, 21.6939], [79.4886, 21.6741], [79.5395, 21.5652], [79.4445, 21.4357], [79.5695, 21.2837], [79.5557, 21.1557], [79.4956, 21.1836], [79.4867, 21.1396], [79.6535, 20.9693], [79.613, 20.8645], [79.5355, 20.8476], [79.4996, 20.6995], [79.347, 20.671], [79.3159, 20.5829], [79.219, 20.5818], [79.0985, 20.7122], [78.9398, 20.7672], [78.8372, 20.8911], [78.7733, 20.8918], [78.7258, 21.0054], [78.6019, 21.0702], [78.4733, 21.2208], [78.3283, 21.2519], [78.2477, 21.3385], [78.4438, 21.406], [78.4301, 21.5018], [78.9318, 21.4874], [78.9132, 21.5924], [79.0881, 21.5992], [79.1478, 21.6605], [79.2199, 21.6508], [79.2287, 21.7239], [79.2768, 21.7002], [79.2848, 21.6939]]]}}, {"type": "Feature", "properties": {"name": "Nanded", "state": "Maharashtra"}, "geometry": {"type": "Polygon", "coordinates": [[[78.0547, 19.9179], [78.2483, 19.9291], [78.2502, 19.8726], [78.3102, 19.9127], [78.2941, 19.8496], [78.3677, 19.7811], [78.2697, 19.6631], [78.312, 19.4659], [78.1822, 19.4118], [78.1701, 19.2363], [78.0511, 19.2418], [77.9489, 19.3413], [77.8609, 19.3021], [77.9057, 19.2672], [77.8465, 19.197], [77.8481, 19.0901], [77.8027, 19.102], [77.7574, 19.0286], [77.9426, 18.8223], [77.8375, 18.8075], [77.7864, 18.6841], [77.7329, 18.676], [77.7365, 18.5548], [77.5973, 18.5475], [77.6011, 18.4742], [77.5462, 18.4634], [77.5852, 18.4454], [77.5259, 18.4274], [77.5195, 18.3493], [77.5702, 18.3082], [77.4654, 18.26], [77.3588, 18.3106], [77.4101, 18.3885], [77.3696, 18.4477], [77.2646, 18.4184], [77.2979, 18.4656], [77.2457, 18.4898], [77.2936, 18.5461], [77.2678, 18.6098], [77.1533, 18.6453], [77.1795, 18.7015], [77.0443, 18.6821], [77.0107, 18.8773], [76.932, 18.8998], [77.0241, 18.9389], [77.0826, 19.1072], [77.0885, 19.0682], [77.1562, 19.083], [77.2416, 19.3206], [77.4467, 19.3824], [77.4905, 19.4661], [77.4565, 19.682], [77.6041, 19.6468], [77.6307, 19.5555], [77.746, 19.5214], [77.6954, 19.4382], [77.8309, 19.4387], [77.8391, 19.5093], [77.9037, 19.5327], [77.9873, 19.4545], [78.0154, 19.4955], [78.1101, 19.4906], [78.1156, 19.5529], [78.1846, 19.5666], [78.1746, 19.6544], [77.9844, 19.6804], [77.8567, 19.7435], [77.8453, 19.8007], [77.9499, 19.9112], [78.0532, 19.9238], [78.0547, 19.9179]]]}}, {"type": "Feature", "properties": {"name": "Nandurbar", "state": "Maharashtra"}, "geometry": {"type": "Polygon", "coordinates": [[[74.4355, 22.031], [74.5275, 21.9088], [74.5118, 21.725], [74.775, 21.6155], [74.757, 21.4775], [74.7017, 21.4724], [74.689, 21.4044], [74.5018, 21.4291], [74.4958, 21.2411], [74.1617, 21.2332], [74.0636, 21.1725], [74.0749, 21.1286], [73.9813, 21.1122], [73.9606, 21.0328], [73.8468, 20.994], [73.7476, 21.04], [73.7526, 21.1141], [73.6599, 21.1084], [73.5883, 21.1679], [73.6364, 21.1327], [73.8225, 21.1719], [73.8321, 21.2675], [73.9485, 21.2976], [73.9528, 21.4024], [74.0485, 21.4194], [74.0672, 21.4819], [74.109, 21.448], [74.3059, 21.4794], [74.3355, 21.5402], [74.0692, 21.5595], [73.8608, 21.4958], [73.7876, 21.625], [73.8856, 21.6451], [73.8964, 21.7003], [73.8105, 21.8233], [74.1382, 21.9534], [74.2906, 21.9361], [74.4177, 22.0258], [74.4355, 22.031]]]}}, {"type": "Feature", "properties": {"name": "Nashik", "state": "Maharashtra"}, "geometry": {"type": "Polygon", "coordinates": [[[74.1441, 20.8602], [74.4014, 20.8607], [74.4426, 20.8027], [74.5767, 20.8342], [74.6689, 20.7757], [74.6548, 20.6963], [74.8091, 20.6581], [74.7772, 20.4719], [74.8456, 20.4112], [74.8633, 20.283], [74.9412, 20.2729], [74.9339, 20.1537], [74.8597, 20.1782], [74.8325, 20.2443], [74.728, 20.1915], [74.7423, 20.0833], [74.6777, 19.9476], [74.4743, 19.9886], [74.2575, 19.9648], [74.3836, 19.8066], [74.1739, 19.7286], [74.128, 19.6442], [73.923, 19.6819], [73.8986, 19.7529], [73.7825, 19.6299], [73.5863, 19.6014], [73.4271, 19.8426], [73.4614, 19.9821], [73.2905, 20.0448], [73.2594, 20.1207], [73.3111, 20.2072], [73.4299, 20.2062], [73.3913, 20.3902], [73.5007, 20.5402], [73.4016, 20.6492], [73.4752, 20.7217], [73.4984, 20.6534], [73.5384, 20.6739], [73.6658, 20.5628], [73.7482, 20.5674], [73.8464, 20.6235], [73.8226, 20.6938], [73.9495, 20.7423], [73.9451, 20.8401], [74.138, 20.8642], [74.1441, 20.8602]]]}}, {"type": "Feature", "properties": {"name": "Osmanabad", "state": "Maharashtra"}, "geometry": {"type": "Polygon", "coordinates": [[[75.6489, 18.6482], [75.6916, 18.6905], [75.942, 18.645], [76.0584, 18.573], [76.2541, 18.5764], [76.2714, 18.4194], [76.2002, 18.3981], [76.2879, 18.3851], [76.3182, 18.3282], [76.2767, 18.1385], [76.3079, 18.09], [76.3811, 18.0882], [76.4276, 18.0292], [76.6111, 18.0366], [76.7882, 17.8265], [76.7157, 17.7819], [76.6883, 17.6785], [76.6144, 17.7683], [76.5732, 17.7022], [76.5733, 17.76], [76.5263, 17.7594], [76.4428, 17.6419], [76.2987, 17.7276], [76.1763, 17.6861], [76.0965, 17.7774], [76.0066, 17.7489], [76.0188, 17.8279], [75.8771, 17.845], [75.8463, 17.891], [75.853, 18.0056], [75.9763, 17.9697], [76.0166, 18.0386], [75.943, 18.1226], [75.9487, 18.2378], [75.8879, 18.3631], [75.7298, 18.4337], [75.7215, 18.3372], [75.6533, 18.3301], [75.5353, 18.1338], [75.4326, 18.1773], [75.4088, 18.3264], [75.2881, 18.4077], [75.3484, 18.5615], [75.4214, 18.5329], [75.5891, 18.697], [75.6397, 18.6537], [75.6489, 18.6482]]]}}, {"type": "Feature", "properties": {"name": "Parbhani", "state": "Maharashtra"}, "geometry": {"type": "Polygon", "coordinates": [[[76.6445, 19.8667], [76.7047, 19.8365], [76.6861, 19.7817], [76.7585, 19.685], [76.7796, 19.7309], [76.7868, 19.6713], [76.8492, 19.7048], [76.8694, 19.6187], [76.9408, 19.6225], [76.9844, 19.4752], [76.9193, 19.4463], [76.892, 19.3085], [76.9243, 19.2474], [77.0197, 19.2822], [77.0359, 19.201], [77.1182, 19.1493], [77.0241, 18.9389], [76.932, 18.8998], [77.0169, 18.8423], [76.6881, 18.7528], [76.587, 18.8738], [76.5829, 18.9446], [76.5219, 18.917], [76.478, 18.9563], [76.4365, 19.0957], [76.3243, 19.1071], [76.363, 19.2373], [76.2264, 19.2417], [76.2092, 19.2778], [76.3781, 19.5366], [76.4418, 19.5412], [76.4493, 19.6602], [76.487, 19.6775], [76.4592, 19.7472], [76.5099, 19.763], [76.483, 19.7936], [76.5196, 19.8491], [76.6421, 19.8675], [76.6445, 19.8667]]]}}, {"type": "Feature", "properties": {"name": "Pune", "state": "Maharashtra"}, "geometry": {"type": "Polygon", "coordinates": [[[73.865, 19.3589], [74.0072, 19.3577], [74.0417, 19.2504], [74.1656, 19.2029], [74.3225, 19.2083], [74.1818, 19.036], [74.3278, 18.8434], [74.4034, 18.8305], [74.4055, 18.7413], [74.4828, 18.7222], [74.5171, 18.6674], [74.4803, 18.6411], [74.5869, 18.5477], [74.5593, 18.4987], [74.6487, 18.4496], [74.7098, 18.504], [74.7394, 18.3977], [74.7845, 18.4082], [74.8371, 18.3418], [74.8507, 18.2996], [74.7997, 18.284], [74.8376, 18.246], [75.0484, 18.2618], [75.0171, 18.1983], [75.1055, 18.2201], [75.0973, 18.1218], [75.1664, 18.106], [75.0253, 17.9668], [75.1235, 17.9973], [75.1341, 17.9536], [75.0277, 17.8914], [74.6703, 18.0684], [74.3096, 18.0681], [73.9538, 18.18], [73.8822, 18.1723], [73.9119, 18.1355], [73.8706, 18.1192], [73.8662, 18.0309], [73.638, 18.0446], [73.6067, 18.1083], [73.6715, 18.1649], [73.5711, 18.2104], [73.5333, 18.1849], [73.5193, 18.2856], [73.4321, 18.306], [73.4204, 18.4975], [73.3749, 18.4678], [73.4045, 18.5024], [73.3332, 18.5624], [73.3951, 18.6922], [73.3422, 18.701], [73.4719, 18.9655], [73.5665, 19.0157], [73.5218, 19.0937], [73.5485, 19.1764], [73.699, 19.2442], [73.6957, 19.3109], [73.805, 19.3308], [73.7916, 19.3907], [73.8575, 19.364], [73.865, 19.3589]]]}}, {"type": "Feature", "properties": {"name": "Raigarh", "state": "Maharashtra"}, "geometry": {"type": "MultiPolygon", "coordinates": [[[[73.0382, 18.0521], [73.0382, 18.0515], [73.0385, 18.0515], [73.0382, 18.0521]]], [[[72.966, 18.3013], [72.966, 18.3001], [72.9665, 18.3001], [72.966, 18.3013]]], [[[73.079, 18.3104], [73.079, 18.3101], [73.0793, 18.3101], [73.079, 18.3104]]], [[[73.0821, 18.3221], [73.0821, 18.3213], [73.0824, 18.3213], [73.0821, 18.3221]]], [[[72.8649, 18.6357], [72.8649, 18.6351], [72.8651, 18.6351], [72.8649, 18.6357]]], [[[72.8126, 18.7065], [72.8126, 18.7063], [72.8129, 18.7063], [72.8126, 18.7065]]], [[[72.8426, 18.7085], [72.8426, 18.7082], [72.8429, 18.7082], [72.8426, 18.7085]]], [[[72.9015, 18.9643], [72.9015, 18.964], [72.9021, 18.964], [72.9015, 18.9643]]], [[[72.939, 18.9724], [72.939, 18.9721], [72.9396, 18.9721], [72.939, 18.9724]]], [[[73.026, 18.9999], [73.026, 18.9996], [73.0271, 18.9996], [73.026, 18.9999]]], [[[73.4821, 19.1346], [73.5367, 19.1289], [73.5665, 19.0157], [73.4719, 18.9655], [73.3989, 18.8515], [73.3422, 18.701], [73.3855, 18.7074], [73.3991, 18.6537], [73.3332, 18.5624], [73.4045, 18.5024], [73.3749, 18.4678], [73.4204, 18.4975], [73.4321, 18.306], [73.5193, 18.2856], [73.5313, 18.1866], [73.5711, 18.2104], [73.6763, 18.1554], [73.6157, 18.1373], [73.6655, 18.0123], [73.5462, 17.896], [73.5608, 17.8639], [73.3847, 17.8869], [73.3709, 18.0091], [73.2993, 18.0691], [73.1854, 18.0574], [73.1251, 17.9813], [73.0179, 17.991], [73.0454, 18.0415], [72.9899, 18.0551], [72.9879, 18.1943], [72.9315, 18.2193], [72.9351, 18.281], [73.0663, 18.2251], [73.0871, 18.1504], [73.0429, 18.299], [73.0863, 18.2879], [73.0879, 18.3268], [73.0279, 18.2643], [72.9174, 18.3485], [72.9285, 18.5418], [72.8551, 18.6968], [72.8693, 18.8046], [72.9826, 18.8096], [72.9887, 18.866], [72.9265, 18.851], [72.9079, 18.9021], [73.0576, 19.0162], [73.0596, 19.0992], [73.2088, 19.1242], [73.2571, 19.0633], [73.3602, 19.1283], [73.469, 19.1301], [73.4821, 19.1346]]]]}}, {"type": "Feature", "properties": {"name": "Ratnagiri", "state": "Maharashtra"}, "geometry": {"type": "MultiPolygon", "coordinates": [[[[73.0843, 17.8188], [73.0843, 17.8185], [73.0846, 17.8185], [73.0843, 17.8188]]], [[[73.2993, 18.0691], [73.3709, 18.0091], [73.3847, 17.8869], [73.4461, 17.9026], [73.4597, 17.8493], [73.5859, 17.8757], [73.6123, 17.7938], [73.5763, 17.7209], [73.6998, 17.6843], [73.7562, 17.5479], [73.7144, 17.4221], [73.6541, 17.39], [73.728, 17.2011], [73.7011, 17.1421], [73.8434, 17.0526], [73.8427, 16.9893], [73.775, 16.9612], [73.7994, 16.9065], [73.7488, 16.9112], [73.7784, 16.8527], [73.7216, 16.8284], [73.8437, 16.7458], [73.8223, 16.705], [73.8659, 16.6503], [73.7819, 16.6611], [73.7748, 16.6], [73.6993, 16.6223], [73.6583, 16.5629], [73.476, 16.4916], [73.3579, 16.5263], [73.3463, 16.5571], [73.3938, 16.5543], [73.319, 16.5932], [73.3526, 16.5965], [73.3054, 16.7293], [73.3332, 16.8165], [73.2954, 16.8168], [73.3135, 16.889], [73.2771, 16.8921], [73.2943, 16.986], [73.2543, 17.0274], [73.3199, 17.0382], [73.2785, 17.0404], [73.2982, 17.0785], [73.1893, 17.2979], [73.244, 17.3074], [73.1671, 17.4051], [73.2057, 17.439], [73.1371, 17.556], [73.1685, 17.5824], [73.0885, 17.8082], [73.1326, 17.8301], [73.0501, 17.9068], [73.0924, 17.9407], [73.0285, 17.949], [73.1893, 18.0593], [73.2889, 18.068], [73.2993, 18.0691]]]]}}, {"type": "Feature", "properties": {"name": "Sangli", "state": "Maharashtra"}, "geometry": {"type": "Polygon", "coordinates": [[[74.9169, 17.6173], [74.9927, 17.5406], [74.945, 17.5116], [74.9779, 17.4672], [75.0446, 17.4728], [74.9658, 17.2922], [74.8553, 17.2097], [74.9272, 17.1535], [74.901, 17.1181], [74.9705, 17.1249], [74.9695, 17.1926], [75.0839, 17.2465], [75.2508, 17.2537], [75.2169, 17.1978], [75.2988, 17.1447], [75.2915, 17.2138], [75.3642, 17.2342], [75.4083, 17.1818], [75.4244, 17.2635], [75.5171, 17.2378], [75.606, 17.3033], [75.6599, 17.2614], [75.628, 17.1701], [75.6785, 17.0942], [75.6438, 17.0364], [75.6746, 16.9603], [75.5758, 17.0078], [75.5703, 16.9636], [75.4925, 16.9429], [75.4679, 16.9853], [75.2884, 16.9548], [75.2828, 16.8742], [75.2159, 16.8403], [75.0904, 16.9487], [74.9384, 16.941], [74.9673, 16.9054], [74.912, 16.8559], [74.9238, 16.77], [74.7224, 16.7133], [74.5227, 16.8552], [74.3677, 16.852], [74.2885, 16.9141], [74.0742, 16.902], [73.858, 17.1514], [73.7034, 17.1773], [73.7056, 17.2613], [73.7587, 17.2713], [74.0398, 17.0901], [74.2549, 17.1387], [74.2938, 17.1968], [74.2639, 17.2922], [74.2947, 17.3542], [74.2619, 17.3573], [74.293, 17.4163], [74.5004, 17.3819], [74.6159, 17.4415], [74.695, 17.3858], [74.6948, 17.4841], [74.8148, 17.4508], [74.9143, 17.6187], [74.9169, 17.6173]]]}}, {"type": "Feature", "properties": {"name": "Satara", "state": "Maharashtra"}, "geometry": {"type": "Polygon", "coordinates": [[[73.9057, 18.1818], [74.3096, 18.0681], [74.6913, 18.0586], [74.7149, 18.0288], [74.614, 17.8458], [74.6661, 17.8606], [74.7071, 17.7849], [74.8776, 17.7252], [74.9097, 17.6256], [74.8148, 17.4508], [74.6948, 17.4841], [74.695, 17.3858], [74.6159, 17.4415], [74.5004, 17.3819], [74.293, 17.4163], [74.2856, 17.171], [74.0398, 17.0901], [73.7587, 17.2713], [73.702, 17.2644], [73.6541, 17.39], [73.7144, 17.4221], [73.7559, 17.5551], [73.6982, 17.6865], [73.5763, 17.7209], [73.6061, 17.8468], [73.5448, 17.8928], [73.668, 18.0276], [73.8692, 18.0329], [73.9021, 18.1827], [73.9057, 18.1818]]]}}, {"type": "Feature", "properties": {"name": "Sindhudurg", "state": "Maharashtra"}, "geometry": {"type": "MultiPolygon", "coordinates": [[[[73.456, 15.8899], [73.456, 15.8896], [73.4563, 15.8896], [73.456, 15.8899]]], [[[73.4626, 15.8904], [73.4626, 15.8902], [73.4635, 15.8902], [73.4626, 15.8904]]], [[[73.4662, 15.896], [73.4662, 15.8957], [73.4668, 15.8957], [73.4662, 15.896]]], [[[73.4601, 16.0457], [73.4601, 16.0454], [73.4604, 16.0454], [73.4601, 16.0457]]], [[[73.4432, 16.1026], [73.4432, 16.1024], [73.4435, 16.1024], [73.4432, 16.1026]]], [[[73.7925, 16.6582], [73.8726, 16.6117], [73.8271, 16.5433], [73.8971, 16.4558], [73.8467, 16.4013], [73.856, 16.2984], [73.9132, 16.3266], [73.9015, 16.2291], [73.9524, 16.2412], [73.9359, 16.1983], [73.968, 16.1985], [73.9184, 16.1334], [73.8546, 16.1505], [73.8446, 16.092], [74.0056, 16.0865], [74.0098, 16.0358], [74.095, 16.0137], [74.0537, 15.9547], [74.1003, 15.8696], [74.0401, 15.8319], [74.037, 15.7622], [74.0872, 15.7664], [74.0565, 15.8046], [74.1022, 15.8375], [74.2174, 15.7788], [74.0965, 15.6708], [74.1228, 15.6452], [74.0279, 15.6046], [73.8735, 15.7953], [73.7932, 15.7237], [73.6682, 15.731], [73.6621, 15.8051], [73.5904, 15.9124], [73.5099, 15.9374], [73.4549, 16.0551], [73.4357, 16.2865], [73.3854, 16.3365], [73.4112, 16.3621], [73.3679, 16.3635], [73.4054, 16.4049], [73.3654, 16.3976], [73.3101, 16.539], [73.4861, 16.494], [73.6993, 16.6223], [73.7748, 16.6], [73.7897, 16.6601], [73.7925, 16.6582]]]]}}, {"type": "Feature", "properties": {"name": "Solapur", "state": "Maharashtra"}, "geometry": {"type": "Polygon", "coordinates": [[[75.2307, 18.5432], [75.3171, 18.5184], [75.2881, 18.4077], [75.4088, 18.3264], [75.4326, 18.1773], [75.5353, 18.1338], [75.6533, 18.3301], [75.7215, 18.3372], [75.7298, 18.4337], [75.8879, 18.3631], [75.9487, 18.2378], [75.943, 18.1226], [76.0166, 18.0386], [75.9763, 17.9697], [75.853, 18.0056], [75.8589, 17.8629], [76.0188, 17.8279], [76.0066, 17.7489], [76.0965, 17.7774], [76.1897, 17.681], [76.2987, 17.7276], [76.4287, 17.6444], [76.3317, 17.5949], [76.375, 17.4935], [76.3337, 17.4323], [76.3732, 17.4344], [76.362, 17.3751], [76.4106, 17.3477], [76.3523, 17.3106], [76.2444, 17.3747], [76.1723, 17.3487], [76.1758, 17.2972], [76.1212, 17.3663], [75.9312, 17.3241], [75.8872, 17.4173], [75.862, 17.3859], [75.8247, 17.4228], [75.8023, 17.3701], [75.6356, 17.4775], [75.5785, 17.3829], [75.606, 17.3033], [75.5171, 17.2378], [75.4244, 17.2635], [75.4083, 17.1818], [75.3364, 17.2311], [75.2733, 17.1471], [75.2169, 17.1978], [75.2508, 17.2537], [75.207, 17.2675], [75.021, 17.2238], [74.9675, 17.1895], [74.9705, 17.1249], [74.8993, 17.12], [74.9272, 17.1535], [74.8553, 17.2097], [74.9658, 17.2922], [75.0435, 17.4814], [74.9844, 17.4634], [74.9459, 17.5095], [74.9927, 17.5406], [74.9671, 17.5894], [74.9251, 17.5751], [74.8776, 17.7252], [74.7071, 17.7849], [74.6661, 17.8606], [74.614, 17.8458], [74.7149, 18.0288], [74.8204, 18.0161], [74.8689, 17.9894], [74.8514, 17.9472], [75.0277, 17.8914], [75.1309, 17.9498], [75.1235, 17.9973], [75.0253, 17.9614], [75.1664, 18.106], [75.0973, 18.1218], [75.1131, 18.2139], [75.0257, 18.1871], [75.0484, 18.2618], [74.8464, 18.2429], [74.7997, 18.284], [75.02, 18.4365], [75.0822, 18.4203], [75.1382, 18.5261], [75.2274, 18.5473], [75.2307, 18.5432]]]}}, {"type": "Feature", "properties": {"name": "Thane", "state": "Maharashtra"}, "geometry": {"type": "MultiPolygon", "coordinates": [[[[72.7312, 19.4685], [72.7312, 19.4682], [72.7315, 19.4682], [72.7312, 19.4685]]], [[[72.8887, 20.2258], [72.9704, 20.2123], [72.9732, 20.1308], [73.0175, 20.135], [73.0528, 20.0677], [73.0606, 20.0991], [73.1859, 20.0529], [73.2355, 20.141], [73.2881, 20.0465], [73.4614, 19.9821], [73.4259, 19.8597], [73.4558, 19.7731], [73.5098, 19.7587], [73.5863, 19.6014], [73.7175, 19.4964], [73.6953, 19.4438], [73.7985, 19.3647], [73.805, 19.3308], [73.6806, 19.3004], [73.699, 19.2442], [73.5537, 19.1827], [73.5489, 19.1216], [73.3602, 19.1283], [73.2571, 19.0633], [73.2088, 19.1242], [73.1208, 19.1107], [72.9749, 19.2954], [72.8086, 19.3029], [72.7576, 19.376], [72.7862, 19.526], [72.7182, 19.5387], [72.7193, 19.7551], [72.6935, 19.7357], [72.6507, 19.8543], [72.6901, 19.9582], [72.7549, 19.9274], [72.7076, 20.0701], [72.7376, 20.1365], [72.8353, 20.1446], [72.8843, 20.2266], [72.8887, 20.2258]]]]}}, {"type": "Feature", "properties": {"name": "Wardha", "state": "Maharashtra"}, "geometry": {"type": "Polygon", "coordinates": [[[78.0923, 21.3553], [78.2557, 21.3309], [78.3283, 21.2519], [78.4733, 21.2208], [78.6019, 21.0702], [78.7258, 21.0054], [78.7733, 20.8918], [78.8372, 20.8911], [78.9398, 20.7672], [79.0985, 20.7122], [79.219, 20.5818], [79.1154, 20.4497], [79.0184, 20.4782], [78.9454, 20.4282], [78.8365, 20.4309], [78.8248, 20.3186], [78.7331, 20.2927], [78.6427, 20.4319], [78.566, 20.4325], [78.5044, 20.5199], [78.4079, 20.5118], [78.2595, 20.58], [78.3133, 20.8239], [78.1418, 20.9533], [78.141, 21.1385], [78.0513, 21.2507], [78.0858, 21.3583], [78.0923, 21.3553]]]}}, {"type": "Feature", "properties": {"name": "Washim", "state": "Maharashtra"}, "geometry": {"type": "Polygon", "coordinates": [[[77.6137, 20.7598], [77.6523, 20.6483], [77.6273, 20.5678], [77.6875, 20.5242], [77.598, 20.4457], [77.5645, 20.3385], [77.6651, 20.2482], [77.6432, 20.1906], [77.6807, 20.1449], [77.6225, 20.0416], [77.3666, 20.1016], [77.3373, 19.9695], [77.2664, 19.8976], [77.2014, 19.9919], [77.0997, 19.9333], [76.9911, 20.0185], [76.8943, 19.9467], [76.7717, 19.9335], [76.6772, 19.8468], [76.6553, 19.8978], [76.6105, 19.8912], [76.659, 19.9728], [76.6291, 20.0833], [76.7571, 20.1317], [76.7456, 20.2058], [76.8098, 20.2206], [76.8353, 20.3008], [76.8811, 20.2833], [77.0225, 20.4515], [77.1386, 20.3836], [77.1842, 20.4499], [77.2927, 20.4208], [77.3458, 20.466], [77.3262, 20.4997], [77.3781, 20.4841], [77.395, 20.527], [77.3334, 20.5277], [77.3375, 20.5779], [77.4637, 20.6113], [77.4309, 20.6626], [77.5403, 20.6767], [77.5154, 20.7298], [77.6127, 20.7611], [77.6137, 20.7598]]]}}, {"type": "Feature", "properties": {"name": "Yavatmal", "state": "Maharashtra"}, "geometry": {"type": "Polygon", "coordinates": [[[78.2728, 20.6886], [78.2754, 20.5629], [78.5044, 20.5199], [78.566, 20.4325], [78.6427, 20.4319], [78.7031, 20.3092], [78.7966, 20.2975], [78.8149, 20.2465], [78.9159, 20.2519], [78.965, 20.1225], [79.1029, 20.007], [79.0892, 19.9135], [79.1459, 19.8918], [78.8974, 19.7359], [78.6037, 19.8175], [78.4939, 19.7931], [78.3284, 19.9161], [78.2502, 19.8726], [78.2483, 19.9291], [77.9499, 19.9112], [77.8724, 19.8495], [77.8567, 19.7435], [77.9844, 19.6804], [78.0429, 19.6985], [78.0856, 19.6447], [78.1746, 19.6544], [78.1846, 19.5666], [78.1156, 19.5529], [78.0636, 19.4662], [78.0217, 19.4967], [77.9873, 19.4545], [77.9037, 19.5327], [77.8391, 19.5093], [77.8309, 19.4387], [77.6924, 19.4405], [77.746, 19.5214], [77.6307, 19.5555], [77.6041, 19.6468], [77.3825, 19.7265], [77.3923, 19.8114], [77.2847, 19.9359], [77.3373, 19.9695], [77.3666, 20.1016], [77.5229, 20.0945], [77.5776, 20.0301], [77.6683, 20.1047], [77.6651, 20.2482], [77.5643, 20.3341], [77.598, 20.4457], [77.6875, 20.5242], [77.6414, 20.5301], [77.6633, 20.5814], [77.768, 20.5408], [77.8892, 20.6244], [77.9204, 20.5593], [78.0345, 20.6673], [78.1077, 20.6409], [78.2739, 20.6946], [78.2728, 20.6886]]]}}, {"type": "Feature", "properties": {"name": "Bishnupur", "state": "Manipur"}, "geometry": {"type": "Polygon", "coordinates": [[[93.7909, 24.7344], [93.8941, 24.7149], [93.8021, 24.6734], [93.8133, 24.6142], [93.8921, 24.5856], [93.8426, 24.4329], [93.8694, 24.2919], [93.8109, 24.3941], [93.7366, 24.3968], [93.7096, 24.4484], [93.7752, 24.742], [93.7909, 24.7344]]]}}, {"type": "Feature", "properties": {"name": "Chandel", "state": "Manipur"}, "geometry": {"type": "Polygon", "coordinates": [[[94.2302, 24.6245], [94.3763, 24.5561], [94.4075, 24.4312], [94.3263, 24.3389], [94.2453, 24.0442], [94.1226, 23.8427], [94.0177, 23.934], [93.816, 23.9298], [93.7403, 24.0078], [93.8824, 24.2908], [93.8875, 24.2411], [93.9421, 24.295], [93.9151, 24.3549], [93.9732, 24.4898], [94.0242, 24.4493], [94.0428, 24.5433], [94.0914, 24.5232], [94.0761, 24.5686], [94.1255, 24.6108], [94.222, 24.6248], [94.2302, 24.6245]]]}}, {"type": "Feature", "properties": {"name": "Churachandpur", "state": "Manipur"}, "geometry": {"type": "Polygon", "coordinates": [[[93.1658, 24.7122], [93.2189, 24.7011], [93.1733, 24.5313], [93.2235, 24.4975], [93.2892, 24.5693], [93.4496, 24.542], [93.7189, 24.6088], [93.7153, 24.427], [93.8109, 24.3941], [93.8824, 24.2908], [93.7444, 24.0012], [93.6207, 24.0142], [93.5151, 23.9472], [93.3514, 24.1124], [93.3374, 24.0534], [93.2553, 24.0238], [93.248, 24.0853], [93.1009, 24.0451], [93.0795, 24.103], [92.9749, 24.117], [93.0434, 24.3434], [93.0005, 24.4033], [93.0392, 24.4111], [93.0611, 24.5748], [93.1544, 24.5816], [93.1206, 24.6653], [93.1613, 24.7122], [93.1658, 24.7122]]]}}, {"type": "Feature", "properties": {"name": "East Imphal", "state": "Manipur"}, "geometry": {"type": "MultiPolygon", "coordinates": [[[[93.2329, 24.8582], [93.1206, 24.6653], [93.13, 24.565], [93.0754, 24.5962], [93.0759, 24.7104], [93.1112, 24.8123], [93.1788, 24.7961], [93.2272, 24.8607], [93.2329, 24.8582]]], [[[94.0338, 25.0252], [94.0667, 24.8878], [94.1466, 24.9238], [94.0667, 24.7437], [94.0876, 24.6926], [94.0217, 24.6721], [94.0017, 24.7327], [93.9486, 24.7141], [93.9473, 24.8373], [93.9, 24.8575], [93.956, 24.9431], [93.9888, 24.9272], [93.9575, 24.9657], [94.0168, 24.9559], [94.0337, 25.0315], [94.0338, 25.0252]]]]}}, {"type": "Feature", "properties": {"name": "Senapati", "state": "Manipur"}, "geometry": {"type": "Polygon", "coordinates": [[[94.4504, 25.5423], [94.3277, 25.2841], [94.1264, 25.0963], [94.1779, 24.9464], [94.1393, 24.8098], [94.1859, 24.7714], [94.2055, 24.632], [94.1209, 24.6371], [94.1312, 24.7287], [94.0646, 24.6973], [94.1466, 24.9238], [94.0667, 24.8878], [94.0351, 25.055], [94.0168, 24.9559], [93.9575, 24.9657], [93.9832, 24.9218], [93.9153, 24.9052], [93.938, 24.9702], [93.891, 24.9457], [93.9767, 25.0801], [93.8492, 24.9557], [93.726, 24.5962], [93.6663, 24.7973], [93.7377, 24.8588], [93.7068, 24.9154], [93.8208, 25.0216], [93.7785, 25.1545], [93.9595, 25.2945], [93.8905, 25.3388], [93.9175, 25.4089], [93.8339, 25.4315], [93.7706, 25.5403], [94.0147, 25.5961], [94.0921, 25.5327], [94.1949, 25.5524], [94.2149, 25.5002], [94.309, 25.4938], [94.474, 25.6216], [94.4652, 25.5605], [94.4504, 25.5423]]]}}, {"type": "Feature", "properties": {"name": "Tamenglong", "state": "Manipur"}, "geometry": {"type": "Polygon", "coordinates": [[[93.8124, 25.4636], [93.9175, 25.4089], [93.8905, 25.3388], [93.9595, 25.2945], [93.7785, 25.1545], [93.8222, 25.0282], [93.7068, 24.9154], [93.7377, 24.8588], [93.6663, 24.7973], [93.7018, 24.6163], [93.1748, 24.5187], [93.2189, 24.7011], [93.1457, 24.7147], [93.2244, 24.7979], [93.2488, 25.0188], [93.3358, 25.0958], [93.3887, 25.2459], [93.474, 25.3093], [93.5051, 25.2441], [93.608, 25.2021], [93.809, 25.4656], [93.8124, 25.4636]]]}}, {"type": "Feature", "properties": {"name": "Thoubal", "state": "Manipur"}, "geometry": {"type": "Polygon", "coordinates": [[[94.0094, 24.7138], [94.0251, 24.672], [94.1312, 24.7287], [94.1033, 24.6744], [94.1535, 24.6089], [94.0761, 24.5686], [94.0914, 24.5232], [94.0428, 24.5433], [94.0242, 24.4493], [93.9732, 24.4898], [93.9151, 24.3549], [93.9421, 24.295], [93.8875, 24.2411], [93.8426, 24.4329], [93.9368, 24.6504], [93.9084, 24.7049], [94.0058, 24.7192], [94.0094, 24.7138]]]}}, {"type": "Feature", "properties": {"name": "Ukhrul", "state": "Manipur"}, "geometry": {"type": "Polygon", "coordinates": [[[94.5772, 25.6483], [94.5574, 25.5128], [94.6824, 25.4597], [94.5854, 25.2157], [94.7457, 25.1366], [94.751, 25.0754], [94.6333, 24.765], [94.551, 24.7165], [94.409, 24.4896], [94.3763, 24.5561], [94.2055, 24.632], [94.1859, 24.7714], [94.1393, 24.8098], [94.1779, 24.9464], [94.1331, 25.1175], [94.3277, 25.2841], [94.4714, 25.5884], [94.573, 25.6977], [94.5768, 25.6528], [94.5772, 25.6483]]]}}, {"type": "Feature", "properties": {"name": "West Imphal", "state": "Manipur"}, "geometry": {"type": "Polygon", "coordinates": [[[93.9121, 24.9787], [93.9443, 24.7204], [93.8777, 24.5571], [93.8021, 24.6734], [93.8941, 24.7149], [93.7752, 24.742], [93.8492, 24.9557], [93.923, 25.0603], [93.9891, 25.0692], [93.9079, 24.98], [93.9121, 24.9787]]]}}, {"type": "Feature", "properties": {"name": "East Garo Hills", "state": "Meghalaya"}, "geometry": {"type": "Polygon", "coordinates": [[[90.1187, 25.9613], [90.4773, 26.0153], [90.5345, 25.958], [90.5125, 25.8962], [90.5825, 25.9598], [90.6248, 25.8989], [90.7474, 25.9573], [90.7423, 25.913], [90.9427, 25.9476], [90.9675, 25.8872], [91.0292, 25.888], [90.9082, 25.6408], [90.7789, 25.5855], [90.6445, 25.4158], [90.3195, 25.4654], [90.4026, 25.5513], [90.441, 25.6958], [90.391, 25.7987], [90.3381, 25.8045], [90.4218, 25.9529], [90.1809, 25.901], [90.1138, 25.9574], [90.1187, 25.9613]]]}}, {"type": "Feature", "properties": {"name": "East Khasi Hills", "state": "Meghalaya"}, "geometry": {"type": "Polygon", "coordinates": [[[91.8109, 25.6554], [92.153, 25.6684], [92.0978, 25.4939], [92.1218, 25.3303], [91.9876, 25.2763], [92.022, 25.1919], [91.7529, 25.1798], [91.6445, 25.1227], [91.6174, 25.1759], [91.4784, 25.1339], [91.3888, 25.1664], [91.3553, 25.2344], [91.549, 25.2873], [91.5426, 25.5116], [91.6901, 25.5266], [91.8123, 25.654], [91.8109, 25.6554]]]}}, {"type": "Feature", "properties": {"name": "Jaintia Hills", "state": "Meghalaya"}, "geometry": {"type": "Polygon", "coordinates": [[[92.1605, 25.6733], [92.3851, 25.7536], [92.5725, 25.5604], [92.6535, 25.5922], [92.5674, 25.4675], [92.7844, 25.3325], [92.7646, 25.2493], [92.8036, 25.2172], [92.6669, 25.1771], [92.6216, 25.1177], [92.5247, 25.14], [92.5429, 25.0996], [92.4843, 25.1081], [92.4259, 25.0318], [92.018, 25.1894], [91.9876, 25.2763], [92.1218, 25.3303], [92.0978, 25.4939], [92.1592, 25.6714], [92.1605, 25.6733]]]}}, {"type": "Feature", "properties": {"name": "Ri-Bhoi", "state": "Meghalaya"}, "geometry": {"type": "Polygon", "coordinates": [[[92.3016, 26.0765], [92.1563, 25.9448], [92.2255, 25.907], [92.1531, 25.8127], [92.1592, 25.6714], [92.0504, 25.6412], [91.9498, 25.6864], [91.8654, 25.6437], [91.8098, 25.6565], [91.7504, 25.8279], [91.4589, 25.7889], [91.3444, 25.8394], [91.5254, 25.8729], [91.4759, 25.878], [91.5758, 26.0331], [91.6322, 26.0224], [91.6112, 25.9399], [91.6693, 25.9054], [91.7313, 26.0592], [91.8193, 26.1187], [91.9221, 25.9995], [92.2997, 26.0767], [92.3016, 26.0765]]]}}, {"type": "Feature", "properties": {"name": "South Garo Hills", "state": "Meghalaya"}, "geometry": {"type": "Polygon", "coordinates": [[[90.335, 25.4601], [90.6445, 25.4158], [90.7664, 25.5542], [90.7925, 25.4905], [90.7494, 25.3804], [90.9523, 25.2561], [90.9705, 25.1714], [90.7044, 25.1553], [90.6712, 25.1973], [90.4524, 25.1445], [90.2776, 25.2001], [90.3334, 25.457], [90.335, 25.4601]]]}}, {"type": "Feature", "properties": {"name": "West Garo Hills", "state": "Meghalaya"}, "geometry": {"type": "Polygon", "coordinates": [[[89.8701, 25.5442], [90.0173, 25.6022], [89.8926, 25.735], [90.0213, 25.8932], [90.1109, 25.9541], [90.1809, 25.901], [90.4218, 25.9529], [90.3381, 25.8045], [90.391, 25.7987], [90.441, 25.6958], [90.4026, 25.5513], [90.3195, 25.4654], [90.2776, 25.2001], [89.9712, 25.3031], [89.8343, 25.2957], [89.8741, 25.5429], [89.8701, 25.5442]]]}}, {"type": "Feature", "properties": {"name": "West Khasi Hills", "state": "Meghalaya"}, "geometry": {"type": "Polygon", "coordinates": [[[91.3425, 25.8361], [91.4589, 25.7889], [91.7504, 25.8279], [91.8291, 25.6895], [91.8009, 25.6103], [91.6901, 25.5266], [91.5426, 25.5116], [91.549, 25.2873], [91.3553, 25.2344], [91.3888, 25.1664], [91.2738, 25.2043], [90.9705, 25.1714], [90.9523, 25.2561], [90.7494, 25.3804], [90.7789, 25.5855], [90.8798, 25.6109], [90.9824, 25.7445], [90.9438, 25.7704], [91.0491, 25.8488], [91.1965, 25.859], [91.1799, 25.7763], [91.2239, 25.7234], [91.3364, 25.8384], [91.3425, 25.8361]]]}}, {"type": "Feature", "properties": {"name": "Aizawl", "state": "Mizoram"}, "geometry": {"type": "Polygon", "coordinates": [[[93.0005, 24.4033], [93.0434, 24.3434], [92.9749, 24.117], [93.0795, 24.103], [93.1009, 24.0451], [93.1585, 24.0838], [93.2111, 23.9736], [93.1325, 23.8205], [93.0253, 23.7833], [93.039, 23.5164], [92.9576, 23.5222], [92.8891, 23.4615], [92.8059, 23.6064], [92.7697, 23.5917], [92.8225, 23.3254], [92.7178, 23.3519], [92.6886, 23.3138], [92.6362, 23.5359], [92.676, 23.6113], [92.6261, 23.7988], [92.6639, 23.9108], [92.6238, 23.9375], [92.8419, 24.0167], [92.9035, 24.2245], [92.8636, 24.327], [92.9115, 24.4129], [92.998, 24.4016], [93.0005, 24.4033]]]}}, {"type": "Feature", "properties": {"name": "Champhai", "state": "Mizoram"}, "geometry": {"type": "Polygon", "coordinates": [[[93.3374, 24.0534], [93.4447, 23.6824], [93.4142, 23.388], [93.3658, 23.3545], [93.3936, 23.1386], [93.2882, 23.0046], [93.1869, 23.0572], [93.1491, 23.2442], [93.0127, 23.2826], [93.0547, 23.3752], [93.0068, 23.4862], [93.0456, 23.5252], [93.0253, 23.7833], [93.1476, 23.8427], [93.2111, 23.9736], [93.1784, 24.0541], [93.2423, 24.0866], [93.2553, 24.0238], [93.3125, 24.0541], [93.3374, 24.0534]]]}}, {"type": "Feature", "properties": {"name": "Kolasib", "state": "Mizoram"}, "geometry": {"type": "Polygon", "coordinates": [[[92.8964, 24.3943], [92.8583, 24.3107], [92.9014, 24.2075], [92.8419, 24.0167], [92.621, 23.9597], [92.6391, 24.0351], [92.5842, 24.0765], [92.5399, 24.0353], [92.5488, 24.2432], [92.608, 24.2501], [92.6243, 24.3327], [92.6907, 24.3548], [92.7652, 24.5208], [92.829, 24.3778], [92.8944, 24.3953], [92.8964, 24.3943]]]}}, {"type": "Feature", "properties": {"name": "Lawngtlai", "state": "Mizoram"}, "geometry": {"type": "Polygon", "coordinates": [[[92.5278, 22.7609], [92.5897, 22.7487], [92.7669, 22.5], [92.8101, 22.6294], [92.9019, 22.5862], [92.9692, 22.3954], [92.8282, 22.3324], [92.857, 22.0656], [92.7034, 22.1538], [92.6844, 22.0179], [92.6097, 21.9768], [92.5255, 22.7622], [92.5278, 22.7609]]]}}, {"type": "Feature", "properties": {"name": "Lunglei", "state": "Mizoram"}, "geometry": {"type": "MultiPolygon", "coordinates": [[[[92.5059, 22.7358], [92.5043, 22.7355], [92.5042, 22.7357], [92.5059, 22.7358]]], [[[92.6186, 23.3914], [92.6889, 23.3654], [92.7076, 23.1972], [92.7266, 23.2431], [92.8371, 23.2481], [92.8699, 23.1755], [92.9402, 23.1894], [93.1684, 22.9191], [93.104, 22.7871], [92.9932, 22.7564], [92.9265, 22.7912], [92.9473, 22.5664], [92.9153, 22.5472], [92.8101, 22.6294], [92.784, 22.5003], [92.6985, 22.6224], [92.6492, 22.6187], [92.5897, 22.7487], [92.4846, 22.7502], [92.4475, 22.8936], [92.3754, 22.9349], [92.3611, 23.2375], [92.4549, 23.2881], [92.4679, 23.3905], [92.6151, 23.3962], [92.6186, 23.3914]]]]}}, {"type": "Feature", "properties": {"name": "Mamit", "state": "Mizoram"}, "geometry": {"type": "MultiPolygon", "coordinates": [[[[92.3993, 23.2673], [92.3962, 23.2672], [92.3961, 23.2674], [92.3993, 23.2673]]], [[[92.4224, 24.2531], [92.4374, 24.1514], [92.5365, 24.1781], [92.5399, 24.0353], [92.5842, 24.0765], [92.6391, 24.0351], [92.6655, 23.838], [92.6261, 23.7988], [92.6688, 23.7064], [92.6383, 23.6498], [92.6767, 23.6216], [92.6362, 23.5359], [92.674, 23.385], [92.4679, 23.3905], [92.4754, 23.3203], [92.4219, 23.2583], [92.3232, 23.4738], [92.2594, 23.815], [92.3311, 23.9118], [92.2966, 24.2517], [92.4165, 24.2534], [92.4224, 24.2531]]]]}}, {"type": "Feature", "properties": {"name": "Saiha", "state": "Mizoram"}, "geometry": {"type": "Polygon", "coordinates": [[[93.104, 22.7871], [93.1456, 22.5861], [93.1117, 22.5318], [93.1908, 22.4273], [93.2086, 22.2611], [93.1471, 22.2465], [93.1544, 22.1782], [93.0467, 22.1976], [93.0656, 22.1021], [93.0133, 22.1022], [93.0092, 21.9839], [92.9558, 22.0299], [92.9109, 21.9462], [92.827, 22.3274], [92.9692, 22.3954], [92.9265, 22.7912], [93.0082, 22.7563], [93.0927, 22.7941], [93.104, 22.7871]]]}}, {"type": "Feature", "properties": {"name": "Serchhip", "state": "Mizoram"}, "geometry": {"type": "Polygon", "coordinates": [[[93.0138, 23.4965], [93.0547, 23.3752], [93.0127, 23.2826], [93.1642, 23.2052], [93.1869, 23.0572], [93.1419, 23.0606], [93.1302, 23.0065], [92.9624, 23.119], [92.9402, 23.1894], [92.8699, 23.1755], [92.8404, 23.2471], [92.7266, 23.2431], [92.7239, 23.1942], [92.6962, 23.2243], [92.7109, 23.347], [92.8372, 23.345], [92.7765, 23.4732], [92.7843, 23.6162], [92.8773, 23.4674], [92.9576, 23.5222], [92.9909, 23.4948], [93.0138, 23.4965]]]}}, {"type": "Feature", "properties": {"name": "Dimapur", "state": "Nagaland"}, "geometry": {"type": "Polygon", "coordinates": [[[93.9608, 25.9059], [94.0063, 25.8004], [93.868, 25.6451], [93.7604, 25.654], [93.732, 25.7114], [93.6341, 25.6588], [93.5315, 25.694], [93.773, 25.966], [93.7958, 25.8144], [93.9598, 25.9053], [93.9608, 25.9059]]]}}, {"type": "Feature", "properties": {"name": "Kohima", "state": "Nagaland"}, "geometry": {"type": "Polygon", "coordinates": [[[94.274, 26.015], [94.2857, 25.9348], [94.2165, 25.8786], [94.2818, 25.8054], [94.1957, 25.553], [94.1061, 25.5289], [94.0147, 25.5961], [93.7706, 25.5403], [93.809, 25.4656], [93.608, 25.2021], [93.4768, 25.279], [93.4619, 25.4347], [93.3334, 25.549], [93.5259, 25.6997], [93.6341, 25.6588], [93.732, 25.7114], [93.7604, 25.654], [93.868, 25.6451], [94.0063, 25.8004], [93.972, 25.9175], [94.2195, 26.0294], [94.2658, 26.0119], [94.274, 26.015]]]}}, {"type": "Feature", "properties": {"name": "Mokokchung", "state": "Nagaland"}, "geometry": {"type": "Polygon", "coordinates": [[[94.7377, 26.7689], [94.7523, 26.7069], [94.6702, 26.6533], [94.737, 26.6006], [94.6914, 26.5293], [94.7063, 26.418], [94.5679, 26.289], [94.5877, 26.2241], [94.5017, 26.2199], [94.4884, 26.2952], [94.4479, 26.2129], [94.3704, 26.1974], [94.3879, 26.2314], [94.3381, 26.2469], [94.3668, 26.3424], [94.2925, 26.4231], [94.4645, 26.6675], [94.7365, 26.7674], [94.7377, 26.7689]]]}}, {"type": "Feature", "properties": {"name": "Mon", "state": "Nagaland"}, "geometry": {"type": "Polygon", "coordinates": [[[95.1955, 27.0429], [95.2339, 26.8908], [95.1845, 26.8648], [95.2449, 26.7873], [95.2376, 26.6863], [95.0672, 26.4615], [95.1357, 26.3878], [95.1282, 26.3293], [95.0203, 26.289], [94.9445, 26.3129], [94.8947, 26.6087], [94.783, 26.6614], [94.8359, 26.7229], [94.7966, 26.8185], [94.8862, 26.9325], [95.0213, 26.9254], [95.1545, 27.006], [95.1955, 27.0429]]]}}, {"type": "Feature", "properties": {"name": "Phek", "state": "Nagaland"}, "geometry": {"type": "Polygon", "coordinates": [[[94.7167, 25.764], [94.7261, 25.7274], [94.756, 25.7863], [94.8351, 25.7591], [94.905, 25.5671], [94.6698, 25.4554], [94.5574, 25.5128], [94.573, 25.6977], [94.3135, 25.4945], [94.2149, 25.5002], [94.195, 25.5702], [94.2818, 25.8054], [94.4661, 25.8471], [94.5433, 25.786], [94.7134, 25.7634], [94.7167, 25.764]]]}}, {"type": "Feature", "properties": {"name": "Tuensang", "state": "Nagaland"}, "geometry": {"type": "Polygon", "coordinates": [[[94.7908, 26.8015], [94.8359, 26.7229], [94.783, 26.6614], [94.8947, 26.6087], [94.9373, 26.3243], [95.0203, 26.289], [95.1282, 26.3293], [95.1206, 26.1097], [95.1854, 26.0847], [95.0219, 25.91], [95.0525, 25.7627], [94.9115, 25.6033], [94.8564, 25.6174], [94.8351, 25.7591], [94.756, 25.7863], [94.7261, 25.7274], [94.5766, 25.898], [94.7062, 26.0579], [94.705, 26.1779], [94.5974, 26.2106], [94.5654, 26.2845], [94.7063, 26.418], [94.6914, 26.5293], [94.737, 26.6006], [94.6702, 26.6533], [94.7523, 26.7069], [94.7377, 26.7689], [94.7856, 26.7986], [94.7908, 26.8015]]]}}, {"type": "Feature", "properties": {"name": "Wokha", "state": "Nagaland"}, "geometry": {"type": "Polygon", "coordinates": [[[94.3165, 26.4629], [94.3044, 26.3863], [94.3304, 26.4059], [94.3678, 26.3382], [94.3381, 26.2469], [94.3892, 26.2255], [94.3378, 26.184], [94.3901, 26.1199], [94.3597, 26.0148], [94.2195, 26.0294], [93.9827, 25.9263], [93.9549, 26.0073], [94.0491, 26.2502], [94.1755, 26.3442], [94.1865, 26.4605], [94.2823, 26.5635], [94.3135, 26.465], [94.3165, 26.4629]]]}}, {"type": "Feature", "properties": {"name": "Zunheboto", "state": "Nagaland"}, "geometry": {"type": "Polygon", "coordinates": [[[94.5877, 26.2241], [94.705, 26.1779], [94.7062, 26.0579], [94.5766, 25.898], [94.7167, 25.764], [94.5433, 25.786], [94.4661, 25.8471], [94.3062, 25.7896], [94.2165, 25.8786], [94.2857, 25.9348], [94.274, 26.015], [94.3401, 26.0018], [94.3885, 26.079], [94.3378, 26.184], [94.4436, 26.2095], [94.4884, 26.2952], [94.5017, 26.2199], [94.5802, 26.2192], [94.5877, 26.2241]]]}}, {"type": "Feature", "properties": {"name": "Angul", "state": "Orissa"}, "geometry": {"type": "Polygon", "coordinates": [[[85.245, 21.6716], [85.3278, 21.4768], [85.2548, 21.4407], [85.3376, 21.3539], [85.2679, 21.27], [85.3889, 21.1795], [85.2677, 21.1687], [85.2272, 21.0659], [85.1629, 21.0521], [85.2578, 20.9745], [85.2508, 20.7904], [85.193, 20.7774], [85.1908, 20.6715], [85.1619, 20.6528], [85.1344, 20.7234], [85.1168, 20.6038], [84.8916, 20.5742], [84.845, 20.5221], [84.7718, 20.596], [84.631, 20.619], [84.3653, 20.7575], [84.3505, 20.8305], [84.2603, 20.9001], [84.3949, 20.9689], [84.4784, 21.0777], [84.6767, 21.0591], [84.679, 21.1441], [84.7387, 21.166], [84.794, 21.1286], [84.817, 21.1676], [84.9567, 21.1436], [84.8954, 21.2544], [85.0311, 21.2895], [84.9978, 21.4351], [85.1511, 21.4557], [85.2094, 21.5495], [85.1483, 21.6003], [85.242, 21.6728], [85.245, 21.6716]]]}}, {"type": "Feature", "properties": {"name": "Baleshwar", "state": "Orissa"}, "geometry": {"type": "MultiPolygon", "coordinates": [[[[87.1239, 21.5197], [87.1239, 21.5178], [87.1238, 21.5175], [87.1239, 21.5197]]], [[[87.1884, 21.957], [87.2348, 21.9544], [87.2716, 21.8034], [87.4437, 21.7609], [87.482, 21.6087], [87.38, 21.5456], [87.1069, 21.5177], [86.9108, 21.3403], [86.8378, 21.2056], [86.768, 21.2183], [86.7712, 21.1653], [86.6672, 21.1581], [86.6441, 21.0574], [86.5534, 21.1511], [86.4303, 21.1541], [86.4442, 21.1953], [86.3693, 21.2257], [86.3565, 21.2947], [86.4845, 21.3749], [86.6476, 21.5737], [86.8628, 21.587], [86.8738, 21.63], [86.9078, 21.5742], [87.0029, 21.5932], [86.9849, 21.6619], [87.0496, 21.6782], [87.0226, 21.7358], [87.0675, 21.7014], [87.1013, 21.7783], [87.1798, 21.7851], [87.0885, 21.8951], [87.175, 21.9662], [87.1884, 21.957]]]]}}, {"type": "Feature", "properties": {"name": "Baragarh", "state": "Orissa"}, "geometry": {"type": "Polygon", "coordinates": [[[83.7201, 21.6275], [83.8798, 21.4351], [83.8425, 21.4065], [83.9072, 21.2354], [83.8378, 21.0931], [83.763, 21.1509], [83.6066, 21.125], [83.4918, 21.0376], [83.3514, 21.0657], [83.2897, 21.0115], [83.379, 20.9892], [83.406, 20.8918], [83.2756, 20.8399], [83.2122, 20.9311], [83.1252, 20.8596], [82.9861, 20.8453], [82.8838, 20.9065], [82.7302, 20.7216], [82.6834, 20.7255], [82.6864, 21.0184], [82.6359, 21.1495], [82.9561, 21.1755], [83.134, 21.1052], [83.1927, 21.1394], [83.2184, 21.2601], [83.2677, 21.2686], [83.27, 21.375], [83.4027, 21.3484], [83.3346, 21.4956], [83.3807, 21.6128], [83.4412, 21.6493], [83.463, 21.6055], [83.5528, 21.7402], [83.6879, 21.6986], [83.7164, 21.6418], [83.7201, 21.6275]]]}}, {"type": "Feature", "properties": {"name": "Bhadrak", "state": "Orissa"}, "geometry": {"type": "MultiPolygon", "coordinates": [[[[86.9481, 20.7846], [86.9481, 20.7842], [86.9478, 20.7839], [86.9481, 20.7846]]], [[[87.0165, 20.8028], [87.0165, 20.8007], [87.0168, 20.799], [87.0165, 20.8028]]], [[[86.4094, 21.2057], [86.4303, 21.1541], [86.5575, 21.1486], [86.6377, 21.0549], [86.6672, 21.1581], [86.7712, 21.1653], [86.7651, 21.2151], [86.8135, 21.2205], [86.9594, 20.8636], [86.958, 20.785], [86.8644, 20.7922], [86.8083, 20.723], [86.6117, 20.7911], [86.5651, 20.8594], [86.3244, 20.8592], [86.277, 20.9002], [86.3212, 21.0536], [86.2691, 21.141], [86.3491, 21.2303], [86.4078, 21.2099], [86.4094, 21.2057]]]]}}, {"type": "Feature", "properties": {"name": "Bolangir", "state": "Orissa"}, "geometry": {"type": "Polygon", "coordinates": [[[83.3681, 21.0596], [83.4522, 21.051], [83.5022, 20.9787], [83.6339, 20.978], [83.5666, 20.8483], [83.6706, 20.7375], [83.565, 20.4793], [83.6591, 20.4176], [83.6481, 20.3622], [83.4847, 20.4009], [83.4805, 20.4489], [83.1763, 20.1675], [82.8175, 20.1605], [82.8549, 20.2655], [82.8069, 20.2904], [82.8476, 20.3324], [82.7849, 20.3214], [82.8099, 20.3785], [82.7122, 20.353], [82.6793, 20.4458], [82.7358, 20.6189], [82.6955, 20.7219], [82.8838, 20.9065], [82.9861, 20.8453], [83.1252, 20.8596], [83.2122, 20.9311], [83.2756, 20.8399], [83.406, 20.8918], [83.379, 20.9892], [83.2897, 21.0115], [83.3594, 21.0634], [83.3681, 21.0596]]]}}, {"type": "Feature", "properties": {"name": "Boudh", "state": "Orissa"}, "geometry": {"type": "Polygon", "coordinates": [[[84.745, 20.6057], [84.7897, 20.5543], [84.7098, 20.515], [84.6857, 20.436], [84.4806, 20.3805], [84.3122, 20.689], [84.2146, 20.5816], [83.9999, 20.5643], [83.9101, 20.6111], [83.7891, 20.5044], [83.8057, 20.4278], [83.6591, 20.4176], [83.5735, 20.5131], [83.7243, 20.6012], [83.7741, 20.7941], [84.048, 20.8234], [84.211, 20.8967], [84.3449, 20.8364], [84.3769, 20.7511], [84.7399, 20.6073], [84.745, 20.6057]]]}}, {"type": "Feature", "properties": {"name": "Cuttack", "state": "Orissa"}, "geometry": {"type": "Polygon", "coordinates": [[[85.9613, 20.6604], [86.0431, 20.5831], [86.1761, 20.6523], [86.2785, 20.5772], [86.2495, 20.3593], [86.0095, 20.3741], [86.0272, 20.2896], [86.1459, 20.2146], [86.1652, 20.0332], [86.0764, 20.061], [85.8947, 20.3605], [85.8788, 20.2798], [85.7966, 20.3137], [85.8017, 20.4268], [85.6207, 20.2849], [85.547, 20.3061], [85.4021, 20.2491], [85.3308, 20.2652], [85.3651, 20.3595], [85.1541, 20.3716], [84.845, 20.5221], [84.8916, 20.5742], [85.1232, 20.6091], [85.2462, 20.5117], [85.4521, 20.4786], [85.5058, 20.5289], [85.5836, 20.5055], [85.653, 20.5433], [85.7863, 20.6661], [85.9599, 20.6664], [85.9613, 20.6604]]]}}, {"type": "Feature", "properties": {"name": "Deogarh", "state": "Orissa"}, "geometry": {"type": "Polygon", "coordinates": [[[85.1442, 21.5896], [85.1949, 21.5746], [85.2001, 21.5159], [85.1511, 21.4557], [85.0008, 21.4384], [85.0311, 21.2895], [84.8954, 21.2544], [84.9675, 21.1561], [84.817, 21.1676], [84.794, 21.1286], [84.7157, 21.2037], [84.766, 21.2501], [84.7108, 21.3131], [84.5644, 21.2492], [84.5425, 21.3702], [84.4847, 21.366], [84.4786, 21.5097], [84.5684, 21.571], [84.4849, 21.6366], [84.4989, 21.6783], [84.6212, 21.6935], [84.6455, 21.7384], [84.7141, 21.711], [84.7527, 21.6206], [84.7867, 21.6644], [84.994, 21.6779], [85.0456, 21.5846], [85.1312, 21.5926], [85.1442, 21.5896]]]}}, {"type": "Feature", "properties": {"name": "Dhenkanal", "state": "Orissa"}, "geometry": {"type": "Polygon", "coordinates": [[[85.6815, 21.1798], [85.7227, 21.1378], [85.6792, 21.1123], [85.7186, 20.9774], [85.9144, 20.9213], [85.8958, 20.8405], [86.0282, 20.8025], [86.0265, 20.7332], [85.9029, 20.7059], [85.8786, 20.6514], [85.7239, 20.6388], [85.5836, 20.5055], [85.5058, 20.5289], [85.3968, 20.4795], [85.2407, 20.5141], [85.1232, 20.6091], [85.114, 20.687], [85.1474, 20.7254], [85.1619, 20.6528], [85.1908, 20.6715], [85.193, 20.7774], [85.2508, 20.7904], [85.2619, 20.8849], [85.2563, 20.9783], [85.1629, 21.0521], [85.2272, 21.0659], [85.2851, 21.1755], [85.3889, 21.1795], [85.4918, 21.1079], [85.5427, 21.1609], [85.6052, 21.1316], [85.6786, 21.1799], [85.6815, 21.1798]]]}}, {"type": "Feature", "properties": {"name": "Gajapati", "state": "Orissa"}, "geometry": {"type": "Polygon", "coordinates": [[[84.2339, 19.5677], [84.2497, 19.4892], [84.3651, 19.5383], [84.3754, 19.3729], [84.4336, 19.3544], [84.3536, 19.1771], [84.3836, 19.1321], [84.3436, 19.0135], [84.4347, 18.9768], [84.4294, 18.9137], [84.336, 18.8667], [84.3125, 18.7792], [84.0818, 18.7446], [84.0271, 18.8022], [83.8702, 18.8184], [83.7889, 18.9983], [83.9557, 18.9783], [83.964, 19.0572], [84.0226, 19.0455], [83.9755, 19.2009], [84.0226, 19.3376], [83.9396, 19.3899], [83.9698, 19.5229], [83.9199, 19.6231], [84.1204, 19.6256], [84.1506, 19.574], [84.2316, 19.5642], [84.2339, 19.5677]]]}}, {"type": "Feature", "properties": {"name": "Ganjam", "state": "Orissa"}, "geometry": {"type": "MultiPolygon", "coordinates": [[[[84.7699, 19.106], [84.7699, 19.1049], [84.7696, 19.1049], [84.7699, 19.106]]], [[[84.7565, 19.111], [84.7565, 19.1104], [84.7568, 19.1104], [84.7565, 19.111]]], [[[84.7832, 19.111], [84.7613, 19.0713], [84.7302, 19.0893], [84.7824, 19.111], [84.7832, 19.111]]], [[[84.7372, 20.2384], [84.8282, 20.2102], [84.7926, 20.0875], [84.8955, 19.9858], [84.9296, 19.865], [85.1778, 19.6691], [85.1192, 19.5865], [85.1512, 19.5546], [85.0866, 19.5053], [85.165, 19.4617], [84.9057, 19.2696], [84.7779, 19.1101], [84.7254, 19.0965], [84.7354, 19.1438], [84.719, 19.0958], [84.665, 19.1567], [84.6612, 19.1219], [84.5918, 19.1238], [84.6545, 19.0523], [84.5877, 19.013], [84.5661, 19.065], [84.4717, 18.9812], [84.4151, 19.0139], [84.4221, 18.975], [84.3752, 18.9811], [84.3536, 19.1771], [84.4336, 19.3544], [84.3754, 19.3729], [84.3651, 19.5383], [84.2461, 19.4929], [84.2337, 19.6531], [84.1257, 19.7728], [84.1781, 19.8528], [84.3008, 19.8987], [84.4388, 19.8232], [84.4586, 19.9454], [84.3175, 19.981], [84.4085, 20.0471], [84.4306, 20.1994], [84.472, 20.1398], [84.5576, 20.1341], [84.6669, 20.267], [84.7249, 20.2456], [84.7372, 20.2384]]]]}}, {"type": "Feature", "properties": {"name": "Jagatsinghpur", "state": "Orissa"}, "geometry": {"type": "MultiPolygon", "coordinates": [[[[86.3869, 19.9628], [86.3869, 19.9622], [86.3858, 19.9611], [86.3869, 19.9628]]], [[[86.3925, 19.9661], [86.3922, 19.9658], [86.3919, 19.9658], [86.3925, 19.9661]]], [[[86.3686, 19.9739], [86.3689, 19.9736], [86.3705, 19.9736], [86.3686, 19.9739]]], [[[86.3356, 19.9908], [86.3356, 19.9898], [86.3356, 19.9895], [86.3356, 19.9908]]], [[[86.4109, 20.0183], [86.4103, 20.0178], [86.41, 20.0178], [86.4109, 20.0183]]], [[[86.3203, 20.0294], [86.3206, 20.0292], [86.321, 20.0292], [86.3203, 20.0294]]], [[[86.315, 20.0317], [86.3156, 20.0311], [86.3158, 20.0311], [86.315, 20.0317]]], [[[86.31, 20.0408], [86.3103, 20.0406], [86.3108, 20.0406], [86.31, 20.0408]]], [[[86.3006, 20.0425], [86.3008, 20.0422], [86.3011, 20.0422], [86.3006, 20.0425]]], [[[86.4264, 20.0386], [86.4261, 20.0383], [86.4256, 20.0383], [86.4264, 20.0386]]], [[[86.295, 20.0497], [86.2956, 20.0492], [86.2958, 20.0492], [86.295, 20.0497]]], [[[86.2703, 20.0581], [86.27, 20.0578], [86.27, 20.0572], [86.2703, 20.0581]]], [[[86.2634, 20.0581], [86.2617, 20.0564], [86.2614, 20.0564], [86.2634, 20.0581]]], [[[86.4372, 20.0594], [86.4381, 20.0586], [86.4378, 20.0583], [86.4372, 20.0594]]], [[[86.4911, 20.1497], [86.4914, 20.1494], [86.4917, 20.1494], [86.4911, 20.1497]]], [[[86.5017, 20.1758], [86.502, 20.1756], [86.5025, 20.1756], [86.5017, 20.1758]]], [[[86.553, 20.2053], [86.5526, 20.2053], [86.5527, 20.2058], [86.553, 20.2053]]], [[[86.0875, 20.3581], [86.3932, 20.3612], [86.7189, 20.2911], [86.46, 20.1622], [86.4714, 20.0975], [86.5589, 20.2003], [86.3869, 19.9761], [86.2901, 20.0611], [86.2043, 20.0319], [86.1519, 20.0863], [86.1459, 20.2146], [86.0251, 20.2928], [86.0221, 20.3942], [86.0818, 20.3601], [86.0875, 20.3581]]]]}}, {"type": "Feature", "properties": {"name": "Jajpur", "state": "Orissa"}, "geometry": {"type": "Polygon", "coordinates": [[[85.9262, 21.1258], [86.0816, 21.1623], [86.0231, 21.0672], [86.0427, 21.0181], [86.1294, 21.0683], [86.2566, 21.0332], [86.3244, 20.8592], [86.5651, 20.8594], [86.6208, 20.7903], [86.37, 20.5878], [86.3211, 20.6245], [86.3146, 20.5769], [86.2685, 20.5768], [86.1761, 20.6523], [86.0431, 20.5831], [85.9014, 20.701], [86.0204, 20.7197], [86.0282, 20.8025], [85.8958, 20.8405], [85.9144, 20.9213], [85.7186, 20.9774], [85.6811, 21.1004], [85.7522, 21.1434], [85.8172, 21.085], [85.9262, 21.1158], [85.9262, 21.1258]]]}}, {"type": "Feature", "properties": {"name": "Jharsuguda", "state": "Orissa"}, "geometry": {"type": "Polygon", "coordinates": [[[84.2628, 22.011], [84.3508, 22.0334], [84.3865, 21.9891], [84.2842, 21.7626], [83.963, 21.7625], [83.9572, 21.5676], [83.7931, 21.563], [83.6879, 21.6986], [83.5528, 21.7402], [83.4831, 21.6396], [83.4197, 21.675], [83.5312, 21.8319], [83.6225, 21.8455], [83.7148, 21.7834], [83.8897, 21.9434], [83.974, 21.9033], [84.0718, 21.9342], [84.0659, 21.9867], [84.1144, 22.0081], [84.2263, 21.9719], [84.2624, 22.0044], [84.2628, 22.011]]]}}, {"type": "Feature", "properties": {"name": "Kalahandi", "state": "Orissa"}, "geometry": {"type": "Polygon", "coordinates": [[[83.4805, 20.4489], [83.4847, 20.4009], [83.5699, 20.3597], [83.6985, 20.3648], [83.7132, 20.2332], [83.7835, 20.1748], [83.7037, 20.0964], [83.5768, 20.1088], [83.4887, 19.9535], [83.4011, 19.9173], [83.4483, 19.7336], [83.3658, 19.5915], [83.26, 19.5944], [83.2105, 19.4286], [83.1804, 19.4571], [83.1648, 19.4225], [83.0974, 19.5361], [83.0313, 19.5462], [82.984, 19.4408], [82.9168, 19.4287], [82.9497, 19.3182], [82.871, 19.1771], [82.7977, 19.2301], [82.8415, 19.3167], [82.7197, 19.3398], [82.5204, 19.6243], [82.5851, 19.771], [82.7027, 19.831], [82.698, 19.9927], [82.8175, 20.1605], [83.1763, 20.1675], [83.4651, 20.4347], [83.4805, 20.4489]]]}}, {"type": "Feature", "properties": {"name": "Kandhamal", "state": "Orissa"}, "geometry": {"type": "Polygon", "coordinates": [[[84.3358, 20.6692], [84.4561, 20.3907], [84.5061, 20.3924], [84.4807, 20.3361], [84.5372, 20.3205], [84.5803, 20.1673], [84.4792, 20.1362], [84.4306, 20.1994], [84.4085, 20.0471], [84.3239, 19.9995], [84.4586, 19.9454], [84.4388, 19.8232], [84.3008, 19.8987], [84.1781, 19.8528], [84.1257, 19.7728], [84.2337, 19.6531], [84.2316, 19.5642], [84.1506, 19.574], [84.1204, 19.6256], [83.9688, 19.6133], [83.8067, 19.7101], [83.7331, 19.6476], [83.6873, 19.6814], [83.6418, 19.6511], [83.6121, 19.8085], [83.5216, 19.8514], [83.5552, 19.9225], [83.4887, 19.9535], [83.5768, 20.1088], [83.7037, 20.0964], [83.7835, 20.1748], [83.7251, 20.2073], [83.6525, 20.4113], [83.8057, 20.4278], [83.7891, 20.5044], [83.9101, 20.6111], [83.9999, 20.5643], [84.2146, 20.5816], [84.2862, 20.6825], [84.3328, 20.6774], [84.3358, 20.6692]]]}}, {"type": "Feature", "properties": {"name": "Kendrapara", "state": "Orissa"}, "geometry": {"type": "MultiPolygon", "coordinates": [[[[86.7917, 20.3736], [86.7919, 20.3733], [86.7922, 20.3733], [86.7917, 20.3736]]], [[[86.7939, 20.3799], [86.7944, 20.3797], [86.7947, 20.3794], [86.7939, 20.3799]]], [[[86.7931, 20.3842], [86.7928, 20.3839], [86.7911, 20.3856], [86.7931, 20.3842]]], [[[86.8028, 20.4208], [86.8039, 20.3714], [86.8025, 20.4208], [86.8028, 20.4208]]], [[[86.7897, 20.3876], [86.7911, 20.4292], [86.7904, 20.3878], [86.7897, 20.3876]]], [[[86.8027, 20.4595], [86.8026, 20.4595], [86.802, 20.4595], [86.8027, 20.4595]]], [[[86.8053, 20.4919], [86.8064, 20.4908], [86.8064, 20.4906], [86.8053, 20.4919]]], [[[86.8742, 20.6736], [86.8739, 20.6733], [86.8736, 20.6733], [86.8742, 20.6736]]], [[[86.7981, 20.6919], [86.7978, 20.6903], [86.7976, 20.6898], [86.7981, 20.6919]]], [[[87.003, 20.7108], [87.0023, 20.7103], [87.0022, 20.7106], [87.003, 20.7108]]], [[[87.0085, 20.7081], [87.0077, 20.708], [87.0052, 20.708], [87.0085, 20.7081]]], [[[87.0575, 20.7444], [87.0576, 20.7439], [87.0574, 20.7437], [87.0575, 20.7444]]], [[[87.0706, 20.7362], [87.0704, 20.7355], [87.07, 20.7353], [87.0706, 20.7362]]], [[[87.0908, 20.7575], [87.0911, 20.7572], [87.0914, 20.7569], [87.0908, 20.7575]]], [[[86.8707, 20.7718], [86.9919, 20.7711], [87.0005, 20.7142], [86.8592, 20.6647], [86.8783, 20.7331], [86.8535, 20.6567], [86.7738, 20.6464], [86.8693, 20.7726], [86.8707, 20.7718]]], [[[86.8753, 20.7758], [86.8756, 20.7756], [86.8761, 20.7756], [86.8753, 20.7758]]], [[[86.865, 20.7811], [86.8653, 20.7808], [86.8655, 20.7808], [86.865, 20.7811]]], [[[86.9842, 20.7822], [86.9844, 20.7819], [86.985, 20.7819], [86.9842, 20.7822]]], [[[86.8819, 20.7886], [86.8822, 20.7883], [86.8867, 20.7883], [86.8819, 20.7886]]], [[[86.6359, 20.7873], [86.8161, 20.7244], [86.7557, 20.6133], [86.8206, 20.6396], [86.8022, 20.6752], [86.8447, 20.6508], [86.9339, 20.7107], [87.0452, 20.7095], [86.7339, 20.4792], [86.7294, 20.4049], [86.79, 20.3611], [86.7085, 20.2939], [86.2769, 20.3524], [86.2548, 20.556], [86.3179, 20.6232], [86.37, 20.5878], [86.4655, 20.6811], [86.5392, 20.6868], [86.5394, 20.7474], [86.6364, 20.7899], [86.6359, 20.7873]]]]}}, {"type": "Feature", "properties": {"name": "Keonjhar", "state": "Orissa"}, "geometry": {"type": "Polygon", "coordinates": [[[85.4178, 22.1534], [85.5395, 22.0866], [85.6446, 22.0903], [85.6659, 22.0091], [85.7889, 21.9499], [85.8052, 21.8076], [86.0766, 21.6848], [86.0046, 21.5273], [86.1563, 21.4194], [86.0886, 21.306], [86.1152, 21.2664], [86.2051, 21.2773], [86.2732, 21.3745], [86.37, 21.2499], [86.2691, 21.141], [86.3199, 21.0603], [86.2991, 21.0096], [86.1294, 21.0683], [86.0427, 21.0181], [86.0231, 21.0672], [86.0816, 21.1623], [85.8819, 21.0804], [85.77, 21.0982], [85.6815, 21.1798], [85.6052, 21.1316], [85.5427, 21.1609], [85.4918, 21.1079], [85.2679, 21.27], [85.3376, 21.3539], [85.2531, 21.4464], [85.3026, 21.4444], [85.323, 21.5053], [85.245, 21.6716], [85.1824, 21.6747], [85.2247, 21.8181], [85.3375, 21.8232], [85.3711, 21.9057], [85.2273, 21.9969], [85.3001, 22.1071], [85.4103, 22.1561], [85.4178, 22.1534]]]}}, {"type": "Feature", "properties": {"name": "Khordha", "state": "Orissa"}, "geometry": {"type": "Polygon", "coordinates": [[[85.8049, 20.4205], [85.7966, 20.3137], [85.8788, 20.2798], [85.8947, 20.3605], [86.077, 20.0987], [85.8798, 20.1024], [85.8836, 20.169], [85.8346, 20.1884], [85.8213, 20.151], [85.6882, 20.1444], [85.6742, 20.064], [85.6274, 20.0925], [85.6117, 19.9836], [85.5668, 20.0162], [85.5592, 19.9417], [85.4963, 19.9378], [85.5608, 19.909], [85.5586, 19.8467], [85.4005, 19.8779], [85.2485, 19.7757], [85.1779, 19.6674], [84.9296, 19.865], [85.0919, 19.923], [85.239, 19.8978], [85.3573, 19.9506], [85.4153, 19.9192], [85.451, 19.9655], [85.3747, 20.0641], [85.4083, 20.1202], [85.3455, 20.1811], [85.2347, 20.1073], [85.2098, 20.2065], [85.3178, 20.2238], [85.3288, 20.2734], [85.6207, 20.2849], [85.8017, 20.4268], [85.8049, 20.4205]]]}}, {"type": "Feature", "properties": {"name": "Koraput", "state": "Orissa"}, "geometry": {"type": "Polygon", "coordinates": [[[82.2185, 19.2158], [82.4283, 19.1644], [82.5657, 19.205], [82.6295, 19.1416], [82.6716, 19.1892], [82.822, 19.141], [82.8557, 19.1992], [82.8968, 19.1517], [82.9717, 19.1665], [83.0558, 19.0368], [83.1297, 19.1294], [83.1734, 19.1048], [83.1944, 19.1597], [83.2521, 19.1567], [83.1693, 19.0841], [83.2318, 18.9619], [83.2732, 19.1145], [83.3333, 19.0938], [83.3189, 18.9284], [83.3611, 18.9534], [83.4107, 18.8568], [83.2194, 18.7658], [83.2051, 18.7159], [83.133, 18.7724], [83.0097, 18.6365], [83.008, 18.5884], [83.0539, 18.5865], [83.0325, 18.5479], [83.0893, 18.5379], [83.0154, 18.4444], [83.0562, 18.3773], [82.9027, 18.3559], [82.8846, 18.4128], [82.7992, 18.4394], [82.7671, 18.3311], [82.6269, 18.2287], [82.5807, 18.2701], [82.599, 18.3716], [82.5323, 18.3934], [82.5231, 18.5039], [82.4816, 18.5385], [82.4291, 18.4851], [82.3987, 18.5099], [82.4409, 18.5915], [82.2568, 18.5805], [82.2171, 18.6617], [82.1679, 18.6259], [82.0849, 18.7327], [82.1611, 18.791], [82.1727, 18.8953], [82.2396, 18.9105], [82.2121, 19.0905], [82.1598, 19.1265], [82.1612, 19.2084], [82.2137, 19.2243], [82.2185, 19.2158]]]}}, {"type": "Feature", "properties": {"name": "Malkangiri", "state": "Orissa"}, "geometry": {"type": "Polygon", "coordinates": [[[82.0849, 18.7327], [82.1679, 18.6259], [82.2171, 18.6617], [82.2568, 18.5805], [82.4409, 18.5915], [82.3344, 18.3171], [82.393, 18.3064], [82.3061, 18.1957], [82.3652, 18.1397], [82.3334, 18.1424], [82.3363, 18.0473], [82.267, 18.0483], [82.2417, 17.9798], [82.1603, 18.0436], [82.0247, 18.0579], [81.6112, 17.8154], [81.385, 17.8066], [81.3938, 17.8851], [81.4373, 17.8759], [81.4773, 17.97], [81.528, 18.2591], [81.7449, 18.3454], [81.8579, 18.5131], [81.9469, 18.5592], [81.8854, 18.6503], [81.9474, 18.6288], [81.9572, 18.6834], [82.0805, 18.7227], [82.0849, 18.7327]]]}}, {"type": "Feature", "properties": {"name": "Mayurbhanj", "state": "Orissa"}, "geometry": {"type": "Polygon", "coordinates": [[[86.0783, 22.5304], [86.1119, 22.4829], [86.2798, 22.4455], [86.4334, 22.3015], [86.4999, 22.341], [86.721, 22.2168], [86.7154, 22.1435], [86.9671, 22.0778], [87.0343, 21.9892], [87.0048, 21.8955], [87.1798, 21.7851], [87.1013, 21.7783], [87.0675, 21.7014], [87.0226, 21.7358], [87.0496, 21.6782], [86.9849, 21.6619], [87.0029, 21.5932], [86.9543, 21.5672], [86.8738, 21.63], [86.8628, 21.587], [86.6831, 21.5888], [86.4226, 21.3262], [86.3565, 21.2947], [86.2647, 21.3738], [86.2051, 21.2773], [86.1121, 21.2705], [86.0886, 21.306], [86.1563, 21.4194], [86.0046, 21.5273], [86.0766, 21.6848], [85.8052, 21.8076], [85.7889, 21.9499], [85.658, 22.0286], [85.802, 22.1108], [85.8308, 22.077], [85.7879, 22.0772], [85.7607, 21.9897], [85.9054, 21.9666], [86.0267, 22.1852], [85.9698, 22.2434], [86.0433, 22.3062], [85.9929, 22.3382], [86.0215, 22.3818], [85.9581, 22.4762], [86.0385, 22.5636], [86.0692, 22.5431], [86.0783, 22.5304]]]}}, {"type": "Feature", "properties": {"name": "Nabarangpur", "state": "Orissa"}, "geometry": {"type": "Polygon", "coordinates": [[[82.01, 20.0448], [82.0244, 20.01], [82.0579, 20.0499], [82.1785, 19.9781], [82.2306, 19.9981], [82.3394, 19.83], [82.4395, 19.9029], [82.5935, 19.8645], [82.5955, 19.7409], [82.5242, 19.5758], [82.635, 19.5046], [82.7197, 19.3398], [82.8423, 19.3143], [82.7977, 19.2301], [82.8483, 19.1987], [82.822, 19.141], [82.6716, 19.1892], [82.6176, 19.1435], [82.5657, 19.205], [82.4283, 19.1644], [82.2088, 19.2335], [82.1612, 19.2084], [82.1832, 19.3197], [82.1412, 19.3658], [82.1831, 19.4176], [82.1193, 19.4239], [82.0921, 19.5098], [82.0224, 19.5018], [82.0598, 19.7831], [81.9801, 19.7958], [81.8373, 19.9501], [81.937, 20.1012], [82.0069, 20.0473], [82.01, 20.0448]]]}}, {"type": "Feature", "properties": {"name": "Nayagarh", "state": "Orissa"}, "geometry": {"type": "Polygon", "coordinates": [[[84.7877, 20.5752], [85.1541, 20.3716], [85.3651, 20.3595], [85.3343, 20.2381], [85.2205, 20.2161], [85.1994, 20.1475], [85.2347, 20.1073], [85.3568, 20.1785], [85.35, 20.1379], [85.4083, 20.1202], [85.3808, 20.0485], [85.451, 19.9655], [85.4153, 19.9192], [85.3573, 19.9506], [85.239, 19.8978], [85.1215, 19.9258], [84.9338, 19.8896], [84.7926, 20.0875], [84.8223, 20.2158], [84.69, 20.2749], [84.5833, 20.1767], [84.5372, 20.3205], [84.4786, 20.3447], [84.5402, 20.4159], [84.6857, 20.436], [84.7869, 20.5701], [84.7877, 20.5752]]]}}, {"type": "Feature", "properties": {"name": "Nuapada", "state": "Orissa"}, "geometry": {"type": "Polygon", "coordinates": [[[82.6318, 21.087], [82.6864, 21.0184], [82.6821, 20.731], [82.7358, 20.6189], [82.6793, 20.4458], [82.7122, 20.353], [82.8099, 20.3785], [82.7849, 20.3214], [82.8476, 20.3324], [82.8069, 20.2904], [82.8553, 20.2302], [82.8078, 20.0966], [82.698, 19.9927], [82.3909, 20.0596], [82.4292, 20.4258], [82.324, 20.5539], [82.3682, 20.6241], [82.334, 20.8406], [82.3592, 20.8827], [82.4591, 20.8238], [82.6259, 21.0768], [82.6318, 21.087]]]}}, {"type": "Feature", "properties": {"name": "Puri", "state": "Orissa"}, "geometry": {"type": "MultiPolygon", "coordinates": [[[[86.2406, 19.9094], [86.2403, 19.9092], [86.2399, 19.9092], [86.2406, 19.9094]]], [[[86.3725, 19.9544], [86.3717, 19.9536], [86.3715, 19.9538], [86.3725, 19.9544]]], [[[86.3211, 19.9881], [86.3206, 19.9881], [86.32, 19.9886], [86.3211, 19.9881]]], [[[86.3214, 19.9989], [86.3214, 19.9978], [86.3217, 19.9975], [86.3214, 19.9989]]], [[[86.3214, 20.01], [86.3211, 20.01], [86.3208, 20.0103], [86.3214, 20.01]]], [[[86.3104, 20.0162], [86.3106, 20.0161], [86.3114, 20.0161], [86.3104, 20.0162]]], [[[86.2531, 20.0253], [86.2533, 20.025], [86.2544, 20.025], [86.2531, 20.0253]]], [[[86.2725, 20.0244], [86.2719, 20.0239], [86.2717, 20.0239], [86.2725, 20.0244]]], [[[86.2658, 20.0336], [86.2661, 20.0333], [86.2664, 20.0333], [86.2658, 20.0336]]], [[[86.2768, 20.0474], [86.2457, 20.029], [86.2734, 20.0493], [86.2768, 20.0474]]], [[[85.8346, 20.1884], [85.8836, 20.169], [85.8798, 20.1024], [86.0678, 20.1021], [86.1166, 20.0344], [86.2934, 20.025], [86.3175, 19.9492], [86.3656, 19.9552], [85.7799, 19.785], [85.1196, 19.4642], [85.089, 19.5157], [85.1512, 19.5546], [85.1198, 19.5888], [85.2485, 19.7757], [85.4222, 19.8857], [85.5586, 19.8467], [85.5136, 19.9614], [85.5592, 19.9417], [85.5668, 20.0162], [85.6117, 19.9836], [85.6274, 20.0925], [85.6742, 20.064], [85.6835, 20.1416], [85.8301, 20.1806], [85.8346, 20.1884]]]]}}, {"type": "Feature", "properties": {"name": "Rayagada", "state": "Orissa"}, "geometry": {"type": "Polygon", "coordinates": [[[83.4778, 19.955], [83.5552, 19.9225], [83.5216, 19.8514], [83.6121, 19.8085], [83.6418, 19.6511], [83.6873, 19.6814], [83.7331, 19.6476], [83.8014, 19.71], [83.9299, 19.664], [83.9698, 19.5229], [83.9396, 19.3899], [84.0226, 19.3376], [83.9755, 19.2009], [84.0226, 19.0455], [83.964, 19.0572], [83.9511, 18.9776], [83.7757, 19.009], [83.7396, 18.9784], [83.7713, 18.9013], [83.6233, 19.1536], [83.5314, 19.0054], [83.4594, 19.0697], [83.4512, 18.9445], [83.3409, 19.0092], [83.3333, 19.0938], [83.2776, 19.1169], [83.2336, 18.9649], [83.1962, 18.9701], [83.1693, 19.0841], [83.2363, 19.119], [83.2282, 19.1627], [83.0208, 19.0516], [82.9745, 19.1642], [82.871, 19.1771], [82.9497, 19.3182], [82.9168, 19.4287], [82.984, 19.4408], [83.0628, 19.5559], [83.1605, 19.4254], [83.1804, 19.4571], [83.2105, 19.4286], [83.26, 19.5944], [83.3658, 19.5915], [83.4392, 19.7133], [83.3999, 19.9144], [83.474, 19.9575], [83.4778, 19.955]]]}}, {"type": "Feature", "properties": {"name": "Sambalpur", "state": "Orissa"}, "geometry": {"type": "Polygon", "coordinates": [[[84.482, 22.1493], [84.522, 21.8097], [84.5524, 21.7634], [84.6744, 21.7432], [84.4989, 21.6783], [84.4849, 21.6366], [84.5684, 21.571], [84.4786, 21.5097], [84.4759, 21.3914], [84.5425, 21.3702], [84.5644, 21.2492], [84.6854, 21.3184], [84.7599, 21.2702], [84.6767, 21.0591], [84.4784, 21.0777], [84.3658, 20.9499], [84.2348, 20.9212], [84.1411, 21.0309], [84.0132, 21.0507], [83.9791, 21.1304], [83.8885, 21.174], [83.9064, 21.2419], [83.8425, 21.4065], [83.8798, 21.4351], [83.8075, 21.5877], [83.9667, 21.574], [83.9372, 21.7244], [84.008, 21.7829], [84.2797, 21.7585], [84.3865, 21.9891], [84.3508, 22.0334], [84.2628, 22.011], [84.2611, 22.1014], [84.4714, 22.1857], [84.4787, 22.1538], [84.482, 22.1493]]]}}, {"type": "Feature", "properties": {"name": "Sonepur", "state": "Orissa"}, "geometry": {"type": "Polygon", "coordinates": [[[83.9791, 21.1304], [83.9921, 21.0666], [84.1411, 21.0309], [84.1541, 20.9709], [84.276, 20.9222], [84.2607, 20.8843], [83.7741, 20.7941], [83.7243, 20.6012], [83.6042, 20.5231], [83.5886, 20.5987], [83.6706, 20.7375], [83.5666, 20.8483], [83.6339, 20.978], [83.4637, 20.9935], [83.4522, 21.051], [83.763, 21.1509], [83.8378, 21.0931], [83.8885, 21.174], [83.9676, 21.1341], [83.9791, 21.1304]]]}}, {"type": "Feature", "properties": {"name": "Sundargarh", "state": "Orissa"}, "geometry": {"type": "Polygon", "coordinates": [[[84.0025, 22.5209], [84.2892, 22.3373], [84.4261, 22.3488], [84.5266, 22.42], [84.8938, 22.418], [85.0625, 22.4784], [85.1145, 22.2905], [84.9798, 22.0847], [85.0439, 22.1107], [85.1768, 22.0667], [85.2686, 21.9558], [85.366, 21.9334], [85.3541, 21.8479], [85.2247, 21.8181], [85.1442, 21.5896], [85.0456, 21.5846], [84.994, 21.6779], [84.7867, 21.6644], [84.7527, 21.6206], [84.6651, 21.7555], [84.5524, 21.7634], [84.522, 21.8097], [84.4891, 21.9042], [84.5233, 22.0414], [84.4714, 22.1857], [84.2713, 22.1182], [84.2263, 21.9719], [84.1144, 22.0081], [84.0659, 21.9867], [84.0718, 21.9342], [83.974, 21.9033], [83.8897, 21.9434], [83.7148, 21.7834], [83.6225, 21.8455], [83.5735, 21.8297], [83.6005, 21.9108], [83.5352, 21.9635], [83.5324, 22.034], [83.6003, 22.0655], [83.5592, 22.1039], [83.6458, 22.2246], [83.7528, 22.2429], [83.861, 22.3438], [84.0042, 22.3677], [84.0416, 22.4641], [83.9761, 22.5022], [83.9943, 22.5288], [84.0025, 22.5209]]]}}, {"type": "Feature", "properties": {"name": "Karaikal", "state": "Puducherry"}, "geometry": {"type": "MultiPolygon", "coordinates": [[[[79.8449, 10.8265], [79.8449, 10.8263], [79.8454, 10.8263], [79.8449, 10.8265]]], [[[79.7482, 10.9815], [79.8546, 10.976], [79.8512, 10.8138], [79.8133, 10.8141], [79.809, 10.8674], [79.7042, 10.9189], [79.7431, 10.9851], [79.7482, 10.9815]]]]}}, {"type": "Feature", "properties": {"name": "Mahe", "state": "Puducherry"}, "geometry": {"type": "Polygon", "coordinates": [[[75.2307, 12.0241], [75.2231, 12.1048], [75.4025, 12.1368], [75.3091, 12.1027], [75.3015, 12.0246], [75.2676, 12.0254], [75.3021, 11.9485], [75.2307, 12.024], [75.2307, 12.0241]]]}}, {"type": "Feature", "properties": {"name": "Puducherry", "state": "Puducherry"}, "geometry": {"type": "Polygon", "coordinates": [[[79.8376, 11.9405], [79.8004, 11.8084], [79.6591, 11.8657], [79.7249, 11.8915], [79.6443, 11.9927], [79.7496, 11.9861], [79.7157, 11.9675], [79.7369, 11.9072], [79.7997, 11.9643], [79.8307, 11.9402], [79.8376, 11.9405]]]}}, {"type": "Feature", "properties": {"name": "Yanam", "state": "Puducherry"}, "geometry": {"type": "MultiPolygon", "coordinates": [[[[82.2657, 16.7029], [82.2657, 16.7026], [82.2679, 16.7026], [82.2657, 16.7029]]], [[[82.211, 16.7279], [82.3011, 16.7333], [82.2534, 16.6897], [82.1791, 16.7163], [82.21, 16.7313], [82.211, 16.7279]]]]}}, {"type": "Feature", "properties": {"name": "Amritsar", "state": "Punjab"}, "geometry": {"type": "Polygon", "coordinates": [[[74.8793, 32.0519], [74.9222, 32.0141], [74.9011, 31.9761], [74.96, 31.9757], [74.8745, 31.9317], [74.9549, 31.8334], [75.1768, 31.741], [75.213, 31.6854], [75.2716, 31.6978], [75.3911, 31.5949], [75.1819, 31.4359], [75.0381, 31.1921], [74.79, 31.1139], [74.595, 31.135], [74.5658, 31.0843], [74.5054, 31.1365], [74.5111, 31.2723], [74.6421, 31.46], [74.5658, 31.5017], [74.6009, 31.5678], [74.518, 31.7452], [74.5991, 31.8851], [74.7092, 31.9579], [74.8091, 31.9551], [74.8724, 32.0505], [74.8793, 32.0519]]]}}, {"type": "Feature", "properties": {"name": "Bathinda", "state": "Punjab"}, "geometry": {"type": "Polygon", "coordinates": [[[75.171, 30.5387], [75.2812, 30.5112], [75.247, 30.462], [75.3671, 30.2366], [75.3465, 30.1425], [75.25, 30.1007], [75.27, 29.9791], [75.1737, 29.9702], [75.2054, 29.8593], [75.1592, 29.7842], [75.0902, 29.8067], [75.0848, 29.9151], [74.9899, 29.8565], [74.8815, 29.9683], [74.6974, 29.9711], [74.6735, 30.1119], [74.6219, 30.1277], [74.7265, 30.1814], [74.7151, 30.3084], [74.7745, 30.3358], [74.6915, 30.3561], [75.0356, 30.3801], [75.0096, 30.4401], [75.0418, 30.4596], [74.9969, 30.4891], [75.1185, 30.5235], [75.1286, 30.58], [75.1672, 30.555], [75.171, 30.5387]]]}}, {"type": "Feature", "properties": {"name": "Faridkot", "state": "Punjab"}, "geometry": {"type": "Polygon", "coordinates": [[[74.8995, 30.7362], [74.944, 30.5935], [74.8923, 30.5497], [74.9805, 30.544], [75.045, 30.3895], [74.7469, 30.392], [74.7485, 30.4966], [74.6766, 30.5211], [74.6994, 30.5577], [74.5794, 30.6539], [74.4716, 30.6729], [74.4588, 30.7423], [74.6136, 30.8306], [74.8902, 30.7393], [74.8995, 30.7362]]]}}, {"type": "Feature", "properties": {"name": "Fatehgarh Sahib", "state": "Punjab"}, "geometry": {"type": "Polygon", "coordinates": [[[76.3106, 30.8815], [76.3562, 30.9022], [76.3155, 30.8526], [76.3792, 30.8338], [76.3973, 30.7617], [76.5275, 30.7616], [76.5025, 30.7151], [76.558, 30.6777], [76.5164, 30.6405], [76.5812, 30.6159], [76.5575, 30.567], [76.4884, 30.5647], [76.4666, 30.4342], [76.3743, 30.4146], [76.3079, 30.4343], [76.2804, 30.5775], [76.0669, 30.5116], [76.1612, 30.6809], [76.3321, 30.6827], [76.2367, 30.7731], [76.3102, 30.8742], [76.3106, 30.8815]]]}}, {"type": "Feature", "properties": {"name": "Firozpur", "state": "Punjab"}, "geometry": {"type": "Polygon", "coordinates": [[[75.0372, 31.1533], [75.1154, 31.0842], [75.0274, 31.0236], [75.0497, 30.9432], [74.9333, 30.8774], [74.8995, 30.7362], [74.6136, 30.8306], [74.4638, 30.7488], [74.4818, 30.6382], [74.3652, 30.483], [74.2414, 30.4228], [74.3471, 30.3971], [74.2516, 30.2456], [74.3469, 30.2392], [74.3269, 30.1612], [74.4052, 30.0952], [74.3572, 30.0848], [74.3987, 30.0264], [74.4452, 30.0215], [74.442, 29.9471], [73.8912, 29.9701], [73.9681, 30.1843], [73.8732, 30.3834], [73.9885, 30.5046], [74.0776, 30.5294], [74.091, 30.6128], [74.2818, 30.7302], [74.3161, 30.8476], [74.5381, 30.9935], [74.5584, 31.0675], [74.6225, 31.047], [74.6906, 31.1145], [74.9089, 31.1612], [74.9958, 31.12], [75.0385, 31.1576], [75.0372, 31.1533]]]}}, {"type": "Feature", "properties": {"name": "Gurdaspur", "state": "Punjab"}, "geometry": {"type": "Polygon", "coordinates": [[[75.8688, 32.4887], [75.9322, 32.4168], [75.6225, 32.2347], [75.6555, 32.1461], [75.5213, 32.0318], [75.5606, 31.786], [75.4541, 31.6352], [75.3911, 31.5949], [75.2716, 31.6978], [75.213, 31.6854], [75.1768, 31.741], [74.9549, 31.8334], [74.8745, 31.9317], [74.9592, 31.9607], [74.9011, 31.9761], [74.9069, 32.0625], [75.0049, 32.0288], [75.1645, 32.068], [75.1953, 32.1166], [75.2334, 32.0844], [75.3632, 32.2347], [75.3253, 32.3428], [75.4722, 32.34], [75.4989, 32.2753], [75.5292, 32.3489], [75.7115, 32.4182], [75.8725, 32.5762], [75.8553, 32.4996], [75.8688, 32.4887]]]}}, {"type": "Feature", "properties": {"name": "Hoshiarpur", "state": "Punjab"}, "geometry": {"type": "Polygon", "coordinates": [[[75.5788, 32.0817], [75.8945, 31.9498], [75.9709, 31.8192], [75.9218, 31.8172], [75.9758, 31.6953], [76.1535, 31.414], [76.1396, 31.3531], [76.1728, 31.3067], [76.2774, 31.3099], [76.3379, 31.2409], [76.2282, 31.2473], [76.1933, 31.1403], [76.012, 31.2611], [75.8533, 31.2843], [75.8946, 31.3476], [75.7747, 31.3716], [75.8069, 31.427], [75.6569, 31.6085], [75.461, 31.652], [75.5593, 31.7791], [75.5159, 31.9439], [75.5728, 32.0788], [75.5788, 32.0817]]]}}, {"type": "Feature", "properties": {"name": "Jalandhar", "state": "Punjab"}, "geometry": {"type": "Polygon", "coordinates": [[[75.632, 31.6155], [75.8092, 31.4073], [75.7428, 31.3301], [75.6873, 31.3488], [75.6834, 31.178], [75.8737, 31.1685], [75.9394, 31.0119], [75.4818, 30.972], [75.0955, 31.0953], [75.0686, 31.153], [75.1999, 31.1861], [75.2574, 31.1492], [75.3334, 31.2332], [75.4491, 31.2392], [75.478, 31.2723], [75.4376, 31.316], [75.5006, 31.3912], [75.4335, 31.3976], [75.433, 31.5019], [75.5067, 31.4741], [75.5247, 31.5568], [75.6301, 31.617], [75.632, 31.6155]]]}}, {"type": "Feature", "properties": {"name": "Kapurthala", "state": "Punjab"}, "geometry": {"type": "MultiPolygon", "coordinates": [[[[75.7908, 31.3756], [75.8946, 31.3476], [75.8407, 31.2975], [75.8972, 31.2644], [75.8286, 31.2855], [75.8442, 31.2368], [75.7584, 31.1626], [75.6834, 31.178], [75.6621, 31.2891], [75.7095, 31.324], [75.6873, 31.3488], [75.7428, 31.3301], [75.7868, 31.3756], [75.7908, 31.3756]]], [[[75.4744, 31.6493], [75.5567, 31.639], [75.5911, 31.5775], [75.5247, 31.5568], [75.5067, 31.4741], [75.433, 31.5019], [75.4335, 31.3976], [75.5006, 31.3912], [75.4376, 31.316], [75.478, 31.2723], [75.4491, 31.2392], [75.3334, 31.2332], [75.2574, 31.1492], [75.1906, 31.1857], [74.986, 31.1245], [74.9367, 31.1499], [75.0381, 31.1921], [75.1819, 31.4359], [75.4693, 31.6516], [75.4744, 31.6493]]]]}}, {"type": "Feature", "properties": {"name": "Ludhiana", "state": "Punjab"}, "geometry": {"type": "Polygon", "coordinates": [[[75.9207, 31.0128], [76.3005, 30.9915], [76.3102, 30.8742], [76.2367, 30.7731], [76.3344, 30.7146], [76.3173, 30.6695], [76.1612, 30.6809], [76.0886, 30.5629], [76.0156, 30.6176], [75.9254, 30.5716], [75.8238, 30.6902], [75.758, 30.6745], [75.7773, 30.6256], [75.6581, 30.652], [75.3962, 30.5841], [75.3591, 30.7073], [75.3947, 30.8952], [75.3429, 30.99], [75.5899, 30.9706], [75.9043, 31.0214], [75.9207, 31.0128]]]}}, {"type": "Feature", "properties": {"name": "Mansa", "state": "Punjab"}, "geometry": {"type": "Polygon", "coordinates": [[[75.5678, 30.1458], [75.6424, 30.1167], [75.6313, 30.0329], [75.6791, 30.0261], [75.6301, 29.9378], [75.7557, 29.9212], [75.764, 29.8376], [75.6874, 29.7518], [75.5688, 29.7426], [75.4443, 29.8078], [75.3354, 29.6938], [75.3504, 29.6593], [75.3177, 29.6707], [75.2961, 29.5681], [75.2235, 29.5462], [75.1578, 29.6627], [75.231, 29.7521], [75.1737, 29.9702], [75.27, 29.9791], [75.25, 30.1007], [75.335, 30.1317], [75.3793, 30.212], [75.5551, 30.1504], [75.5678, 30.1458]]]}}, {"type": "Feature", "properties": {"name": "Moga", "state": "Punjab"}, "geometry": {"type": "Polygon", "coordinates": [[[75.3429, 30.99], [75.3947, 30.8952], [75.3593, 30.6904], [75.4069, 30.5468], [75.1758, 30.5077], [75.1342, 30.5819], [75.1185, 30.5235], [74.9885, 30.4889], [74.9805, 30.544], [74.8923, 30.5497], [74.944, 30.5935], [74.9438, 30.6749], [74.8944, 30.7022], [74.9333, 30.8774], [75.0497, 30.9432], [75.0274, 31.0236], [75.1163, 31.0972], [75.2944, 31.0017], [75.3429, 30.99]]]}}, {"type": "Feature", "properties": {"name": "Muktsar", "state": "Punjab"}, "geometry": {"type": "Polygon", "coordinates": [[[74.4915, 30.6673], [74.6077, 30.6374], [74.6994, 30.5577], [74.6766, 30.5211], [74.7485, 30.4966], [74.7426, 30.3943], [74.8113, 30.3937], [74.7757, 30.3398], [74.6915, 30.3561], [74.7745, 30.3358], [74.7151, 30.3084], [74.7265, 30.1814], [74.622, 30.1302], [74.6735, 30.1119], [74.7072, 30.015], [74.647, 29.9047], [74.442, 29.9471], [74.4452, 30.0215], [74.3987, 30.0264], [74.3572, 30.0848], [74.4052, 30.0952], [74.3269, 30.1612], [74.3469, 30.2392], [74.2516, 30.2456], [74.3066, 30.3868], [74.348, 30.3901], [74.2414, 30.4228], [74.3652, 30.483], [74.4885, 30.6651], [74.4915, 30.6673]]]}}, {"type": "Feature", "properties": {"name": "Nawan Shehar", "state": "Punjab"}, "geometry": {"type": "Polygon", "coordinates": [[[75.8566, 31.2473], [75.8878, 31.2828], [76.012, 31.2611], [76.1813, 31.1357], [76.2282, 31.2473], [76.325, 31.2284], [76.5066, 30.9982], [75.9869, 30.9913], [75.8864, 31.1573], [75.7746, 31.2003], [75.8442, 31.2368], [75.8286, 31.2855], [75.8581, 31.2517], [75.8566, 31.2473]]]}}, {"type": "Feature", "properties": {"name": "Patiala", "state": "Punjab"}, "geometry": {"type": "Polygon", "coordinates": [[[76.8188, 30.6606], [76.8622, 30.6793], [76.9134, 30.5997], [76.8888, 30.4411], [76.9303, 30.3926], [76.8802, 30.3597], [76.8325, 30.4339], [76.7579, 30.4389], [76.7001, 30.3936], [76.7152, 30.3329], [76.5476, 30.2649], [76.5325, 30.2271], [76.584, 30.2565], [76.6389, 30.2059], [76.6195, 30.0954], [76.4521, 30.1007], [76.4102, 30.2023], [76.39, 30.1275], [76.3259, 30.1492], [76.3229, 30.1082], [76.2039, 30.1589], [76.255, 30.1046], [76.1663, 29.9287], [76.2352, 29.8598], [76.1164, 29.7964], [76.1148, 29.8579], [76.0569, 29.8462], [75.9716, 29.9102], [76.0203, 29.9678], [76.0024, 30.0252], [76.096, 30.1156], [76.0518, 30.2162], [76.1915, 30.2875], [75.9785, 30.3408], [76.0774, 30.4588], [76.0669, 30.5116], [76.2804, 30.5775], [76.3079, 30.4343], [76.4666, 30.4342], [76.4884, 30.5647], [76.5689, 30.5748], [76.5662, 30.6691], [76.6218, 30.6814], [76.679, 30.5729], [76.8184, 30.673], [76.8188, 30.6606]]]}}, {"type": "Feature", "properties": {"name": "Rupnagar", "state": "Punjab"}, "geometry": {"type": "Polygon", "coordinates": [[[76.3816, 31.4106], [76.4311, 31.2828], [76.4667, 31.3102], [76.535, 31.2554], [76.5705, 31.2801], [76.5806, 31.2164], [76.6259, 31.2271], [76.5904, 31.1829], [76.6101, 31.0042], [76.7126, 30.9634], [76.8468, 30.7925], [76.6906, 30.7601], [76.8098, 30.6636], [76.679, 30.5729], [76.6218, 30.6814], [76.5164, 30.6405], [76.558, 30.6777], [76.5043, 30.7102], [76.5203, 30.7685], [76.3973, 30.7617], [76.3792, 30.8338], [76.3155, 30.8526], [76.3617, 30.881], [76.3356, 30.9153], [76.3084, 30.8812], [76.2989, 30.9977], [76.5066, 30.9982], [76.278, 31.3024], [76.3367, 31.353], [76.3158, 31.4024], [76.373, 31.4136], [76.3816, 31.4106]]]}}, {"type": "Feature", "properties": {"name": "Sangrur", "state": "Punjab"}, "geometry": {"type": "Polygon", "coordinates": [[[75.8412, 30.673], [75.9254, 30.5716], [76.0156, 30.6176], [76.0712, 30.5647], [76.0774, 30.4588], [75.9785, 30.3408], [76.1915, 30.2875], [76.0387, 30.1917], [76.096, 30.1156], [76.0024, 30.0252], [76.0203, 29.9678], [75.9716, 29.9102], [76.0569, 29.8462], [76.1148, 29.8579], [76.0415, 29.7488], [75.934, 29.7325], [75.829, 29.8123], [75.726, 29.8115], [75.7557, 29.9212], [75.6301, 29.9378], [75.6805, 30.0102], [75.6313, 30.0329], [75.6424, 30.1167], [75.3515, 30.2059], [75.3245, 30.3795], [75.247, 30.462], [75.2834, 30.5179], [75.3888, 30.5309], [75.4558, 30.607], [75.535, 30.5977], [75.5389, 30.6352], [75.7773, 30.6256], [75.758, 30.6745], [75.8307, 30.6887], [75.8412, 30.673]]]}}, {"type": "Feature", "properties": {"name": "Ajmer", "state": "Rajasthan"}, "geometry": {"type": "MultiPolygon", "coordinates": [[[[74.0077, 25.8652], [74.0922, 25.769], [74.0159, 25.7484], [73.9484, 25.6523], [73.9059, 25.742], [74.0047, 25.8665], [74.0077, 25.8652]]], [[[74.8879, 26.9801], [74.9787, 26.9444], [74.9123, 26.84], [74.9383, 26.7487], [75.0042, 26.7434], [74.9401, 26.7243], [75.0633, 26.6539], [75.058, 26.5593], [75.1192, 26.5503], [75.1726, 26.4477], [75.1095, 26.2884], [75.1844, 26.1135], [75.2422, 26.082], [75.2787, 26.1426], [75.3359, 26.1345], [75.3031, 26.0733], [75.351, 26.0182], [75.2428, 25.9129], [75.2601, 25.8567], [75.3513, 25.8337], [75.2366, 25.6826], [75.0837, 25.7031], [75.0137, 25.8595], [74.7109, 25.9219], [74.5568, 25.9165], [74.5261, 25.8678], [74.5203, 25.9129], [74.3869, 25.9647], [74.2232, 25.8457], [74.1124, 25.8727], [74.1561, 25.9193], [74.1241, 25.9626], [74.1607, 26.0683], [74.1812, 26.0313], [74.2408, 26.0522], [74.3021, 26.1377], [74.271, 26.176], [74.3669, 26.1925], [74.3993, 26.2693], [74.2512, 26.2884], [74.303, 26.3337], [74.2881, 26.4511], [74.4697, 26.493], [74.5897, 26.6317], [74.6152, 26.5686], [74.6703, 26.5968], [74.7197, 26.7047], [74.6616, 26.7141], [74.6938, 26.7739], [74.7749, 26.7931], [74.7699, 26.8516], [74.8731, 26.9782], [74.8879, 26.9801]]]]}}, {"type": "Feature", "properties": {"name": "Alwar", "state": "Rajasthan"}, "geometry": {"type": "Polygon", "coordinates": [[[76.8543, 28.2252], [76.9618, 28.144], [76.8833, 27.7244], [76.9146, 27.7008], [76.8809, 27.6994], [76.9705, 27.6571], [76.9754, 27.6192], [76.9281, 27.6178], [76.9535, 27.5427], [77.0147, 27.5434], [76.9974, 27.5715], [77.0589, 27.5375], [77.0128, 27.5136], [77.0405, 27.4392], [76.9188, 27.5366], [76.8732, 27.5143], [76.9166, 27.4957], [76.8929, 27.4606], [77.2007, 27.3413], [77.0393, 27.2298], [77.0839, 27.1656], [76.9661, 27.185], [76.9196, 27.146], [76.8645, 27.2366], [76.8285, 27.0818], [76.7898, 27.1419], [76.6365, 27.0999], [76.6464, 27.1712], [76.5879, 27.1832], [76.4659, 27.084], [76.4261, 27.1381], [76.3575, 27.061], [76.2866, 27.0686], [76.2706, 27.1882], [76.1967, 27.1237], [76.1543, 27.2237], [76.1215, 27.2013], [76.2262, 27.4172], [76.1951, 27.6267], [76.2424, 27.6349], [76.2385, 27.766], [76.2827, 27.8051], [76.1665, 27.9151], [76.1549, 27.999], [76.2138, 28.0317], [76.1773, 28.0593], [76.3368, 28.0297], [76.3546, 28.0742], [76.2974, 28.101], [76.3556, 28.1285], [76.2889, 28.1827], [76.3768, 28.1381], [76.471, 28.1547], [76.4978, 28.1066], [76.4486, 28.0932], [76.4977, 28.0647], [76.4537, 28.0497], [76.5385, 28.0391], [76.5466, 27.9714], [76.6601, 28.0191], [76.6512, 28.0968], [76.8505, 28.2267], [76.8543, 28.2252]]]}}, {"type": "Feature", "properties": {"name": "Banswara", "state": "Rajasthan"}, "geometry": {"type": "Polygon", "coordinates": [[[74.4914, 23.9119], [74.5311, 23.871], [74.6934, 23.8916], [74.7837, 23.8292], [74.6961, 23.673], [74.7707, 23.5358], [74.6134, 23.4614], [74.5183, 23.3287], [74.5535, 23.2825], [74.7011, 23.2721], [74.695, 23.2231], [74.7457, 23.2121], [74.5123, 23.0888], [74.3912, 23.112], [74.3228, 23.0627], [74.246, 23.1883], [74.1552, 23.1578], [74.1338, 23.2695], [73.9625, 23.3814], [74.0349, 23.5461], [74.1207, 23.6118], [74.1496, 23.7834], [74.486, 23.9225], [74.4914, 23.9119]]]}}, {"type": "Feature", "properties": {"name": "Baran", "state": "Rajasthan"}, "geometry": {"type": "Polygon", "coordinates": [[[76.589, 25.4315], [76.6811, 25.3455], [76.8932, 25.3224], [76.9418, 25.2754], [77.0755, 25.3397], [77.2051, 25.3114], [77.283, 25.4236], [77.3543, 25.424], [77.3497, 25.2718], [77.418, 25.193], [77.3955, 25.112], [77.1696, 25.1137], [76.8543, 25.0103], [76.9489, 24.8729], [76.8016, 24.8198], [76.8473, 24.7504], [76.9563, 24.7643], [77.0335, 24.7029], [77.0503, 24.5265], [76.9602, 24.4602], [76.9129, 24.5436], [76.846, 24.551], [76.8142, 24.5323], [76.8412, 24.4428], [76.6154, 24.4263], [76.5331, 24.5185], [76.5273, 24.6669], [76.475, 24.6689], [76.4391, 24.7876], [76.4924, 24.8299], [76.5609, 24.8121], [76.5717, 24.8625], [76.4173, 24.9817], [76.3103, 24.9644], [76.214, 25.0887], [76.326, 25.3835], [76.583, 25.4357], [76.589, 25.4315]]]}}, {"type": "Feature", "properties": {"name": "Barmer", "state": "Rajasthan"}, "geometry": {"type": "Polygon", "coordinates": [[[71.4679, 26.4919], [71.494, 26.4511], [71.5808, 26.5026], [71.6417, 26.399], [71.8143, 26.3278], [71.8452, 26.3694], [71.8976, 26.296], [72.0616, 26.3491], [72.143, 26.3229], [72.2707, 26.195], [72.4684, 26.2987], [72.5973, 26.278], [72.6994, 26.1199], [72.6955, 26.035], [72.6118, 25.9991], [72.6283, 25.9557], [72.8501, 25.8408], [72.7289, 25.7739], [72.7618, 25.7238], [72.6887, 25.6686], [72.7227, 25.6078], [72.5886, 25.6005], [72.5648, 25.5298], [72.4663, 25.4525], [72.3461, 25.4442], [72.3207, 25.3851], [72.0379, 25.473], [71.9277, 25.3517], [71.9397, 25.281], [71.8551, 25.2035], [71.8009, 25.0495], [71.7431, 25.0653], [71.6891, 24.9818], [71.6351, 25.0302], [71.5374, 24.9693], [71.5153, 25.004], [71.3962, 24.9733], [71.3144, 24.8855], [71.3336, 24.8387], [71.2521, 24.7997], [71.2715, 24.743], [71.1971, 24.6429], [71.0729, 24.712], [70.9455, 24.9345], [70.8943, 25.1441], [70.6742, 25.3893], [70.666, 25.6972], [70.3997, 25.6638], [70.2759, 25.7034], [70.1084, 25.924], [70.0951, 26.0762], [70.1524, 26.1451], [70.2324, 26.1118], [70.2731, 26.1546], [70.3742, 26.1378], [70.4176, 26.1903], [70.7226, 26.2033], [70.7491, 26.136], [70.8832, 26.1201], [70.9673, 26.0144], [70.9489, 26.0746], [71.0568, 26.1351], [70.9594, 26.2413], [71.0823, 26.3179], [71.1438, 26.3017], [71.2258, 26.4396], [71.2928, 26.4599], [71.3313, 26.4133], [71.455, 26.5061], [71.4679, 26.4919]]]}}, {"type": "Feature", "properties": {"name": "Bharatpur", "state": "Rajasthan"}, "geometry": {"type": "Polygon", "coordinates": [[[77.2068, 27.8011], [77.3011, 27.7937], [77.3351, 27.53], [77.4296, 27.462], [77.4319, 27.3992], [77.6163, 27.3383], [77.5917, 27.3006], [77.672, 27.1951], [77.5023, 27.0992], [77.5143, 27.0704], [77.6274, 27.0155], [77.6782, 27.0505], [77.7139, 26.998], [77.755, 27.0228], [77.4225, 26.867], [77.4286, 26.7701], [77.4643, 26.7696], [77.3766, 26.7125], [77.3416, 26.717], [77.3441, 26.8099], [77.1979, 26.7866], [77.0708, 26.8647], [76.9787, 27.029], [76.9637, 27.1845], [77.0897, 27.1691], [77.0393, 27.2298], [77.2014, 27.3544], [77.0057, 27.396], [76.8732, 27.5143], [76.9188, 27.5366], [76.9658, 27.4647], [77.0524, 27.4472], [77.0121, 27.508], [77.0576, 27.5417], [76.9535, 27.5427], [76.9281, 27.6178], [76.9754, 27.6192], [76.9935, 27.7417], [77.0792, 27.7384], [77.0207, 27.7781], [77.0383, 27.82], [77.1265, 27.7765], [77.2057, 27.8055], [77.2068, 27.8011]]]}}, {"type": "Feature", "properties": {"name": "Bhilwara", "state": "Rajasthan"}, "geometry": {"type": "Polygon", "coordinates": [[[74.4044, 25.948], [74.5173, 25.9149], [74.5261, 25.8678], [74.5568, 25.9165], [74.7024, 25.9223], [75.0137, 25.8595], [75.1059, 25.697], [75.1576, 25.7231], [75.2514, 25.6846], [75.3157, 25.7676], [75.4184, 25.7652], [75.4608, 25.7224], [75.4318, 25.6249], [75.3597, 25.4805], [75.2619, 25.4216], [75.4455, 25.2652], [75.4499, 25.1596], [75.4056, 25.108], [75.4501, 25.0296], [75.2006, 25.0345], [75.2028, 25.0931], [75.1232, 25.1262], [74.9724, 25.1082], [74.8895, 25.1455], [74.9015, 25.1852], [74.8021, 25.154], [74.7489, 25.2203], [74.7261, 25.173], [74.7124, 25.2084], [74.5635, 25.1362], [74.511, 25.2057], [74.4578, 25.1699], [74.3969, 25.2074], [74.2164, 25.0506], [74.1646, 25.1296], [74.057, 25.149], [74.1236, 25.2443], [74.0461, 25.2386], [74.0187, 25.3124], [74.0836, 25.3188], [74.0127, 25.3768], [74.0756, 25.4097], [74.0158, 25.4369], [74.0394, 25.496], [74.1021, 25.5159], [74.056, 25.5713], [74.1186, 25.6078], [74.0828, 25.6995], [74.1946, 25.7414], [74.1821, 25.8505], [74.3996, 25.9533], [74.4044, 25.948]]]}}, {"type": "Feature", "properties": {"name": "Bikaner", "state": "Rajasthan"}, "geometry": {"type": "Polygon", "coordinates": [[[73.778, 29.0404], [73.84, 28.9376], [73.9619, 28.9762], [73.9682, 28.9037], [74.0353, 29.0124], [74.1232, 28.8757], [74.0525, 28.7777], [74.129, 28.7961], [74.1876, 28.7122], [74.0756, 28.6696], [74.0728, 28.426], [74.0237, 28.3852], [74.0609, 28.3302], [73.9108, 28.2914], [73.8197, 28.3296], [73.7414, 28.2688], [73.6982, 28.1437], [73.6332, 28.1154], [73.6923, 28.061], [73.6752, 27.9216], [73.7312, 27.9568], [73.7952, 27.9048], [73.8544, 27.5613], [73.777, 27.5093], [73.644, 27.5672], [73.5997, 27.4895], [73.5364, 27.494], [73.5012, 27.3333], [73.3726, 27.2601], [73.351, 27.1862], [73.2472, 27.3251], [73.206, 27.277], [73.1608, 27.2939], [73.1182, 27.407], [72.9855, 27.3823], [72.9375, 27.4459], [72.9001, 27.4134], [72.8578, 27.4412], [72.8319, 27.5814], [72.7642, 27.5207], [72.694, 27.6018], [72.6588, 27.5297], [72.5584, 27.6154], [72.2601, 27.4538], [72.2951, 27.539], [72.2621, 27.5538], [72.3416, 27.688], [72.2253, 27.6529], [72.1078, 27.7004], [72.144, 27.8679], [72.0308, 27.944], [71.9509, 27.9064], [71.8963, 27.9568], [71.9333, 28.1269], [72.1844, 28.358], [72.302, 28.6648], [72.4027, 28.7779], [72.6435, 28.8991], [72.742, 28.7791], [73.0061, 28.7112], [73.1446, 28.7817], [73.2202, 28.8506], [73.2219, 28.9275], [73.3392, 29.004], [73.562, 28.995], [73.6224, 29.0366], [73.7356, 29.0068], [73.7774, 29.0499], [73.778, 29.0404]]]}}, {"type": "Feature", "properties": {"name": "Bundi", "state": "Rajasthan"}, "geometry": {"type": "Polygon", "coordinates": [[[76.0311, 25.8672], [76.1779, 25.7153], [76.2562, 25.6738], [76.2977, 25.6987], [76.2702, 25.5156], [76.1805, 25.4971], [76.148, 25.3403], [76.0701, 25.3539], [75.9779, 25.2352], [75.9456, 25.2799], [75.8757, 25.2293], [75.7904, 25.2622], [75.7237, 25.1279], [75.7566, 25.1045], [75.693, 25.0343], [75.6211, 25.0003], [75.4534, 25.0257], [75.4056, 25.108], [75.4499, 25.1596], [75.4455, 25.2652], [75.2619, 25.4216], [75.3597, 25.4805], [75.42, 25.69], [75.519, 25.7513], [75.6187, 25.6811], [75.6771, 25.7587], [75.7573, 25.7606], [75.769, 25.8268], [75.8179, 25.8012], [75.8895, 25.8732], [75.901, 25.8189], [75.9428, 25.8206], [75.9527, 25.8691], [76.0234, 25.8695], [76.0311, 25.8672]]]}}, {"type": "Feature", "properties": {"name": "Chittaurgarh", "state": "Rajasthan"}, "geometry": {"type": "MultiPolygon", "coordinates": [[[[75.4501, 25.0296], [75.6114, 25.0213], [75.6833, 24.9317], [75.8187, 24.8711], [75.7862, 24.7655], [75.634, 24.6912], [75.2169, 24.7224], [75.1869, 24.7603], [75.2515, 24.8322], [75.2082, 24.91], [75.3057, 24.8133], [75.4171, 24.8639], [75.2615, 24.8897], [75.2663, 24.9619], [75.3139, 24.9004], [75.3225, 25.0134], [75.437, 25.0276], [75.4501, 25.0296]]], [[[74.7837, 25.1784], [74.8349, 25.1492], [74.9015, 25.1852], [74.8895, 25.1455], [74.9724, 25.1082], [75.033, 25.1401], [75.2028, 25.0931], [75.1191, 24.9748], [75.1189, 24.889], [75.0434, 24.8592], [74.8327, 24.9675], [74.8489, 24.7927], [75.0071, 24.7961], [75.0202, 24.7528], [74.8929, 24.6553], [74.7993, 24.7956], [74.7753, 24.6877], [74.8171, 24.6717], [74.7119, 24.5109], [74.8581, 24.4673], [74.7528, 24.2827], [74.8943, 24.2617], [74.8811, 24.2135], [74.993, 24.0297], [74.9057, 23.8739], [74.9397, 23.6304], [74.8029, 23.5341], [74.7049, 23.6357], [74.7837, 23.8292], [74.6934, 23.8916], [74.5506, 23.882], [74.5151, 23.9845], [74.5574, 24.0011], [74.5821, 24.1471], [74.4374, 24.3196], [74.3825, 24.316], [74.3466, 24.3751], [74.3764, 24.4226], [74.3222, 24.4449], [74.3535, 24.5077], [74.2184, 24.4686], [74.2908, 24.5112], [74.2786, 24.5952], [74.2233, 24.6097], [74.2513, 24.6555], [74.2069, 24.632], [74.1569, 24.6791], [74.1731, 24.7183], [74.1071, 24.7832], [74.1072, 24.864], [74.2028, 24.9884], [74.3069, 24.9975], [74.3194, 25.0345], [74.2592, 25.0674], [74.3791, 25.1566], [74.3725, 25.1988], [74.4578, 25.1699], [74.511, 25.2057], [74.5635, 25.1362], [74.7124, 25.2084], [74.7261, 25.173], [74.7489, 25.2203], [74.786, 25.1849], [74.7837, 25.1784]]]]}}, {"type": "Feature", "properties": {"name": "Churu", "state": "Rajasthan"}, "geometry": {"type": "Polygon", "coordinates": [[[75.4417, 28.9786], [75.5557, 28.6146], [75.6655, 28.5333], [75.6058, 28.5058], [75.6073, 28.4099], [75.494, 28.3404], [75.3754, 28.3412], [75.2462, 28.4628], [75.2109, 28.3934], [75.1241, 28.4045], [75.1416, 28.2946], [74.783, 28.1072], [74.7971, 28.0333], [74.7551, 27.9901], [74.8247, 27.9222], [74.7236, 27.8695], [74.8113, 27.8023], [74.7355, 27.7669], [74.743, 27.6919], [74.6229, 27.6506], [74.6054, 27.7082], [74.5431, 27.6641], [74.3387, 27.6811], [74.1919, 27.497], [74.2003, 27.4254], [74.1499, 27.412], [74.026, 27.536], [73.8818, 27.5065], [73.7931, 27.91], [73.7312, 27.9568], [73.6752, 27.9216], [73.6923, 28.061], [73.6332, 28.1154], [73.6982, 28.1437], [73.7414, 28.2688], [73.8197, 28.3296], [73.9108, 28.2914], [74.0609, 28.3302], [74.0237, 28.3852], [74.0728, 28.426], [74.0756, 28.6696], [74.1876, 28.7122], [74.1311, 28.7418], [74.1819, 28.8071], [74.2709, 28.8011], [74.4085, 28.8871], [74.463, 28.8213], [74.7701, 28.8278], [74.775, 28.9154], [74.8542, 28.9469], [74.9282, 28.8961], [75.0317, 28.9386], [75.0196, 28.8527], [75.1617, 28.8472], [75.2401, 28.8865], [75.2389, 28.9344], [75.2863, 28.9206], [75.2905, 28.9884], [75.3477, 28.9715], [75.3487, 28.9134], [75.4147, 29.0016], [75.4429, 28.9831], [75.4417, 28.9786]]]}}, {"type": "Feature", "properties": {"name": "Dausa", "state": "Rajasthan"}, "geometry": {"type": "Polygon", "coordinates": [[[76.897, 27.231], [76.8934, 27.1681], [76.9881, 27.1125], [77.0102, 26.9338], [77.0708, 26.8647], [76.993, 26.8034], [76.8127, 26.9663], [76.7513, 26.8754], [76.6035, 26.7756], [76.5334, 26.7773], [76.41, 26.5867], [76.4755, 26.5036], [76.4006, 26.3817], [76.3252, 26.4561], [76.2447, 26.4456], [76.1566, 26.5092], [76.1858, 26.6189], [76.1526, 26.6972], [76.2124, 26.7224], [76.1867, 26.7614], [76.2676, 26.8717], [76.184, 26.8684], [76.1964, 26.965], [76.2866, 27.0686], [76.3575, 27.061], [76.4261, 27.1381], [76.4659, 27.084], [76.5553, 27.18], [76.6464, 27.1712], [76.6365, 27.0999], [76.7898, 27.1419], [76.8285, 27.0818], [76.836, 27.2124], [76.8989, 27.2355], [76.897, 27.231]]]}}, {"type": "Feature", "properties": {"name": "Dhaulpur", "state": "Rajasthan"}, "geometry": {"type": "Polygon", "coordinates": [[[78.1461, 26.9531], [78.2622, 26.9235], [78.1911, 26.8886], [78.1798, 26.7936], [78.0998, 26.797], [78.0857, 26.6831], [77.8946, 26.6622], [77.813, 26.5548], [77.4277, 26.4069], [77.4324, 26.365], [77.252, 26.4358], [77.2201, 26.5364], [77.3801, 26.6184], [77.3416, 26.717], [77.4804, 26.7539], [77.498, 26.8479], [77.6045, 26.8328], [77.7534, 26.9377], [77.8901, 26.8895], [77.8999, 26.9245], [78.0067, 26.9107], [78.022, 26.8609], [78.1395, 26.9571], [78.1461, 26.9531]]]}}, {"type": "Feature", "properties": {"name": "Dungarpur", "state": "Rajasthan"}, "geometry": {"type": "Polygon", "coordinates": [[[74.146, 24.0214], [74.2283, 23.9116], [74.3036, 23.9628], [74.3852, 23.9083], [74.1496, 23.7834], [74.1207, 23.6118], [74.0349, 23.5461], [73.9278, 23.3379], [73.8321, 23.4468], [73.7647, 23.4586], [73.7261, 23.4127], [73.7042, 23.4558], [73.6328, 23.4524], [73.6607, 23.6229], [73.5773, 23.6554], [73.5135, 23.6168], [73.5085, 23.7033], [73.3628, 23.7978], [73.5784, 23.9628], [73.8443, 23.9351], [73.9201, 23.9849], [74.0869, 23.9715], [74.135, 24.0196], [74.146, 24.0214]]]}}, {"type": "Feature", "properties": {"name": "Ganganagar", "state": "Rajasthan"}, "geometry": {"type": "Polygon", "coordinates": [[[73.8894, 29.9776], [74.279, 29.9551], [74.3156, 29.8326], [74.2552, 29.6632], [74.117, 29.6816], [74.139, 29.6252], [73.9915, 29.6588], [73.9663, 29.6115], [73.9824, 29.5001], [74.2233, 29.1926], [74.136, 29.1898], [74.1773, 29.1343], [74.1044, 29.0965], [74.1212, 28.9519], [74.0623, 28.9366], [74.0328, 29.0126], [73.9682, 28.9037], [73.9619, 28.9762], [73.84, 28.9376], [73.7654, 29.051], [73.7356, 29.0068], [73.6224, 29.0366], [73.562, 28.995], [73.3392, 29.004], [73.2219, 28.9275], [73.2202, 28.8506], [73.1446, 28.7817], [73.0061, 28.7112], [72.742, 28.7791], [72.6435, 28.8991], [72.9438, 29.0299], [73.2713, 29.557], [73.3914, 29.9379], [73.7872, 30.0664], [73.9663, 30.195], [73.8885, 29.9818], [73.8894, 29.9776]]]}}, {"type": "Feature", "properties": {"name": "Hanumangarh", "state": "Rajasthan"}, "geometry": {"type": "Polygon", "coordinates": [[[74.3725, 29.95], [74.5191, 29.9433], [74.5536, 29.8656], [74.4706, 29.802], [74.472, 29.744], [74.6054, 29.7529], [74.5665, 29.5635], [74.6144, 29.5271], [74.5291, 29.4495], [74.5958, 29.3283], [74.8411, 29.4041], [74.9271, 29.3646], [74.9531, 29.2819], [75.0399, 29.2871], [75.0781, 29.2325], [75.18, 29.2686], [75.2235, 29.235], [75.3193, 29.2934], [75.3149, 29.236], [75.3987, 29.255], [75.3807, 29.0703], [75.5165, 28.9754], [75.4636, 28.9376], [75.4147, 29.0016], [75.3487, 28.9134], [75.3477, 28.9715], [75.2905, 28.9884], [75.2863, 28.9206], [75.2389, 28.9344], [75.2401, 28.8865], [75.1617, 28.8472], [75.0196, 28.8527], [75.0317, 28.9386], [74.9282, 28.8961], [74.8542, 28.9469], [74.775, 28.9154], [74.7701, 28.8278], [74.463, 28.8213], [74.4085, 28.8871], [74.2709, 28.8011], [74.0525, 28.7777], [74.1191, 28.8395], [74.1044, 29.0965], [74.1773, 29.1343], [74.136, 29.1898], [74.2233, 29.1926], [73.9824, 29.5001], [73.9663, 29.6115], [73.9915, 29.6588], [74.139, 29.6252], [74.117, 29.6816], [74.2552, 29.6632], [74.3202, 29.8095], [74.279, 29.9551], [74.3559, 29.9503], [74.3725, 29.95]]]}}, {"type": "Feature", "properties": {"name": "Jaipur", "state": "Rajasthan"}, "geometry": {"type": "Polygon", "coordinates": [[[76.1673, 27.8091], [76.2362, 27.8548], [76.2827, 27.8051], [76.2385, 27.766], [76.2424, 27.6349], [76.1951, 27.6267], [76.2262, 27.4172], [76.1215, 27.2013], [76.1543, 27.2237], [76.1967, 27.1237], [76.2706, 27.1882], [76.2866, 27.0686], [76.1964, 26.965], [76.184, 26.8684], [76.2676, 26.8717], [76.1867, 26.7614], [76.2124, 26.7224], [76.1526, 26.6972], [76.1858, 26.6189], [76.1548, 26.5194], [75.9576, 26.4875], [75.793, 26.5542], [75.7392, 26.4512], [75.6124, 26.4435], [75.548, 26.4903], [75.3679, 26.49], [75.2822, 26.5677], [75.1584, 26.4621], [75.1192, 26.5503], [75.0671, 26.5474], [75.0633, 26.6539], [74.9613, 26.6866], [74.9412, 26.7355], [75.004, 26.7478], [74.9383, 26.7487], [74.9123, 26.84], [75.0096, 26.8982], [75.0089, 26.9485], [75.1606, 26.9363], [75.254, 27.0378], [75.2158, 27.0863], [75.3628, 27.0913], [75.3105, 27.1848], [75.3861, 27.2342], [75.3748, 27.2934], [75.4706, 27.2931], [75.5247, 27.3478], [75.5929, 27.3125], [75.7331, 27.4084], [75.8712, 27.3936], [75.8887, 27.4609], [75.9787, 27.4823], [75.9311, 27.5008], [75.9349, 27.6261], [76.0856, 27.8652], [76.1628, 27.8148], [76.1673, 27.8091]]]}}, {"type": "Feature", "properties": {"name": "Jaisalmer", "state": "Rajasthan"}, "geometry": {"type": "Polygon", "coordinates": [[[70.8835, 27.6985], [71.273, 27.8419], [71.6583, 27.8689], [71.8963, 27.9568], [71.9509, 27.9064], [72.0308, 27.944], [72.144, 27.8679], [72.1078, 27.7004], [72.2253, 27.6529], [72.3416, 27.688], [72.2482, 27.4832], [72.1749, 27.4576], [72.1283, 27.5759], [72.0492, 27.6096], [71.8147, 27.4361], [71.7912, 27.2399], [72.0878, 27.1006], [72.0409, 26.9316], [72.1046, 26.8829], [72.0467, 26.785], [72.0904, 26.7155], [72.0413, 26.6714], [72.1002, 26.5966], [72.0291, 26.4948], [72.0841, 26.4393], [72.0777, 26.3507], [71.8976, 26.296], [71.8452, 26.3694], [71.8143, 26.3278], [71.6417, 26.399], [71.5939, 26.4964], [71.494, 26.4511], [71.4511, 26.5078], [71.3313, 26.4133], [71.2928, 26.4599], [71.2258, 26.4396], [71.1438, 26.3017], [71.0823, 26.3179], [70.9594, 26.2413], [71.0568, 26.1351], [70.9489, 26.0746], [70.9673, 26.0144], [70.8832, 26.1201], [70.7491, 26.136], [70.7226, 26.2033], [70.4176, 26.1903], [70.3742, 26.1378], [70.2731, 26.1546], [70.2324, 26.1118], [70.1443, 26.1418], [70.0945, 26.05], [70.1539, 25.8603], [70.0805, 26.0582], [70.1727, 26.2451], [70.1677, 26.5507], [70.0662, 26.5993], [69.8154, 26.5922], [69.5154, 26.7401], [69.4837, 26.8062], [69.5132, 27.0169], [69.5867, 27.178], [70.0163, 27.556], [70.157, 27.834], [70.3662, 28.0082], [70.5626, 28.0198], [70.6721, 27.9143], [70.7577, 27.7172], [70.8714, 27.7002], [70.8835, 27.6985]]]}}, {"type": "Feature", "properties": {"name": "Jalor", "state": "Rajasthan"}, "geometry": {"type": "Polygon", "coordinates": [[[72.8706, 25.7385], [73.0985, 25.468], [73.0086, 25.3529], [72.9387, 25.3598], [73.0001, 25.2885], [72.9811, 25.2472], [72.8303, 25.2864], [72.691, 25.0455], [72.5085, 24.9186], [72.5007, 24.7577], [72.4058, 24.7727], [72.3318, 24.6997], [72.331, 24.6119], [72.1654, 24.6145], [72.0525, 24.7058], [71.9442, 24.6268], [71.8765, 24.6752], [71.8584, 24.6042], [71.799, 24.6705], [71.6616, 24.6333], [71.4883, 24.6739], [71.2977, 24.6076], [71.1971, 24.6429], [71.2715, 24.743], [71.2521, 24.7997], [71.3336, 24.8387], [71.3144, 24.8855], [71.3962, 24.9733], [71.5153, 25.004], [71.5374, 24.9693], [71.6351, 25.0302], [71.6891, 24.9818], [71.7431, 25.0653], [71.8009, 25.0495], [71.8551, 25.2035], [71.9397, 25.281], [71.9277, 25.3517], [72.0379, 25.473], [72.3207, 25.3851], [72.3461, 25.4442], [72.4663, 25.4525], [72.5648, 25.5298], [72.5886, 25.6005], [72.7227, 25.6078], [72.6887, 25.6686], [72.7618, 25.7238], [72.7248, 25.7611], [72.7584, 25.8076], [72.8726, 25.7495], [72.8706, 25.7385]]]}}, {"type": "Feature", "properties": {"name": "Jhalawar", "state": "Rajasthan"}, "geometry": {"type": "Polygon", "coordinates": [[[76.3614, 24.8756], [76.4407, 24.8352], [76.475, 24.6689], [76.5273, 24.6669], [76.5371, 24.5107], [76.632, 24.4186], [76.8507, 24.4374], [76.8402, 24.3387], [76.9439, 24.1989], [76.8999, 24.1311], [76.8011, 24.1203], [76.6742, 24.1934], [76.693, 24.285], [76.588, 24.2496], [76.5797, 24.1807], [76.5314, 24.1635], [76.4699, 24.2314], [76.4144, 24.2074], [76.3269, 24.2536], [76.2156, 24.2168], [76.1855, 24.3315], [76.1213, 24.1964], [76.1347, 24.0953], [75.9602, 24.0254], [75.9809, 23.943], [75.9318, 23.9019], [75.7771, 23.8539], [75.7023, 23.9041], [75.7291, 23.8582], [75.6845, 23.7606], [75.4565, 23.9207], [75.4648, 23.9807], [75.5144, 24.0487], [75.5838, 23.9919], [75.6692, 24.0335], [75.7004, 23.9691], [75.762, 23.998], [75.8358, 24.1114], [75.7435, 24.1396], [75.8269, 24.2464], [75.7283, 24.4075], [75.7911, 24.4752], [75.829, 24.4225], [75.8986, 24.4416], [75.9234, 24.5546], [76.0785, 24.5809], [76.0639, 24.6722], [76.1001, 24.7003], [76.1897, 24.6275], [76.2236, 24.8365], [76.2804, 24.8124], [76.3538, 24.8767], [76.3614, 24.8756]]]}}, {"type": "Feature", "properties": {"name": "Jhunjhunun", "state": "Rajasthan"}, "geometry": {"type": "Polygon", "coordinates": [[[75.6711, 28.5169], [75.7852, 28.4507], [75.7703, 28.4076], [75.9224, 28.3689], [76.0918, 28.1464], [76.0277, 28.1727], [75.9425, 28.1056], [75.9774, 28.0522], [76.0356, 28.074], [75.97, 28.0309], [75.9632, 27.937], [75.7626, 27.8376], [75.6821, 27.6776], [75.6421, 27.7213], [75.5297, 27.7129], [75.3711, 27.6467], [75.3737, 27.6846], [75.2828, 27.7194], [75.2838, 27.8157], [75.2353, 27.8138], [75.1905, 27.9669], [75.0959, 28.0673], [75.1217, 28.1378], [75.0208, 28.2084], [75.1416, 28.2946], [75.1241, 28.4045], [75.2109, 28.3934], [75.227, 28.4584], [75.3754, 28.3412], [75.494, 28.3404], [75.6073, 28.4099], [75.6058, 28.5058], [75.6639, 28.5209], [75.6711, 28.5169]]]}}, {"type": "Feature", "properties": {"name": "Jodhpur", "state": "Rajasthan"}, "geometry": {"type": "Polygon", "coordinates": [[[72.5679, 27.6034], [72.6588, 27.5297], [72.694, 27.6018], [72.7642, 27.5207], [72.8319, 27.5814], [72.8227, 27.4755], [72.8805, 27.475], [72.8563, 27.4429], [72.9001, 27.4134], [72.9375, 27.4459], [72.9816, 27.3829], [73.1429, 27.3891], [73.1299, 27.2342], [73.1901, 27.0557], [73.1126, 26.9528], [73.1896, 26.8814], [73.4965, 26.8871], [73.6288, 26.8399], [73.7196, 26.5399], [73.8712, 26.4318], [73.7893, 26.3205], [73.812, 26.1137], [73.685, 26.0635], [73.6278, 26.1479], [73.5221, 26.1036], [73.5289, 26.0643], [73.3934, 26.1634], [73.3214, 26.0053], [73.1928, 26.0856], [73.187, 26.0329], [73.0503, 26.0132], [72.9592, 25.901], [72.8077, 25.8518], [72.6283, 25.9557], [72.6118, 25.9991], [72.6955, 26.035], [72.6994, 26.1199], [72.5973, 26.278], [72.4684, 26.2987], [72.2707, 26.195], [72.075, 26.3458], [72.0841, 26.4393], [72.0291, 26.4948], [72.1002, 26.5966], [72.0413, 26.6714], [72.0904, 26.7155], [72.0467, 26.785], [72.1046, 26.8829], [72.0409, 26.9316], [72.0878, 27.1006], [71.7912, 27.2399], [71.8147, 27.4361], [72.0492, 27.6096], [72.1283, 27.5759], [72.1749, 27.4576], [72.2951, 27.539], [72.2509, 27.5033], [72.2655, 27.4535], [72.5584, 27.6154], [72.5679, 27.6034]]]}}, {"type": "Feature", "properties": {"name": "Karauli", "state": "Rajasthan"}, "geometry": {"type": "Polygon", "coordinates": [[[76.9822, 26.8177], [77.098, 26.8792], [77.1979, 26.7866], [77.2516, 26.8241], [77.2867, 26.7851], [77.3481, 26.8057], [77.3401, 26.6458], [77.3831, 26.6221], [77.2201, 26.5364], [77.252, 26.4358], [77.3239, 26.4371], [77.3662, 26.3715], [76.8381, 26.0364], [76.7023, 26.1712], [76.5683, 26.2216], [76.6756, 26.3984], [76.9043, 26.5629], [76.9554, 26.5505], [76.924, 26.5814], [76.9653, 26.6087], [76.9388, 26.6574], [76.6918, 26.5137], [76.4463, 26.6448], [76.4721, 26.7109], [76.7513, 26.8754], [76.8127, 26.9663], [76.9682, 26.8395], [76.9822, 26.8177]]]}}, {"type": "Feature", "properties": {"name": "Kota", "state": "Rajasthan"}, "geometry": {"type": "Polygon", "coordinates": [[[76.5127, 25.8429], [76.5668, 25.8397], [76.4778, 25.6951], [76.5783, 25.4067], [76.326, 25.3835], [76.214, 25.0887], [76.3103, 24.9644], [76.4173, 24.9817], [76.5717, 24.8625], [76.569, 24.8214], [76.4391, 24.7876], [76.4407, 24.8352], [76.3614, 24.8756], [76.2804, 24.8124], [76.2541, 24.8513], [76.1897, 24.6275], [76.1001, 24.7003], [76.0639, 24.6722], [76.0785, 24.5809], [75.9205, 24.5438], [75.8281, 24.6133], [75.8388, 24.7299], [75.7862, 24.7655], [75.8187, 24.8711], [75.6211, 25.0003], [75.7399, 25.0763], [75.7328, 25.1698], [75.7904, 25.2622], [75.8757, 25.2293], [75.9456, 25.2799], [75.9779, 25.2352], [76.0701, 25.3539], [76.148, 25.3403], [76.1805, 25.4971], [76.2702, 25.5156], [76.3205, 25.655], [76.1413, 25.7499], [76.1958, 25.8467], [76.2452, 25.7989], [76.3169, 25.8138], [76.3593, 25.7432], [76.5016, 25.8474], [76.5127, 25.8429]]]}}, {"type": "Feature", "properties": {"name": "Nagaur", "state": "Rajasthan"}, "geometry": {"type": "Polygon", "coordinates": [[[74.607, 27.6695], [74.6755, 27.6696], [74.7005, 27.5951], [74.7501, 27.5932], [74.7178, 27.5037], [74.8518, 27.4531], [74.8741, 27.3136], [75.1125, 27.3798], [75.1541, 27.2843], [75.0666, 27.2226], [75.1957, 27.1321], [75.3106, 27.1628], [75.3628, 27.0913], [75.2158, 27.0863], [75.254, 27.0378], [75.1606, 26.9363], [75.0089, 26.9485], [74.9883, 26.8916], [74.9563, 26.9634], [74.8475, 26.978], [74.7749, 26.7931], [74.6938, 26.7739], [74.6616, 26.7141], [74.7197, 26.7047], [74.6703, 26.5968], [74.6152, 26.5686], [74.5897, 26.6317], [74.462, 26.4892], [74.1569, 26.4132], [74.121, 26.4581], [74.0944, 26.4174], [73.8789, 26.4278], [73.7196, 26.5399], [73.6243, 26.8448], [73.4965, 26.8871], [73.2116, 26.868], [73.1168, 26.9413], [73.1901, 27.0557], [73.1299, 27.2342], [73.1608, 27.2939], [73.206, 27.277], [73.2472, 27.3251], [73.351, 27.1862], [73.3726, 27.2601], [73.5012, 27.3333], [73.5265, 27.4849], [73.6042, 27.4926], [73.6387, 27.5649], [73.777, 27.5093], [73.8476, 27.5518], [73.8982, 27.4971], [74.026, 27.536], [74.1499, 27.412], [74.2003, 27.4254], [74.1919, 27.497], [74.3387, 27.6811], [74.6013, 27.6786], [74.607, 27.6695]]]}}, {"type": "Feature", "properties": {"name": "Pali", "state": "Rajasthan"}, "geometry": {"type": "Polygon", "coordinates": [[[74.2411, 26.4596], [74.2881, 26.4511], [74.3021, 26.3847], [74.2512, 26.2884], [74.3021, 26.2542], [74.3871, 26.2815], [74.3669, 26.1925], [74.271, 26.176], [74.3021, 26.1377], [74.2408, 26.0522], [74.1812, 26.0313], [74.1607, 26.0683], [74.1241, 25.9626], [74.1561, 25.9193], [74.1063, 25.8545], [73.9501, 25.8425], [73.9016, 25.6762], [73.7406, 25.3924], [73.6128, 25.2874], [73.5949, 25.1939], [73.3988, 25.0749], [73.3298, 24.9092], [73.1467, 24.7573], [73.1457, 24.8432], [73.003, 24.9269], [73.1425, 25.1015], [73.0473, 25.1621], [73.0524, 25.1041], [73.0039, 25.1008], [72.9501, 25.165], [72.978, 25.223], [72.9412, 25.2297], [73.0012, 25.281], [72.9387, 25.3598], [73.0086, 25.3529], [73.0985, 25.468], [73.0579, 25.56], [72.781, 25.8072], [72.8439, 25.8192], [72.8566, 25.8976], [73.0326, 25.9513], [73.0503, 26.0132], [73.187, 26.0329], [73.1928, 26.0856], [73.3214, 26.0053], [73.3934, 26.1634], [73.5289, 26.0643], [73.5221, 26.1036], [73.6278, 26.1479], [73.685, 26.0635], [73.733, 26.1144], [73.8025, 26.0986], [73.7893, 26.3205], [73.8712, 26.4318], [74.039, 26.4106], [74.121, 26.4581], [74.1569, 26.4132], [74.2355, 26.4633], [74.2411, 26.4596]]]}}, {"type": "Feature", "properties": {"name": "Rajsamand", "state": "Rajasthan"}, "geometry": {"type": "Polygon", "coordinates": [[[74.1255, 25.8637], [74.2141, 25.808], [74.1946, 25.7414], [74.0756, 25.6793], [74.1258, 25.65], [74.056, 25.5713], [74.0923, 25.496], [74.0442, 25.5009], [74.0157, 25.4398], [74.0764, 25.414], [74.0127, 25.3768], [74.0836, 25.3188], [74.0226, 25.3178], [74.0268, 25.274], [74.1236, 25.2443], [74.064, 25.1419], [74.3218, 25.0285], [74.2028, 24.9884], [74.0981, 24.8657], [74.0013, 24.9186], [73.949, 24.855], [73.8442, 24.9133], [73.7841, 24.7875], [73.8192, 24.7605], [73.7495, 24.7383], [73.7589, 24.6683], [73.7083, 24.7452], [73.6553, 24.7086], [73.6553, 24.7851], [73.5106, 24.9801], [73.5319, 25.0106], [73.4752, 25.0212], [73.4941, 25.1179], [73.7406, 25.3924], [73.8642, 25.6524], [73.9868, 25.6706], [74.0119, 25.7055], [73.9794, 25.7181], [74.0922, 25.769], [74.0551, 25.8308], [74.1162, 25.8656], [74.1255, 25.8637]]]}}, {"type": "Feature", "properties": {"name": "Sawai Madhopur", "state": "Rajasthan"}, "geometry": {"type": "Polygon", "coordinates": [[[76.9514, 26.5939], [76.9554, 26.5505], [76.9043, 26.5629], [76.6756, 26.3984], [76.5683, 26.2216], [76.8211, 26.0621], [76.8189, 25.9713], [76.7333, 25.9025], [76.4814, 25.8435], [76.4406, 25.7742], [76.3593, 25.7432], [76.3194, 25.8269], [76.2173, 25.8669], [76.2428, 26.0261], [76.1388, 25.9696], [76.0649, 25.9997], [76.0937, 26.1044], [75.9894, 26.1201], [75.979, 26.215], [76.118, 26.2558], [76.1338, 26.4629], [76.1748, 26.4904], [76.3252, 26.4561], [76.4006, 26.3817], [76.4755, 26.5036], [76.4007, 26.5576], [76.4463, 26.6448], [76.6918, 26.5137], [76.9388, 26.6574], [76.9573, 26.6048], [76.9514, 26.5939]]]}}, {"type": "Feature", "properties": {"name": "Sikar", "state": "Rajasthan"}, "geometry": {"type": "Polygon", "coordinates": [[[75.0053, 28.1976], [75.1217, 28.1378], [75.0959, 28.0673], [75.1905, 27.9669], [75.2353, 27.8138], [75.2838, 27.8157], [75.2828, 27.7194], [75.3737, 27.6846], [75.3711, 27.6467], [75.5297, 27.7129], [75.6421, 27.7213], [75.6821, 27.6776], [75.7626, 27.8376], [75.9236, 27.9331], [75.9774, 27.9093], [75.9631, 27.8647], [76.0898, 27.8348], [75.9349, 27.6261], [75.9311, 27.5008], [75.9787, 27.4823], [75.8887, 27.4609], [75.8712, 27.3936], [75.7331, 27.4084], [75.5929, 27.3125], [75.5247, 27.3478], [75.4706, 27.2931], [75.3748, 27.2934], [75.3861, 27.2342], [75.3169, 27.2119], [75.2956, 27.1327], [75.1669, 27.1471], [75.0666, 27.2226], [75.1541, 27.2843], [75.1125, 27.3798], [74.8741, 27.3136], [74.8518, 27.4531], [74.7178, 27.5037], [74.7556, 27.5831], [74.7005, 27.5951], [74.6755, 27.6696], [74.739, 27.6877], [74.7355, 27.7669], [74.8113, 27.8023], [74.7236, 27.8649], [74.8229, 27.913], [74.7551, 27.9901], [74.7874, 28.1154], [74.8858, 28.1944], [75.0024, 28.1992], [75.0053, 28.1976]]]}}, {"type": "Feature", "properties": {"name": "Sirohi", "state": "Rajasthan"}, "geometry": {"type": "Polygon", "coordinates": [[[72.8387, 25.2806], [72.978, 25.223], [72.9501, 25.165], [73.0039, 25.1008], [73.0524, 25.1041], [73.0473, 25.1621], [73.1425, 25.1015], [73.003, 24.9269], [73.1632, 24.8184], [73.1411, 24.6879], [72.981, 24.451], [72.9915, 24.364], [72.9239, 24.3263], [72.7325, 24.3613], [72.6973, 24.4572], [72.5446, 24.5069], [72.5077, 24.4099], [72.4647, 24.4071], [72.4425, 24.5042], [72.251, 24.5802], [72.3492, 24.6023], [72.3165, 24.6607], [72.378, 24.7595], [72.5007, 24.7577], [72.5085, 24.9186], [72.691, 25.0455], [72.8303, 25.2864], [72.8387, 25.2806]]]}}, {"type": "Feature", "properties": {"name": "Tonk", "state": "Rajasthan"}, "geometry": {"type": "Polygon", "coordinates": [[[75.2875, 26.5654], [75.3679, 26.49], [75.548, 26.4903], [75.6124, 26.4435], [75.7392, 26.4512], [75.793, 26.5542], [75.9576, 26.4875], [76.1457, 26.5301], [76.1748, 26.4904], [76.1338, 26.4629], [76.1389, 26.3027], [76.0984, 26.2437], [75.979, 26.215], [75.9894, 26.1201], [76.0873, 26.1182], [76.1088, 26.0478], [76.0649, 25.9997], [76.1388, 25.9696], [76.2451, 26.0241], [76.2173, 25.8669], [76.3224, 25.8228], [76.2888, 25.7891], [76.1958, 25.8467], [76.1609, 25.764], [76.0111, 25.8862], [75.9428, 25.8206], [75.901, 25.8189], [75.8895, 25.8732], [75.8179, 25.8012], [75.769, 25.8268], [75.7573, 25.7606], [75.6771, 25.7587], [75.6187, 25.6811], [75.519, 25.7513], [75.4608, 25.7224], [75.3999, 25.7783], [75.3157, 25.7676], [75.3513, 25.8337], [75.2601, 25.8567], [75.2428, 25.9129], [75.351, 26.0182], [75.3031, 26.0733], [75.3359, 26.1345], [75.2787, 26.1426], [75.2422, 26.082], [75.1844, 26.1135], [75.1095, 26.2884], [75.1287, 26.4073], [75.2822, 26.5677], [75.2875, 26.5654]]]}}, {"type": "Feature", "properties": {"name": "Udaipur", "state": "Rajasthan"}, "geometry": {"type": "Polygon", "coordinates": [[[73.5013, 25.0963], [73.4752, 25.0212], [73.5319, 25.0106], [73.5106, 24.9801], [73.6553, 24.7851], [73.6553, 24.7086], [73.7083, 24.7452], [73.7589, 24.6683], [73.7495, 24.7383], [73.8192, 24.7605], [73.7841, 24.7875], [73.8442, 24.9133], [73.949, 24.855], [74.0013, 24.9186], [74.0907, 24.8647], [74.147, 24.8883], [74.1072, 24.864], [74.1194, 24.7415], [74.2786, 24.5952], [74.2908, 24.5112], [74.2162, 24.4716], [74.3535, 24.5077], [74.3237, 24.4352], [74.3788, 24.4004], [74.3466, 24.3751], [74.5825, 24.1281], [74.5574, 24.0011], [74.5151, 23.9845], [74.5311, 23.871], [74.4807, 23.9267], [74.3914, 23.9063], [74.3036, 23.9628], [74.2283, 23.9116], [74.146, 24.0214], [74.0869, 23.9715], [73.9201, 23.9849], [73.8443, 23.9351], [73.5784, 23.9628], [73.4681, 23.844], [73.3704, 23.8144], [73.4247, 23.9311], [73.3735, 24.1281], [73.291, 24.0274], [73.2006, 24.0452], [73.2238, 24.0982], [73.0813, 24.1919], [73.2315, 24.3647], [73.1274, 24.3688], [73.085, 24.3945], [73.0989, 24.4915], [73.0096, 24.4909], [73.1432, 24.7528], [73.3323, 24.9128], [73.3558, 25.0244], [73.492, 25.1019], [73.5013, 25.0963]]]}}, {"type": "Feature", "properties": {"name": "East", "state": "Sikkim"}, "geometry": {"type": "Polygon", "coordinates": [[[88.806, 27.4142], [88.9224, 27.3263], [88.7245, 27.1385], [88.6844, 27.1802], [88.499, 27.1851], [88.4421, 27.3009], [88.5182, 27.3971], [88.7925, 27.4164], [88.806, 27.4142]]]}}, {"type": "Feature", "properties": {"name": "North Sikkim", "state": "Sikkim"}, "geometry": {"type": "Polygon", "coordinates": [[[88.6453, 28.0991], [88.8291, 28.0152], [88.8814, 27.8925], [88.8466, 27.6689], [88.7673, 27.5668], [88.806, 27.4142], [88.4384, 27.3936], [88.3504, 27.5214], [88.2763, 27.513], [88.1169, 27.614], [88.204, 27.8424], [88.1136, 27.9176], [88.1347, 27.963], [88.2439, 27.9485], [88.5382, 28.0386], [88.6118, 28.1296], [88.6412, 28.1017], [88.6453, 28.0991]]]}}, {"type": "Feature", "properties": {"name": "South Sikkim", "state": "Sikkim"}, "geometry": {"type": "Polygon", "coordinates": [[[88.481, 27.3784], [88.4367, 27.274], [88.5299, 27.1502], [88.4319, 27.0816], [88.3238, 27.1049], [88.2781, 27.1308], [88.3295, 27.1946], [88.2734, 27.2817], [88.3525, 27.3994], [88.274, 27.4059], [88.263, 27.4982], [88.3504, 27.5214], [88.4735, 27.3811], [88.481, 27.3784]]]}}, {"type": "Feature", "properties": {"name": "West Sikkim", "state": "Sikkim"}, "geometry": {"type": "Polygon", "coordinates": [[[88.274, 27.4059], [88.3532, 27.39], [88.2741, 27.2864], [88.3295, 27.1946], [88.2781, 27.1308], [88.1366, 27.1169], [88.017, 27.2189], [88.0826, 27.4264], [88.0463, 27.4958], [88.1169, 27.614], [88.2763, 27.513], [88.2696, 27.412], [88.274, 27.4059]]]}}, {"type": "Feature", "properties": {"name": "Ariyalur", "state": "Tamil Nadu"}, "geometry": {"type": "Polygon", "coordinates": [[[79.3067, 11.4058], [79.4843, 11.2981], [79.4891, 11.1888], [79.3783, 11.0478], [79.0342, 10.8717], [78.9229, 10.9487], [79.0537, 11.0925], [79.0522, 11.1909], [79.1371, 11.3507], [79.2832, 11.367], [79.2987, 11.4044], [79.3067, 11.4058]]]}}, {"type": "Feature", "properties": {"name": "Chennai", "state": "Tamil Nadu"}, "geometry": {"type": "Polygon", "coordinates": [[[80.2497, 13.1264], [80.306, 13.1004], [80.2624, 12.9545], [80.2098, 12.9518], [80.1731, 13.0607], [80.2459, 13.1276], [80.2497, 13.1264]]]}}, {"type": "Feature", "properties": {"name": "Coimbatore", "state": "Tamil Nadu"}, "geometry": {"type": "Polygon", "coordinates": [[[77.1, 11.3814], [77.155, 11.3047], [77.2195, 11.3397], [77.1904, 11.2881], [77.2723, 11.3308], [77.3199, 11.2456], [77.3528, 11.3064], [77.3929, 11.189], [77.3632, 11.1174], [77.4385, 11.1115], [77.4874, 11.0326], [77.4615, 10.944], [77.2773, 10.8446], [77.2647, 10.7924], [77.309, 10.6806], [77.404, 10.6157], [77.3542, 10.5339], [77.3914, 10.5127], [77.3711, 10.4399], [77.3072, 10.4248], [77.3336, 10.2533], [77.2465, 10.2206], [77.189, 10.3462], [76.9708, 10.2087], [76.8197, 10.2952], [76.805, 10.6263], [76.8726, 10.6294], [76.8975, 10.7708], [76.8176, 10.8618], [76.6492, 10.9242], [76.7065, 11.0314], [76.7934, 11.047], [76.7371, 11.0475], [76.6917, 11.2472], [76.8457, 11.2838], [76.882, 11.3565], [77.0981, 11.3864], [77.1, 11.3814]]]}}, {"type": "Feature", "properties": {"name": "Cuddalore", "state": "Tamil Nadu"}, "geometry": {"type": "Polygon", "coordinates": [[[79.6957, 11.8734], [79.8007, 11.8076], [79.7571, 11.5638], [79.814, 11.4191], [79.6363, 11.2849], [79.6328, 11.235], [79.4433, 11.1347], [79.4976, 11.2118], [79.4851, 11.2966], [79.3792, 11.3406], [79.3544, 11.4053], [79.2292, 11.3559], [78.95, 11.3881], [78.861, 11.4924], [78.9088, 11.5519], [79.0637, 11.5843], [79.0556, 11.6164], [79.1699, 11.5724], [79.2349, 11.6366], [79.4298, 11.6501], [79.451, 11.753], [79.4166, 11.7621], [79.4695, 11.7931], [79.4409, 11.8562], [79.6317, 11.7833], [79.6905, 11.8741], [79.6957, 11.8734]]]}}, {"type": "Feature", "properties": {"name": "Dharmapuri", "state": "Tamil Nadu"}, "geometry": {"type": "Polygon", "coordinates": [[[77.929, 12.8748], [77.9105, 12.8197], [77.9456, 12.8493], [78.0015, 12.7954], [78.0467, 12.8424], [78.1207, 12.77], [78.2206, 12.7526], [78.1898, 12.6813], [78.2644, 12.6918], [78.3975, 12.6136], [78.4243, 12.3822], [78.6006, 12.3397], [78.5922, 12.2549], [78.6307, 12.2705], [78.6595, 12.2123], [78.6201, 12.1178], [78.734, 12.1135], [78.6851, 11.9765], [78.7108, 11.9034], [78.529, 11.7888], [78.393, 11.8613], [78.3161, 11.7608], [78.3474, 11.8926], [78.2977, 11.8654], [78.3147, 11.914], [78.2264, 11.9015], [78.2228, 11.9642], [77.9617, 11.8823], [77.6647, 11.9397], [77.767, 12.1091], [77.7195, 12.1715], [77.4825, 12.1901], [77.4635, 12.244], [77.6063, 12.3603], [77.5903, 12.6575], [77.7314, 12.664], [77.7849, 12.8338], [77.9243, 12.8778], [77.929, 12.8748]]]}}, {"type": "Feature", "properties": {"name": "Dindigul", "state": "Tamil Nadu"}, "geometry": {"type": "Polygon", "coordinates": [[[78.1619, 10.8224], [78.1183, 10.5618], [78.1824, 10.5352], [78.1561, 10.4904], [78.1921, 10.4605], [78.2988, 10.4265], [78.2619, 10.3692], [78.3212, 10.3138], [78.2428, 10.0738], [78.1536, 10.0806], [78.1251, 10.1711], [78.0143, 10.1682], [77.9041, 10.0634], [77.7053, 10.0076], [77.6515, 10.1114], [77.7139, 10.1211], [77.6876, 10.2036], [77.5327, 10.1931], [77.4498, 10.1179], [77.3799, 10.1493], [77.2533, 10.1114], [77.2829, 10.2417], [77.3336, 10.2533], [77.3013, 10.38], [77.3142, 10.4432], [77.3711, 10.4399], [77.3715, 10.5812], [77.468, 10.6394], [77.526, 10.597], [77.6756, 10.7233], [77.7095, 10.6198], [77.7747, 10.674], [77.8164, 10.6211], [77.9647, 10.6269], [78.0016, 10.7069], [77.9251, 10.7548], [78.0832, 10.7534], [78.1583, 10.8227], [78.1619, 10.8224]]]}}, {"type": "Feature", "properties": {"name": "Erode", "state": "Tamil Nadu"}, "geometry": {"type": "Polygon", "coordinates": [[[77.6468, 11.9387], [77.6746, 11.8719], [77.6384, 11.8046], [77.7109, 11.7823], [77.68, 11.6353], [77.7644, 11.6832], [77.6722, 11.4038], [77.8491, 11.2341], [77.8755, 11.0715], [77.9185, 11.0568], [77.8527, 11.011], [77.766, 11.05], [77.7466, 10.8893], [77.8547, 10.8288], [77.8762, 10.7626], [77.7623, 10.7787], [77.8099, 10.7044], [77.7154, 10.6196], [77.6838, 10.7225], [77.519, 10.5953], [77.309, 10.6806], [77.2773, 10.8446], [77.4615, 10.944], [77.4903, 11.0142], [77.4385, 11.1115], [77.3632, 11.1174], [77.3929, 11.189], [77.3528, 11.3064], [77.3199, 11.2456], [77.2723, 11.3308], [77.155, 11.3047], [77.0981, 11.3968], [76.9539, 11.3744], [77.0036, 11.4284], [76.9972, 11.5353], [76.8425, 11.5705], [76.8285, 11.6441], [76.8997, 11.7833], [77.0044, 11.803], [77.1093, 11.7128], [77.1028, 11.7631], [77.2417, 11.8025], [77.4193, 11.7507], [77.4844, 11.9324], [77.6434, 11.9442], [77.6468, 11.9387]]]}}, {"type": "Feature", "properties": {"name": "Kancheepuram", "state": "Tamil Nadu"}, "geometry": {"type": "MultiPolygon", "coordinates": [[[[79.9629, 12.2226], [79.9621, 12.2222], [79.9621, 12.2226], [79.9629, 12.2226]]], [[[79.9641, 12.2234], [79.9639, 12.2233], [79.9635, 12.2229], [79.9641, 12.2234]]], [[[79.9643, 12.2237], [79.9641, 12.2234], [79.964, 12.2238], [79.9643, 12.2237]]], [[[79.9643, 12.2237], [79.9643, 12.2243], [79.9646, 12.2243], [79.9643, 12.2237]]], [[[79.966, 12.2254], [79.9657, 12.2251], [79.9657, 12.2254], [79.966, 12.2254]]], [[[79.966, 12.2254], [79.966, 12.2257], [79.9663, 12.2257], [79.966, 12.2254]]], [[[79.995, 12.2499], [79.9949, 12.2493], [79.9949, 12.2499], [79.995, 12.2499]]], [[[79.9912, 12.2513], [79.9912, 12.251], [79.9915, 12.251], [79.9912, 12.2513]]], [[[80.0797, 13.122], [80.1338, 13.0163], [80.2624, 12.9545], [80.254, 12.779], [80.1854, 12.5776], [80.1649, 12.6037], [80.151, 12.4568], [79.9406, 12.2166], [79.8562, 12.23], [79.7849, 12.3222], [79.6458, 12.3121], [79.7428, 12.5044], [79.712, 12.5741], [79.6201, 12.6177], [79.7316, 12.6801], [79.7021, 12.7133], [79.733, 12.7294], [79.6653, 12.7777], [79.6432, 12.7506], [79.5478, 12.8676], [79.7853, 13.0134], [79.8107, 12.95], [79.8812, 12.933], [79.8832, 12.9813], [79.9299, 12.9895], [79.8899, 13.0374], [79.9774, 13.0178], [80.0004, 13.118], [80.0734, 13.127], [80.0797, 13.122]]]]}}, {"type": "Feature", "properties": {"name": "Kanniyakumari", "state": "Tamil Nadu"}, "geometry": {"type": "MultiPolygon", "coordinates": [[[[77.556, 8.079], [77.556, 8.0788], [77.5563, 8.0788], [77.556, 8.079]]], [[[77.2515, 8.571], [77.4228, 8.4949], [77.4583, 8.3869], [77.5193, 8.3786], [77.5569, 8.2398], [77.5195, 8.1581], [77.5751, 8.1343], [77.566, 8.0921], [77.316, 8.121], [77.0907, 8.2974], [77.1597, 8.3125], [77.1348, 8.3785], [77.2597, 8.5491], [77.2515, 8.571]]]]}}, {"type": "Feature", "properties": {"name": "Karur", "state": "Tamil Nadu"}, "geometry": {"type": "Polygon", "coordinates": [[[78.0354, 11.0661], [78.1844, 10.9478], [78.3673, 10.9528], [78.5335, 10.8634], [78.5714, 10.8168], [78.5302, 10.785], [78.5514, 10.7244], [78.4004, 10.6605], [78.3621, 10.7133], [78.2787, 10.6907], [78.2675, 10.7327], [78.2453, 10.5688], [78.1824, 10.5352], [78.1183, 10.5618], [78.1583, 10.8227], [78.0832, 10.7534], [77.9251, 10.7548], [78.0016, 10.7069], [77.9647, 10.6269], [77.8164, 10.6211], [77.8103, 10.7399], [77.7601, 10.7745], [77.8763, 10.7779], [77.8468, 10.8353], [77.7584, 10.8602], [77.7629, 11.0441], [77.8582, 11.0113], [78.0134, 11.0804], [78.0354, 11.0661]]]}}, {"type": "Feature", "properties": {"name": "Madurai", "state": "Tamil Nadu"}, "geometry": {"type": "Polygon", "coordinates": [[[78.364, 10.2971], [78.407, 10.2562], [78.3868, 10.1248], [78.4544, 10.1027], [78.4118, 10.0399], [78.4405, 9.9556], [78.3601, 9.9506], [78.2958, 9.8532], [78.2361, 9.8606], [78.2423, 9.8223], [78.1865, 9.8631], [78.1095, 9.8427], [78.1618, 9.7616], [78.1291, 9.7951], [78.1227, 9.7494], [78.075, 9.7681], [78.0661, 9.6509], [77.9578, 9.6194], [77.7592, 9.63], [77.746, 9.6733], [77.6142, 9.6965], [77.448, 9.5693], [77.6824, 10.0027], [78.1052, 10.1776], [78.1952, 10.0529], [78.3551, 10.2955], [78.364, 10.2971]]]}}, {"type": "Feature", "properties": {"name": "Nagapattinam", "state": "Tamil Nadu"}, "geometry": {"type": "MultiPolygon", "coordinates": [[[[79.7196, 10.9058], [79.8512, 10.8138], [79.884, 10.306], [79.7585, 10.2738], [79.7613, 10.3132], [79.637, 10.3182], [79.6486, 10.442], [79.7194, 10.5173], [79.6841, 10.6161], [79.7469, 10.6334], [79.7155, 10.6566], [79.7515, 10.6744], [79.7408, 10.7633], [79.7965, 10.793], [79.6419, 10.8227], [79.7208, 10.9107], [79.7196, 10.9058]]], [[[79.839, 11.2365], [79.839, 11.2363], [79.8399, 11.2363], [79.839, 11.2365]]], [[[79.8271, 11.2374], [79.8271, 11.2371], [79.8282, 11.2371], [79.8271, 11.2374]]], [[[79.814, 11.4191], [79.8549, 10.976], [79.4931, 10.9689], [79.5574, 11.1304], [79.5071, 11.1663], [79.8065, 11.4148], [79.814, 11.4191]]]]}}, {"type": "Feature", "properties": {"name": "Namakkal", "state": "Tamil Nadu"}, "geometry": {"type": "Polygon", "coordinates": [[[78.4384, 11.5817], [78.4139, 11.3719], [78.4725, 11.388], [78.4065, 11.1986], [78.3114, 11.086], [78.3449, 11.0337], [78.2153, 11.0818], [78.154, 10.9997], [78.0756, 11.0656], [77.879, 11.0657], [77.8491, 11.2341], [77.6746, 11.4312], [77.7626, 11.4685], [77.8607, 11.3984], [77.9593, 11.4551], [77.9689, 11.5158], [78.2919, 11.574], [78.3179, 11.5188], [78.4248, 11.5821], [78.4384, 11.5817]]]}}, {"type": "Feature", "properties": {"name": "Nilgiris", "state": "Tamil Nadu"}, "geometry": {"type": "Polygon", "coordinates": [[[76.5247, 11.686], [76.5748, 11.6057], [76.9634, 11.5558], [77.005, 11.4374], [76.9422, 11.3535], [76.8467, 11.336], [76.8457, 11.2838], [76.7002, 11.2542], [76.623, 11.1857], [76.4527, 11.1802], [76.5382, 11.3516], [76.4104, 11.4336], [76.2401, 11.4596], [76.2257, 11.5644], [76.3501, 11.5827], [76.5131, 11.6942], [76.5247, 11.686]]]}}, {"type": "Feature", "properties": {"name": "Perambalur", "state": "Tamil Nadu"}, "geometry": {"type": "Polygon", "coordinates": [[[78.861, 11.4924], [78.95, 11.3881], [79.1545, 11.364], [79.1267, 11.275], [79.0054, 11.0476], [78.7933, 11.0669], [78.7467, 11.1089], [78.697, 11.041], [78.638, 11.1546], [78.7364, 11.2719], [78.6181, 11.3194], [78.6744, 11.3638], [78.6371, 11.4074], [78.7018, 11.4413], [78.7838, 11.3707], [78.7966, 11.4914], [78.8581, 11.4949], [78.861, 11.4924]]]}}, {"type": "Feature", "properties": {"name": "Pudukkottai", "state": "Tamil Nadu"}, "geometry": {"type": "Polygon", "coordinates": [[[78.7203, 10.6574], [78.7733, 10.6337], [78.8549, 10.6928], [78.9494, 10.6393], [78.9832, 10.7089], [79.1741, 10.5637], [79.1129, 10.4802], [79.1778, 10.4478], [79.1115, 10.4187], [79.0992, 10.2228], [79.1701, 10.1911], [79.1352, 10.1477], [79.2371, 10.1287], [79.2674, 10.0379], [79.1068, 9.8371], [79.0508, 9.8367], [78.9719, 9.9316], [78.9952, 9.9692], [78.9118, 10.0082], [78.95, 10.1118], [78.8288, 10.1116], [78.7931, 10.1982], [78.6652, 10.1337], [78.6297, 10.2452], [78.5639, 10.2721], [78.4999, 10.1775], [78.4555, 10.1911], [78.4691, 10.2394], [78.4344, 10.2411], [78.4978, 10.2528], [78.5047, 10.4176], [78.5727, 10.461], [78.5295, 10.5163], [78.482, 10.472], [78.4348, 10.5929], [78.6211, 10.6942], [78.647, 10.6411], [78.6729, 10.7189], [78.7207, 10.6629], [78.7203, 10.6574]]]}}, {"type": "Feature", "properties": {"name": "Ramanathapuram", "state": "Tamil Nadu"}, "geometry": {"type": "MultiPolygon", "coordinates": [[[[78.3629, 9.0854], [78.3632, 9.0854], [78.3632, 9.0853], [78.3629, 9.0854]]], [[[78.4918, 9.0932], [78.4918, 9.0929], [78.4921, 9.0929], [78.4918, 9.0932]]], [[[78.5393, 9.106], [78.5393, 9.1057], [78.5396, 9.1057], [78.5393, 9.106]]], [[[78.5804, 9.1124], [78.5804, 9.1121], [78.581, 9.1121], [78.5804, 9.1124]]], [[[78.4879, 9.1349], [78.4879, 9.1343], [78.4876, 9.1343], [78.4879, 9.1349]]], [[[78.6963, 9.1551], [78.6963, 9.1538], [78.6965, 9.1538], [78.6963, 9.1551]]], [[[78.7307, 9.1563], [78.7307, 9.156], [78.731, 9.156], [78.7307, 9.1563]]], [[[78.8282, 9.1713], [78.8282, 9.171], [78.8285, 9.171], [78.8282, 9.1713]]], [[[78.9407, 9.1846], [78.9407, 9.1843], [78.9404, 9.1843], [78.9407, 9.1846]]], [[[78.9677, 9.1893], [78.9677, 9.189], [78.9682, 9.189], [78.9677, 9.1893]]], [[[79.0701, 9.2082], [79.0701, 9.2071], [79.0699, 9.2071], [79.0701, 9.2082]]], [[[79.1421, 9.2149], [79.1421, 9.214], [79.1418, 9.214], [79.1421, 9.2149]]], [[[79.1257, 9.2179], [79.1257, 9.2176], [79.1282, 9.2176], [79.1257, 9.2179]]], [[[79.2324, 9.2446], [79.2324, 9.2443], [79.2326, 9.2443], [79.2324, 9.2446]]], [[[79.184, 9.249], [79.184, 9.2487], [79.1843, 9.2487], [79.184, 9.249]]], [[[79.219, 9.251], [79.219, 9.2507], [79.2193, 9.2507], [79.219, 9.251]]], [[[79.3124, 9.3285], [79.4399, 9.1582], [79.2146, 9.254], [79.3101, 9.3285], [79.3124, 9.3285]]], [[[79.5293, 9.384], [79.5291, 9.384], [79.5293, 9.3842], [79.5293, 9.384]]], [[[79.5301, 9.386], [79.5301, 9.3857], [79.53, 9.3857], [79.5301, 9.386]]], [[[79.5301, 9.386], [79.5301, 9.3861], [79.5301, 9.3864], [79.5301, 9.386]]], [[[79.5299, 9.3888], [79.5301, 9.3888], [79.5301, 9.3883], [79.5299, 9.3888]]], [[[79.5299, 9.3888], [79.5297, 9.389], [79.5297, 9.3891], [79.5299, 9.3888]]], [[[79.5293, 9.3893], [79.5296, 9.3893], [79.5296, 9.3892], [79.5293, 9.3893]]], [[[79.5293, 9.3893], [79.5289, 9.3896], [79.5286, 9.3899], [79.5293, 9.3893]]], [[[79.5286, 9.3899], [79.5284, 9.3901], [79.5287, 9.3901], [79.5286, 9.3899]]], [[[78.3629, 9.0854], [78.2566, 9.1294], [78.2532, 9.1903], [78.2636, 9.2634], [78.3587, 9.2647], [78.3574, 9.3061], [78.2777, 9.3769], [78.2261, 9.3653], [78.2013, 9.4326], [78.337, 9.4484], [78.3084, 9.5063], [78.3655, 9.504], [78.35, 9.5596], [78.4233, 9.6046], [78.6424, 9.5057], [78.6596, 9.5853], [78.801, 9.58], [78.7785, 9.6923], [78.6824, 9.7347], [78.7172, 9.7551], [78.7044, 9.8796], [78.8069, 9.8579], [78.8108, 9.7082], [78.8739, 9.7513], [78.8546, 9.8478], [78.9053, 9.9077], [78.9719, 9.9316], [79.0273, 9.846], [79.0962, 9.8313], [78.9349, 9.6082], [78.8985, 9.4782], [79.0474, 9.3096], [79.1907, 9.2818], [78.8326, 9.2688], [78.6574, 9.1576], [78.4887, 9.1501], [78.3629, 9.086], [78.3629, 9.0854]]]]}}, {"type": "Feature", "properties": {"name": "Salem", "state": "Tamil Nadu"}, "geometry": {"type": "Polygon", "coordinates": [[[78.2228, 11.9642], [78.2264, 11.9015], [78.3147, 11.914], [78.2977, 11.8654], [78.3474, 11.8926], [78.3009, 11.7681], [78.4038, 11.8644], [78.529, 11.7888], [78.6377, 11.8497], [78.6811, 11.8336], [78.6272, 11.748], [78.6333, 11.6437], [78.7901, 11.6726], [78.765, 11.5912], [78.8303, 11.507], [78.7838, 11.3707], [78.6855, 11.4412], [78.6286, 11.3302], [78.5637, 11.3025], [78.4723, 11.397], [78.4139, 11.3719], [78.4384, 11.5817], [78.3179, 11.5188], [78.2919, 11.574], [77.9689, 11.5158], [77.9593, 11.4551], [77.8607, 11.3984], [77.8176, 11.4543], [77.6839, 11.4484], [77.7644, 11.6832], [77.68, 11.6353], [77.7109, 11.7823], [77.6384, 11.8046], [77.6647, 11.9397], [77.9617, 11.8823], [78.2108, 11.9611], [78.2228, 11.9642]]]}}, {"type": "Feature", "properties": {"name": "Sivaganga", "state": "Tamil Nadu"}, "geometry": {"type": "Polygon", "coordinates": [[[78.4747, 10.3763], [78.4978, 10.2528], [78.4337, 10.2328], [78.4691, 10.2394], [78.4716, 10.1769], [78.5639, 10.2721], [78.6297, 10.2452], [78.6652, 10.1337], [78.7931, 10.1982], [78.8288, 10.1116], [78.95, 10.1118], [78.9118, 10.0082], [78.996, 9.9654], [78.8643, 9.868], [78.8817, 9.7701], [78.8108, 9.7082], [78.8069, 9.8579], [78.6965, 9.8773], [78.7172, 9.7551], [78.6824, 9.7347], [78.7785, 9.6923], [78.8043, 9.602], [78.6596, 9.5853], [78.6424, 9.5057], [78.4457, 9.6092], [78.4, 9.5838], [78.2709, 9.7066], [78.2793, 9.7487], [78.15, 9.7367], [78.1259, 9.7945], [78.1593, 9.7592], [78.1757, 9.7953], [78.1149, 9.8015], [78.1095, 9.8427], [78.1865, 9.8631], [78.2423, 9.8223], [78.2361, 9.8606], [78.2958, 9.8532], [78.3601, 9.9506], [78.4405, 9.9556], [78.4118, 10.0399], [78.4544, 10.1027], [78.3868, 10.1248], [78.407, 10.2562], [78.364, 10.2971], [78.4299, 10.3948], [78.4745, 10.382], [78.4747, 10.3763]]]}}, {"type": "Feature", "properties": {"name": "Thanjavur", "state": "Tamil Nadu"}, "geometry": {"type": "MultiPolygon", "coordinates": [[[[79.5151, 10.321], [79.5149, 10.321], [79.5149, 10.3211], [79.5151, 10.321]]], [[[79.5087, 10.3243], [79.5082, 10.3243], [79.5082, 10.3246], [79.5087, 10.3243]]], [[[79.4856, 10.3359], [79.486, 10.3357], [79.4857, 10.3357], [79.4856, 10.3359]]], [[[79.4856, 10.3359], [79.4568, 10.3207], [79.5124, 10.309], [79.3857, 10.3168], [79.2949, 10.2607], [79.2301, 10.1319], [79.1352, 10.1477], [79.1701, 10.1911], [79.0992, 10.2228], [79.1115, 10.4187], [79.1778, 10.4478], [79.1129, 10.4802], [79.1741, 10.5637], [78.9832, 10.7089], [78.9494, 10.6393], [78.8918, 10.6577], [78.8514, 10.8123], [78.7622, 10.8188], [79.1974, 10.9246], [79.5215, 11.1628], [79.5574, 11.1304], [79.4691, 10.853], [79.314, 10.9034], [79.2856, 10.8647], [79.3001, 10.6457], [79.3393, 10.6324], [79.3333, 10.5687], [79.4367, 10.5417], [79.4059, 10.5266], [79.4668, 10.4717], [79.4437, 10.3597], [79.4855, 10.3381], [79.4856, 10.3359]]]]}}, {"type": "Feature", "properties": {"name": "Theni", "state": "Tamil Nadu"}, "geometry": {"type": "Polygon", "coordinates": [[[77.6077, 10.2052], [77.6942, 10.1962], [77.7139, 10.1211], [77.6515, 10.1114], [77.6952, 10.01], [77.4606, 9.5397], [77.3707, 9.5087], [77.3409, 9.5951], [77.255, 9.565], [77.1519, 9.606], [77.234, 9.7885], [77.2044, 9.8943], [77.2614, 9.9637], [77.1881, 10.0957], [77.3799, 10.1493], [77.4498, 10.1179], [77.6011, 10.2011], [77.6077, 10.2052]]]}}, {"type": "Feature", "properties": {"name": "Thiruvallur", "state": "Tamil Nadu"}, "geometry": {"type": "MultiPolygon", "coordinates": [[[[80.3229, 13.4385], [80.3229, 13.4379], [80.3235, 13.4379], [80.3229, 13.4385]]], [[[80.0758, 13.5268], [80.2409, 13.4702], [80.3121, 13.3694], [80.3262, 13.4426], [80.3465, 13.2915], [80.3007, 13.1324], [80.1897, 13.1119], [80.1743, 13.0145], [80.1161, 13.0369], [80.0985, 13.1184], [80.0004, 13.118], [79.9774, 13.0178], [79.8899, 13.0374], [79.9295, 12.9866], [79.8393, 12.9367], [79.7738, 13.0394], [79.7079, 13.0407], [79.723, 13.1516], [79.6424, 13.1957], [79.5825, 13.1097], [79.4699, 13.1257], [79.4407, 13.0799], [79.4062, 13.1363], [79.4044, 13.0707], [79.3347, 13.0484], [79.2735, 13.1078], [79.4455, 13.2168], [79.3746, 13.303], [79.4173, 13.322], [79.5358, 13.3111], [79.5803, 13.2454], [79.6685, 13.2819], [79.6888, 13.2074], [79.7444, 13.1949], [79.7849, 13.2235], [79.7213, 13.2722], [79.9255, 13.3359], [79.9619, 13.4513], [80.036, 13.4845], [79.9897, 13.5268], [80.0728, 13.5339], [80.0758, 13.5268]]]]}}, {"type": "Feature", "properties": {"name": "Thiruvarur", "state": "Tamil Nadu"}, "geometry": {"type": "MultiPolygon", "coordinates": [[[[79.7068, 10.2882], [79.7068, 10.2879], [79.7071, 10.2879], [79.7068, 10.2882]]], [[[79.6979, 10.2901], [79.6979, 10.2899], [79.699, 10.2899], [79.6979, 10.2901]]], [[[79.6957, 10.291], [79.6957, 10.2904], [79.696, 10.2904], [79.6957, 10.291]]], [[[79.6912, 10.2979], [79.6912, 10.2976], [79.6915, 10.2976], [79.6912, 10.2979]]], [[[79.686, 10.2985], [79.686, 10.2982], [79.6862, 10.2982], [79.686, 10.2985]]], [[[79.6226, 10.2999], [79.6226, 10.2996], [79.6246, 10.2996], [79.6226, 10.2999]]], [[[79.6082, 10.3026], [79.6082, 10.3024], [79.6085, 10.3024], [79.6082, 10.3026]]], [[[79.6188, 10.3088], [79.6188, 10.3085], [79.6204, 10.3085], [79.6188, 10.3088]]], [[[79.624, 10.3088], [79.624, 10.3079], [79.6238, 10.3079], [79.624, 10.3088]]], [[[79.6315, 10.3088], [79.6315, 10.3082], [79.6318, 10.3082], [79.6315, 10.3088]]], [[[79.6999, 10.3096], [79.6999, 10.3093], [79.7004, 10.3093], [79.6999, 10.3096]]], [[[79.6774, 10.3099], [79.6774, 10.3096], [79.6779, 10.3096], [79.6774, 10.3099]]], [[[79.6898, 10.3104], [79.6898, 10.3102], [79.6904, 10.3102], [79.6898, 10.3104]]], [[[79.6088, 10.3113], [79.6088, 10.311], [79.6093, 10.311], [79.6088, 10.3113]]], [[[79.696, 10.3213], [79.696, 10.321], [79.6965, 10.321], [79.696, 10.3213]]], [[[79.6321, 10.3332], [79.6321, 10.3329], [79.6324, 10.3329], [79.6321, 10.3332]]], [[[79.6257, 10.3438], [79.6257, 10.3435], [79.6268, 10.3435], [79.6257, 10.3438]]], [[[79.6862, 10.9981], [79.7455, 10.9433], [79.7037, 10.9519], [79.6419, 10.8227], [79.7965, 10.793], [79.7408, 10.7633], [79.7515, 10.6744], [79.7155, 10.6566], [79.7469, 10.6334], [79.6841, 10.6161], [79.7194, 10.5173], [79.6486, 10.442], [79.637, 10.3182], [79.6299, 10.3632], [79.6135, 10.3174], [79.5507, 10.3135], [79.7396, 10.2785], [79.5265, 10.3054], [79.5901, 10.3401], [79.4954, 10.3187], [79.4454, 10.3574], [79.4668, 10.4717], [79.4059, 10.5266], [79.4367, 10.5417], [79.3333, 10.5687], [79.3393, 10.6324], [79.3001, 10.6457], [79.2879, 10.8869], [79.4499, 10.8473], [79.4981, 10.9531], [79.6741, 11.0008], [79.6862, 10.9981]]]]}}, {"type": "Feature", "properties": {"name": "Thoothukudi", "state": "Tamil Nadu"}, "geometry": {"type": "MultiPolygon", "coordinates": [[[[78.1154, 8.6168], [78.1154, 8.616], [78.1157, 8.616], [78.1154, 8.6168]]], [[[78.1212, 8.6174], [78.1212, 8.6168], [78.121, 8.6168], [78.1212, 8.6174]]], [[[78.1201, 8.6379], [78.1201, 8.6376], [78.1204, 8.6376], [78.1201, 8.6379]]], [[[78.1276, 8.6479], [78.1276, 8.6451], [78.1279, 8.6451], [78.1276, 8.6479]]], [[[78.1171, 8.6565], [78.1171, 8.6554], [78.1174, 8.6554], [78.1171, 8.6565]]], [[[78.2085, 8.841], [78.2085, 8.8407], [78.209, 8.8407], [78.2085, 8.841]]], [[[78.2249, 8.8737], [78.2249, 8.8732], [78.2254, 8.8732], [78.2249, 8.8737]]], [[[78.2529, 8.9579], [78.2529, 8.9574], [78.2532, 8.9574], [78.2529, 8.9579]]], [[[78.1515, 9.3566], [78.2648, 9.2746], [78.2566, 9.1294], [78.3676, 9.0779], [78.1849, 8.9201], [78.1571, 8.7724], [78.2301, 8.7488], [78.1707, 8.7451], [78.1049, 8.6515], [78.1304, 8.4971], [78.0671, 8.3707], [77.8835, 8.3113], [77.8222, 8.3535], [77.7633, 8.5718], [77.8339, 8.7911], [77.738, 8.9174], [77.6759, 8.9187], [77.6657, 8.964], [77.713, 8.9736], [77.6697, 8.9979], [77.6872, 9.0619], [77.7274, 9.0662], [77.6554, 9.1156], [77.6895, 9.1762], [77.8239, 9.1565], [77.84, 9.2364], [77.9032, 9.191], [78.0342, 9.2932], [78.0415, 9.3498], [78.1312, 9.3597], [78.1515, 9.3566]]]]}}, {"type": "Feature", "properties": {"name": "Tiruchchirappalli", "state": "Tamil Nadu"}, "geometry": {"type": "Polygon", "coordinates": [[[78.4947, 11.3735], [78.5416, 11.3028], [78.6736, 11.3672], [78.6181, 11.3194], [78.7213, 11.3056], [78.6986, 11.1994], [78.638, 11.1546], [78.697, 11.041], [78.7467, 11.1089], [78.7933, 11.0669], [78.9695, 11.0732], [78.9988, 10.995], [78.9231, 10.9451], [78.9912, 10.8759], [78.7622, 10.8188], [78.8514, 10.8123], [78.8641, 10.7652], [78.8563, 10.6745], [78.7733, 10.6337], [78.7325, 10.628], [78.6789, 10.7195], [78.647, 10.6411], [78.6211, 10.6942], [78.4579, 10.6184], [78.4485, 10.53], [78.4881, 10.4703], [78.5659, 10.5082], [78.568, 10.4278], [78.5082, 10.4236], [78.5003, 10.3581], [78.4299, 10.3948], [78.3175, 10.288], [78.2619, 10.3692], [78.2988, 10.4265], [78.1561, 10.4904], [78.2426, 10.5626], [78.2675, 10.7327], [78.2787, 10.6907], [78.3621, 10.7133], [78.4004, 10.6605], [78.4981, 10.68], [78.5714, 10.8168], [78.3779, 10.9494], [78.1844, 10.9478], [78.1523, 10.9925], [78.1829, 11.0322], [78.1504, 11.032], [78.226, 11.0809], [78.33, 11.0128], [78.3114, 11.086], [78.4957, 11.3806], [78.4947, 11.3735]]]}}, {"type": "Feature", "properties": {"name": "Tirunelveli Kattabo", "state": "Tamil Nadu"}, "geometry": {"type": "MultiPolygon", "coordinates": [[[[77.9632, 8.3288], [77.9635, 8.3289], [77.9635, 8.3287], [77.9632, 8.3288]]], [[[77.9632, 8.3288], [77.7462, 8.1771], [77.57, 8.1329], [77.5195, 8.1581], [77.5569, 8.2398], [77.5193, 8.3786], [77.4727, 8.3715], [77.4228, 8.4949], [77.1985, 8.6411], [77.1553, 8.7376], [77.2456, 8.8451], [77.1322, 9.0119], [77.2518, 9.143], [77.3241, 9.4082], [77.4173, 9.3817], [77.4431, 9.3219], [77.5359, 9.3612], [77.587, 9.2899], [77.8298, 9.2317], [77.8239, 9.1565], [77.6895, 9.1762], [77.6579, 9.1256], [77.7274, 9.0662], [77.6697, 8.9979], [77.7026, 8.9544], [77.6631, 8.9562], [77.8339, 8.7911], [77.7633, 8.5718], [77.8222, 8.3535], [77.8835, 8.3113], [77.9626, 8.3286], [77.9632, 8.3288]]]]}}, {"type": "Feature", "properties": {"name": "Tiruvannamalai", "state": "Tamil Nadu"}, "geometry": {"type": "Polygon", "coordinates": [[[79.4772, 12.8597], [79.733, 12.7294], [79.7021, 12.7133], [79.7316, 12.6801], [79.6201, 12.6177], [79.712, 12.5741], [79.736, 12.4412], [79.6242, 12.3293], [79.6019, 12.3611], [79.4778, 12.3365], [79.3737, 12.4269], [79.2246, 12.4277], [79.2265, 12.3334], [79.1872, 12.3271], [79.2765, 12.3029], [79.1984, 12.1564], [79.2638, 12.0928], [79.1137, 12.0071], [79.0661, 12.0193], [79.0729, 12.0675], [79.0377, 12.0233], [78.947, 12.0543], [78.904, 12.0018], [78.6909, 11.9689], [78.734, 12.1135], [78.6201, 12.1178], [78.6394, 12.2463], [78.8859, 12.6759], [78.9651, 12.6526], [79.0015, 12.6873], [79.0034, 12.6449], [79.0625, 12.7399], [79.1932, 12.7281], [79.2423, 12.8097], [79.333, 12.6805], [79.3837, 12.7128], [79.3426, 12.654], [79.3708, 12.6145], [79.4488, 12.6709], [79.4666, 12.8581], [79.4772, 12.8597]]]}}, {"type": "Feature", "properties": {"name": "Vellore", "state": "Tamil Nadu"}, "geometry": {"type": "Polygon", "coordinates": [[[79.6569, 13.1741], [79.723, 13.1516], [79.6888, 13.0869], [79.7725, 13.009], [79.56, 12.8866], [79.5473, 12.8367], [79.4611, 12.8588], [79.4392, 12.6575], [79.3556, 12.6201], [79.3837, 12.7128], [79.333, 12.6805], [79.2423, 12.8097], [79.1932, 12.7281], [79.0625, 12.7399], [79.0034, 12.6449], [79.0015, 12.6873], [78.9651, 12.6526], [78.8859, 12.6759], [78.6394, 12.2463], [78.5943, 12.2515], [78.6055, 12.3347], [78.5578, 12.3742], [78.4243, 12.3822], [78.3963, 12.608], [78.4596, 12.6174], [78.5105, 12.7018], [78.4844, 12.7348], [78.5477, 12.6856], [78.6467, 12.919], [78.6137, 12.9789], [78.6938, 13.0044], [78.7024, 13.0562], [78.876, 13.0862], [78.8819, 13.0198], [78.9246, 13.0186], [78.9144, 13.0678], [78.9796, 13.0765], [79.1527, 13.0073], [79.2472, 13.1481], [79.3347, 13.0484], [79.4044, 13.0707], [79.4062, 13.1363], [79.4407, 13.0799], [79.4699, 13.1257], [79.5825, 13.1097], [79.6581, 13.1881], [79.6569, 13.1741]]]}}, {"type": "Feature", "properties": {"name": "Villupuram", "state": "Tamil Nadu"}, "geometry": {"type": "MultiPolygon", "coordinates": [[[[79.9463, 12.2191], [79.9463, 12.219], [79.9458, 12.219], [79.9463, 12.2191]]], [[[79.3249, 12.4317], [79.4881, 12.3326], [79.6019, 12.3611], [79.671, 12.3024], [79.7849, 12.3222], [79.8855, 12.2149], [80.0071, 12.2537], [79.8376, 11.9405], [79.7997, 11.9643], [79.7369, 11.9072], [79.7157, 11.9675], [79.7496, 11.9861], [79.6473, 11.9972], [79.7249, 11.8915], [79.6604, 11.8773], [79.6601, 11.7919], [79.4409, 11.8562], [79.4695, 11.7931], [79.4166, 11.7621], [79.451, 11.753], [79.4298, 11.6501], [79.2349, 11.6366], [79.1699, 11.5724], [79.0556, 11.6164], [79.0637, 11.5843], [78.9088, 11.5519], [78.861, 11.4924], [78.765, 11.5912], [78.7901, 11.6726], [78.6333, 11.6437], [78.6272, 11.748], [78.6811, 11.8336], [78.6205, 11.8694], [78.6928, 11.8785], [78.7471, 11.9974], [78.904, 12.0018], [78.947, 12.0543], [79.0377, 12.0233], [79.0729, 12.0675], [79.0661, 12.0193], [79.1137, 12.0071], [79.247, 12.0682], [79.2654, 12.1102], [79.1989, 12.1779], [79.2763, 12.3048], [79.1872, 12.3296], [79.2265, 12.3334], [79.2246, 12.4277], [79.3134, 12.4366], [79.3249, 12.4317]]]]}}, {"type": "Feature", "properties": {"name": "Virudhunagar", "state": "Tamil Nadu"}, "geometry": {"type": "Polygon", "coordinates": [[[78.1102, 9.7582], [78.2793, 9.7487], [78.2775, 9.6984], [78.3971, 9.6057], [78.35, 9.5596], [78.3655, 9.504], [78.3084, 9.5063], [78.337, 9.4484], [78.1969, 9.4214], [78.2261, 9.3653], [78.3185, 9.3539], [78.3587, 9.2647], [78.2064, 9.2844], [78.1515, 9.3566], [78.0415, 9.3498], [78.033, 9.2919], [77.8935, 9.1881], [77.7793, 9.2622], [77.7573, 9.2247], [77.587, 9.2899], [77.5359, 9.3612], [77.4431, 9.3219], [77.4173, 9.3817], [77.3241, 9.4082], [77.3868, 9.5167], [77.5949, 9.6879], [77.9578, 9.6194], [78.0661, 9.6509], [78.046, 9.7297], [78.1046, 9.7641], [78.1102, 9.7582]]]}}, {"type": "Feature", "properties": {"name": "Dhalai", "state": "Tripura"}, "geometry": {"type": "Polygon", "coordinates": [[[91.7911, 24.221], [91.8475, 24.2283], [91.9704, 24.0725], [92.0777, 24.1064], [92.1759, 23.7508], [92.0726, 23.6447], [91.9621, 23.7277], [91.9752, 23.4824], [91.9011, 23.4371], [91.8065, 23.5536], [91.7729, 23.7069], [91.7435, 24.2471], [91.7886, 24.2221], [91.7911, 24.221]]]}}, {"type": "Feature", "properties": {"name": "North Tripura", "state": "Tripura"}, "geometry": {"type": "Polygon", "coordinates": [[[92.1852, 24.5229], [92.2731, 24.3885], [92.2129, 24.2493], [92.2966, 24.2517], [92.3368, 24.1468], [92.322, 23.8698], [92.2747, 23.8491], [92.2241, 23.6573], [92.1334, 23.9305], [92.0936, 23.9376], [92.0777, 24.1064], [91.9704, 24.0725], [91.9021, 24.1367], [91.9204, 24.3358], [91.9954, 24.3213], [91.9741, 24.3886], [92.1192, 24.3838], [92.1815, 24.523], [92.1852, 24.5229]]]}}, {"type": "Feature", "properties": {"name": "South Tripura", "state": "Tripura"}, "geometry": {"type": "Polygon", "coordinates": [[[91.7129, 23.7626], [91.7474, 23.6705], [91.7907, 23.6895], [91.8065, 23.5536], [91.9011, 23.4371], [91.7709, 23.2638], [91.8345, 23.0919], [91.6187, 22.9442], [91.5489, 22.9948], [91.5109, 23.182], [91.419, 23.2802], [91.3888, 23.1795], [91.422, 23.0592], [91.3777, 23.0641], [91.3168, 23.2739], [91.4206, 23.3716], [91.3761, 23.4388], [91.3968, 23.5805], [91.5701, 23.7568], [91.7086, 23.7639], [91.7129, 23.7626]]]}}, {"type": "Feature", "properties": {"name": "West Tripura", "state": "Tripura"}, "geometry": {"type": "Polygon", "coordinates": [[[91.6826, 24.1771], [91.7611, 24.1392], [91.7787, 23.6915], [91.7474, 23.6705], [91.7086, 23.7639], [91.5701, 23.7568], [91.5061, 23.6997], [91.3968, 23.5805], [91.3761, 23.4388], [91.4206, 23.3716], [91.3712, 23.2982], [91.3064, 23.2906], [91.3256, 23.3623], [91.1666, 23.5987], [91.1613, 23.6706], [91.1989, 23.647], [91.2101, 23.6876], [91.1545, 23.7098], [91.1724, 23.7521], [91.2268, 23.7453], [91.2352, 23.9286], [91.2763, 23.9262], [91.3064, 23.9986], [91.3782, 23.9769], [91.3754, 24.1075], [91.5846, 24.0761], [91.6403, 24.1084], [91.6561, 24.225], [91.6823, 24.1821], [91.6826, 24.1771]]]}}, {"type": "Feature", "properties": {"name": "Agra", "state": "Uttar Pradesh"}, "geometry": {"type": "Polygon", "coordinates": [[[77.9004, 27.2608], [77.9309, 27.2429], [77.9528, 27.3], [77.9547, 27.2457], [78.0201, 27.2549], [78.0231, 27.1839], [78.1972, 27.1866], [78.2205, 27.0785], [78.3608, 27.1276], [78.3044, 27.0574], [78.4198, 27.0525], [78.5152, 26.927], [78.5109, 26.9816], [78.5645, 26.969], [78.6363, 26.8851], [78.733, 26.9242], [78.8425, 26.8121], [78.7707, 26.7642], [78.7153, 26.8002], [78.5752, 26.756], [78.3514, 26.8744], [78.2556, 26.8203], [78.1902, 26.8835], [78.2612, 26.9318], [78.1341, 26.957], [78.022, 26.8609], [78.0067, 26.9107], [77.8999, 26.9245], [77.8901, 26.8895], [77.7534, 26.9377], [77.6045, 26.8328], [77.498, 26.8479], [77.4933, 26.767], [77.4483, 26.7467], [77.4225, 26.867], [77.755, 27.0228], [77.7036, 27.0003], [77.6733, 27.0516], [77.6274, 27.0155], [77.4984, 27.0952], [77.6654, 27.1861], [77.6391, 27.2471], [77.9042, 27.2873], [77.9004, 27.2608]]]}}, {"type": "Feature", "properties": {"name": "Aligarh", "state": "Uttar Pradesh"}, "geometry": {"type": "Polygon", "coordinates": [[[77.8383, 28.1463], [77.9295, 28.0825], [78.0401, 28.1354], [78.15, 28.0751], [78.3492, 28.1578], [78.3792, 28.1093], [78.4758, 28.1301], [78.5399, 28.0692], [78.5835, 28.086], [78.6104, 28.0449], [78.485, 27.8635], [78.4995, 27.8063], [78.4411, 27.832], [78.3618, 27.6903], [78.2661, 27.6663], [78.165, 27.7214], [78.1606, 27.7691], [78.0475, 27.7963], [77.9967, 27.7341], [77.9904, 27.6066], [77.8608, 27.5823], [77.7839, 27.6943], [77.8256, 27.7609], [77.7997, 27.8665], [77.6466, 27.9697], [77.5237, 27.9265], [77.5352, 27.9933], [77.47, 28.0837], [77.6487, 28.1177], [77.7079, 28.0853], [77.7518, 28.1572], [77.8427, 28.1507], [77.8383, 28.1463]]]}}, {"type": "Feature", "properties": {"name": "Allahabad", "state": "Uttar Pradesh"}, "geometry": {"type": "Polygon", "coordinates": [[[81.9371, 25.7437], [82.014, 25.7456], [82.0527, 25.6627], [82.1473, 25.6859], [82.1122, 25.6469], [82.1456, 25.6042], [82.3226, 25.5401], [82.2753, 25.4907], [82.3447, 25.4218], [82.1862, 25.2192], [82.2933, 25.1593], [82.2984, 25.0245], [82.1272, 24.9048], [82.076, 24.8354], [82.1, 24.8099], [81.9592, 24.8306], [81.8964, 24.8925], [81.8985, 25.0096], [81.6043, 25.0607], [81.6135, 25.1705], [81.5117, 25.2089], [81.6155, 25.3495], [81.7867, 25.3222], [81.7913, 25.3891], [81.9047, 25.4688], [81.8612, 25.5162], [81.7893, 25.4733], [81.6582, 25.5172], [81.6003, 25.6712], [81.6509, 25.6157], [81.7184, 25.6286], [81.6884, 25.6708], [81.7421, 25.6723], [81.749, 25.7395], [81.9335, 25.7458], [81.9371, 25.7437]]]}}, {"type": "Feature", "properties": {"name": "Ambedkar Nagar", "state": "Uttar Pradesh"}, "geometry": {"type": "Polygon", "coordinates": [[[82.5767, 26.6078], [82.8937, 26.5443], [83.1256, 26.3881], [83.1019, 26.2876], [83.0605, 26.2844], [82.926, 26.3868], [82.9577, 26.4459], [82.9007, 26.4455], [82.8566, 26.1639], [82.7711, 26.1977], [82.7441, 26.2678], [82.4675, 26.2813], [82.3729, 26.3822], [82.2116, 26.4114], [82.3295, 26.5807], [82.4211, 26.5502], [82.4689, 26.6562], [82.5699, 26.6079], [82.5767, 26.6078]]]}}, {"type": "Feature", "properties": {"name": "Auraiya", "state": "Uttar Pradesh"}, "geometry": {"type": "Polygon", "coordinates": [[[79.3826, 26.9359], [79.5513, 26.8664], [79.6432, 26.8989], [79.7488, 26.8006], [79.6675, 26.7485], [79.7141, 26.6711], [79.629, 26.6058], [79.6305, 26.5135], [79.495, 26.3693], [79.4655, 26.4367], [79.333, 26.4069], [79.284, 26.448], [79.0485, 26.4561], [79.3062, 26.6509], [79.3314, 26.9075], [79.3734, 26.9432], [79.3826, 26.9359]]]}}, {"type": "Feature", "properties": {"name": "Azamgarh", "state": "Uttar Pradesh"}, "geometry": {"type": "Polygon", "coordinates": [[[82.9504, 26.4332], [82.926, 26.3868], [83.0605, 26.2844], [83.1755, 26.4008], [83.4092, 26.277], [83.4989, 26.28], [83.4009, 26.1705], [83.3975, 26.0977], [83.2551, 26.1286], [83.1976, 26.0572], [83.1703, 25.8979], [83.3466, 25.8231], [83.2972, 25.7583], [83.187, 25.7801], [83.2334, 25.7086], [83.1399, 25.639], [82.9998, 25.7154], [82.9771, 25.6821], [82.922, 25.7589], [82.8266, 25.7691], [82.7492, 25.84], [82.7647, 25.8975], [82.6596, 26.1441], [82.6711, 26.259], [82.7441, 26.2678], [82.7711, 26.1977], [82.8743, 26.1721], [82.8641, 26.3622], [82.9007, 26.4455], [82.9577, 26.4459], [82.9504, 26.4332]]]}}, {"type": "Feature", "properties": {"name": "Badaun", "state": "Uttar Pradesh"}, "geometry": {"type": "Polygon", "coordinates": [[[78.8855, 28.4865], [79.0657, 28.3597], [79.1186, 28.1952], [79.4132, 28.1771], [79.4882, 28.1138], [79.4761, 27.8486], [79.3647, 27.823], [79.3213, 27.734], [79.3423, 27.6576], [79.2796, 27.6764], [79.1992, 27.713], [79.1172, 27.8514], [78.9108, 27.8571], [78.8792, 27.9229], [78.4996, 28.0938], [78.3013, 28.3142], [78.2836, 28.4208], [78.369, 28.474], [78.4331, 28.4727], [78.5149, 28.3639], [78.6282, 28.3393], [78.8804, 28.4885], [78.8855, 28.4865]]]}}, {"type": "Feature", "properties": {"name": "Baghpat", "state": "Uttar Pradesh"}, "geometry": {"type": "Polygon", "coordinates": [[[77.4781, 29.2023], [77.4397, 29.119], [77.4706, 28.9727], [77.3985, 28.8805], [77.3974, 28.782], [77.1783, 28.88], [77.2212, 28.9041], [77.2142, 29.006], [77.122, 29.1058], [77.1295, 29.2728], [77.2431, 29.2838], [77.4764, 29.2015], [77.4781, 29.2023]]]}}, {"type": "Feature", "properties": {"name": "Bahraich", "state": "Uttar Pradesh"}, "geometry": {"type": "MultiPolygon", "coordinates": [[[[81.7002, 27.9881], [81.7035, 27.9854], [81.704, 27.9865], [81.7002, 27.9881]]], [[[81.323, 28.1687], [81.3198, 28.1334], [81.4457, 28.1621], [81.4802, 28.0825], [81.65, 27.9933], [81.6141, 27.9437], [81.4838, 27.9411], [81.529, 27.8054], [81.5902, 27.7629], [81.553, 27.7389], [81.589, 27.6869], [81.5571, 27.6572], [81.517, 27.7294], [81.4367, 27.674], [81.5499, 27.6306], [81.5475, 27.5823], [81.6834, 27.4982], [81.6812, 27.392], [81.7645, 27.3694], [81.6882, 27.355], [81.7135, 27.3321], [81.6702, 27.3192], [81.6949, 27.2755], [81.6223, 27.1425], [81.4973, 27.0639], [81.4421, 27.1268], [81.4337, 27.314], [81.2931, 27.5426], [81.2957, 27.9127], [81.1559, 28.0502], [81.1753, 28.1218], [81.0246, 28.295], [81.0466, 28.4095], [81.2124, 28.3605], [81.3265, 28.1749], [81.323, 28.1687]]]]}}, {"type": "Feature", "properties": {"name": "Ballia", "state": "Uttar Pradesh"}, "geometry": {"type": "Polygon", "coordinates": [[[83.8422, 26.1922], [83.8991, 26.1254], [84.091, 26.0965], [84.1662, 25.9915], [84.5286, 25.8777], [84.6306, 25.7283], [84.5556, 25.7364], [84.5523, 25.684], [84.5359, 25.7265], [84.4884, 25.6779], [84.3313, 25.7446], [84.2856, 25.6615], [84.1351, 25.7316], [84.0696, 25.6956], [84.0765, 25.6375], [83.921, 25.5617], [83.9421, 25.7585], [83.8044, 25.7751], [83.7215, 25.8511], [83.7888, 25.9889], [83.6686, 26.026], [83.6737, 26.0779], [83.7865, 26.1103], [83.7724, 26.163], [83.8317, 26.1943], [83.8422, 26.1922]]]}}, {"type": "Feature", "properties": {"name": "Balrampur", "state": "Uttar Pradesh"}, "geometry": {"type": "Polygon", "coordinates": [[[82.2547, 27.8099], [82.4507, 27.6786], [82.7099, 27.7217], [82.7579, 27.5866], [82.7105, 27.4706], [82.7502, 27.4137], [82.5681, 27.4305], [82.4831, 27.3639], [82.4887, 27.2447], [82.5595, 27.1908], [82.4395, 27.19], [82.4864, 27.161], [82.3893, 27.0505], [82.2291, 27.1539], [82.2362, 27.2286], [82.2971, 27.2379], [82.0681, 27.4033], [82.0139, 27.5877], [82.198, 27.8475], [82.2534, 27.8105], [82.2547, 27.8099]]]}}, {"type": "Feature", "properties": {"name": "Banda", "state": "Uttar Pradesh"}, "geometry": {"type": "Polygon", "coordinates": [[[80.5401, 25.8486], [80.4567, 25.823], [80.5715, 25.7847], [80.5471, 25.7393], [80.5827, 25.7148], [80.7344, 25.6851], [80.8272, 25.7319], [80.8542, 25.6802], [80.9345, 25.6896], [80.9501, 25.6123], [81.0219, 25.637], [81.0183, 25.508], [80.7506, 25.3283], [80.8028, 25.2624], [80.7431, 25.2554], [80.7896, 25.2204], [80.6853, 25.1583], [80.7053, 25.0614], [80.6014, 25.1044], [80.6324, 25.1233], [80.5946, 25.1552], [80.6068, 25.0722], [80.4761, 25.1023], [80.4942, 25.0453], [80.4407, 25.0821], [80.3658, 25.0578], [80.3822, 25.0097], [80.2785, 25.0216], [80.3513, 25.1449], [80.4237, 25.1741], [80.3991, 25.243], [80.304, 25.2889], [80.2737, 25.425], [80.0961, 25.3516], [80.1312, 25.461], [80.216, 25.4752], [80.2062, 25.5589], [80.3426, 25.7098], [80.2229, 25.8024], [80.3807, 25.9155], [80.5433, 25.8536], [80.5401, 25.8486]]]}}, {"type": "Feature", "properties": {"name": "Bara Banki", "state": "Uttar Pradesh"}, "geometry": {"type": "Polygon", "coordinates": [[[81.2921, 27.3384], [81.3334, 27.2597], [81.3838, 27.3478], [81.4301, 27.3213], [81.4707, 27.075], [81.6304, 27.0186], [81.8478, 26.8394], [81.7968, 26.7886], [81.8317, 26.6971], [81.7511, 26.7108], [81.7434, 26.6243], [81.6641, 26.5862], [81.5527, 26.6666], [81.5326, 26.5255], [81.3737, 26.5916], [81.3065, 26.5438], [81.1565, 26.5974], [81.2068, 26.7872], [81.0842, 26.8428], [81.0859, 26.9196], [80.9628, 27.0608], [81.0461, 27.0905], [80.9171, 27.1951], [81.1074, 27.2798], [81.2012, 27.2432], [81.2163, 27.3262], [81.2868, 27.3422], [81.2921, 27.3384]]]}}, {"type": "Feature", "properties": {"name": "Bareilly", "state": "Uttar Pradesh"}, "geometry": {"type": "Polygon", "coordinates": [[[79.5512, 28.8632], [79.6393, 28.8505], [79.661, 28.7496], [79.5883, 28.622], [79.7359, 28.5135], [79.7461, 28.4564], [79.6607, 28.3974], [79.7026, 28.2738], [79.6303, 28.2128], [79.6193, 28.0904], [79.4869, 28.0265], [79.4882, 28.1138], [79.4132, 28.1771], [79.1186, 28.1952], [79.0657, 28.3597], [78.9893, 28.3909], [78.9892, 28.4376], [79.1294, 28.496], [79.2901, 28.722], [79.3802, 28.7667], [79.3725, 28.8807], [79.5513, 28.8661], [79.5512, 28.8632]]]}}, {"type": "Feature", "properties": {"name": "Basti", "state": "Uttar Pradesh"}, "geometry": {"type": "Polygon", "coordinates": [[[82.702, 27.0213], [82.8113, 26.9371], [82.8951, 26.9936], [82.9202, 26.9251], [82.8601, 26.9442], [82.8187, 26.8454], [82.873, 26.8352], [82.8783, 26.7859], [82.9241, 26.799], [82.9687, 26.714], [82.8792, 26.6139], [82.8968, 26.5411], [82.704, 26.5588], [82.6554, 26.6084], [82.3836, 26.6563], [82.2136, 26.782], [82.2299, 26.9318], [82.3068, 26.9813], [82.4708, 26.9085], [82.5764, 27.0045], [82.6929, 27.0233], [82.702, 27.0213]]]}}, {"type": "Feature", "properties": {"name": "Bijnor", "state": "Uttar Pradesh"}, "geometry": {"type": "Polygon", "coordinates": [[[78.386, 29.7739], [78.4876, 29.7414], [78.5274, 29.6244], [78.6854, 29.5135], [78.9229, 29.4562], [78.7888, 29.3293], [78.7141, 29.3193], [78.7668, 29.2859], [78.6847, 29.2624], [78.6049, 29.0977], [78.3923, 29.0368], [78.149, 29.0598], [78.0946, 29.0893], [78.1254, 29.2661], [77.984, 29.5434], [78.3513, 29.7863], [78.386, 29.7739]]]}}, {"type": "Feature", "properties": {"name": "Bulandshahr", "state": "Uttar Pradesh"}, "geometry": {"type": "Polygon", "coordinates": [[[77.9681, 28.7139], [78.1987, 28.6212], [78.2094, 28.5059], [78.2944, 28.4647], [78.3118, 28.2951], [78.4758, 28.1301], [78.4187, 28.0998], [78.3492, 28.1578], [78.1416, 28.0748], [78.0401, 28.1354], [77.9295, 28.0825], [77.8356, 28.1775], [77.7644, 28.1344], [77.5854, 28.4357], [77.6783, 28.5576], [77.8475, 28.6567], [77.8919, 28.6367], [77.9633, 28.7169], [77.9681, 28.7139]]]}}, {"type": "Feature", "properties": {"name": "Chandauli", "state": "Uttar Pradesh"}, "geometry": {"type": "Polygon", "coordinates": [[[83.213, 25.5289], [83.321, 25.4652], [83.4052, 25.4892], [83.5278, 25.393], [83.5466, 25.3116], [83.3359, 25.1836], [83.3161, 25.0273], [83.3868, 24.7842], [83.3136, 24.7874], [83.3005, 24.7209], [83.1725, 24.7182], [83.0818, 24.7813], [83.121, 24.8273], [83.0769, 24.862], [83.0509, 25.0601], [83.1214, 25.0602], [83.1754, 25.1774], [83.0685, 25.2131], [83.004, 25.2989], [83.1535, 25.3333], [83.1863, 25.4077], [83.1222, 25.4519], [83.2054, 25.5314], [83.213, 25.5289]]]}}, {"type": "Feature", "properties": {"name": "Chitrakoot", "state": "Uttar Pradesh"}, "geometry": {"type": "Polygon", "coordinates": [[[81.0595, 25.5249], [81.1828, 25.4915], [81.1429, 25.4009], [81.2565, 25.3293], [81.3781, 25.3384], [81.3807, 25.2756], [81.4515, 25.2622], [81.5416, 25.2936], [81.5559, 25.2423], [81.5127, 25.2303], [81.538, 25.1928], [81.4718, 25.135], [81.4837, 25.0749], [81.4008, 25.1078], [81.4302, 25.1336], [81.33, 25.1725], [81.3147, 25.1163], [81.2691, 25.1677], [81.2126, 24.9345], [81.1614, 24.9585], [81.1324, 24.8921], [81.0764, 24.9523], [80.8022, 24.9445], [80.9049, 25.1603], [80.878, 25.1956], [80.8363, 25.1927], [80.8277, 25.1103], [80.6996, 25.1371], [80.7759, 25.0617], [80.7144, 25.0678], [80.6804, 25.1347], [80.7896, 25.2204], [80.7396, 25.237], [80.8035, 25.2668], [80.7506, 25.3283], [80.9903, 25.48], [81.0137, 25.5483], [81.0542, 25.5254], [81.0595, 25.5249]]]}}, {"type": "Feature", "properties": {"name": "Deoria", "state": "Uttar Pradesh"}, "geometry": {"type": "Polygon", "coordinates": [[[83.8458, 26.7491], [84.0488, 26.5503], [83.9022, 26.5181], [83.9023, 26.4503], [84.1714, 26.374], [84.1714, 26.2677], [84.0055, 26.2341], [84.0471, 26.0931], [83.8897, 26.1295], [83.7376, 26.2646], [83.6257, 26.2257], [83.6582, 26.3167], [83.6122, 26.3023], [83.5751, 26.4004], [83.5345, 26.3566], [83.4807, 26.3946], [83.4704, 26.4647], [83.5926, 26.5176], [83.6222, 26.6602], [83.6738, 26.703], [83.8414, 26.7508], [83.8458, 26.7491]]]}}, {"type": "Feature", "properties": {"name": "Etah", "state": "Uttar Pradesh"}, "geometry": {"type": "Polygon", "coordinates": [[[78.6403, 28.0449], [78.7176, 27.9671], [78.8792, 27.9229], [78.9108, 27.8571], [79.1501, 27.8284], [79.2005, 27.7158], [79.1256, 27.7086], [79.1225, 27.6396], [79.2645, 27.523], [79.2187, 27.4195], [79.259, 27.3529], [79.2067, 27.3349], [79.0999, 27.4383], [78.9499, 27.4252], [78.8811, 27.4754], [78.8271, 27.3669], [78.7269, 27.3395], [78.6351, 27.4277], [78.652, 27.4962], [78.5977, 27.5157], [78.4579, 27.4314], [78.4699, 27.3478], [78.3912, 27.3768], [78.2794, 27.3163], [78.2878, 27.3882], [78.1722, 27.4329], [78.1976, 27.5144], [78.4961, 27.6288], [78.5186, 27.7296], [78.4658, 27.8144], [78.4995, 27.8063], [78.485, 27.8635], [78.6345, 28.0477], [78.6403, 28.0449]]]}}, {"type": "Feature", "properties": {"name": "Etawah", "state": "Uttar Pradesh"}, "geometry": {"type": "Polygon", "coordinates": [[[79.1836, 27.0063], [79.3409, 26.94], [79.3344, 26.7341], [79.1607, 26.5042], [79.0643, 26.4868], [78.9796, 26.5741], [78.9973, 26.681], [78.9379, 26.6627], [78.9481, 26.6967], [78.7707, 26.7642], [78.8428, 26.8152], [78.7338, 26.9049], [78.845, 26.9794], [78.9232, 26.9903], [78.991, 26.9363], [79.0554, 26.9953], [79.1749, 27.0119], [79.1836, 27.0063]]]}}, {"type": "Feature", "properties": {"name": "Faizabad", "state": "Uttar Pradesh"}, "geometry": {"type": "Polygon", "coordinates": [[[81.8956, 26.8161], [81.9712, 26.7826], [82.1955, 26.8326], [82.2314, 26.7521], [82.3836, 26.6563], [82.4689, 26.6562], [82.4502, 26.5738], [82.3871, 26.5469], [82.3295, 26.5807], [82.2116, 26.4114], [81.8712, 26.538], [81.7246, 26.5476], [81.7011, 26.512], [81.6681, 26.539], [81.7434, 26.6243], [81.7511, 26.7108], [81.8317, 26.6971], [81.8005, 26.8016], [81.8908, 26.8226], [81.8956, 26.8161]]]}}, {"type": "Feature", "properties": {"name": "Farrukhabad", "state": "Uttar Pradesh"}, "geometry": {"type": "Polygon", "coordinates": [[[79.2036, 27.7124], [79.492, 27.5951], [79.6474, 27.6404], [79.6479, 27.5126], [79.7369, 27.4578], [79.6805, 27.3787], [79.7176, 27.2236], [79.5522, 27.1646], [79.5124, 27.2152], [79.3298, 27.2214], [79.2412, 27.3366], [79.2187, 27.4195], [79.2645, 27.523], [79.1142, 27.6884], [79.1992, 27.713], [79.2036, 27.7124]]]}}, {"type": "Feature", "properties": {"name": "Fatehpur", "state": "Uttar Pradesh"}, "geometry": {"type": "Polygon", "coordinates": [[[80.561, 26.2292], [80.8025, 26.0376], [81.0103, 26.068], [81.3279, 25.8143], [81.1925, 25.7235], [81.2626, 25.5114], [81.2135, 25.4452], [81.018, 25.5433], [80.9914, 25.5753], [81.0287, 25.6303], [80.9501, 25.6123], [80.9345, 25.6896], [80.8542, 25.6802], [80.8272, 25.7319], [80.7344, 25.6851], [80.5827, 25.7148], [80.5471, 25.7393], [80.5715, 25.7847], [80.4556, 25.8271], [80.5477, 25.8714], [80.2281, 25.9274], [80.2086, 25.9767], [80.3155, 26.1185], [80.558, 26.2316], [80.561, 26.2292]]]}}, {"type": "Feature", "properties": {"name": "Firozabad", "state": "Uttar Pradesh"}, "geometry": {"type": "Polygon", "coordinates": [[[78.6163, 27.5033], [78.6562, 27.4872], [78.6361, 27.4256], [78.7077, 27.3818], [78.6814, 27.2692], [78.7509, 27.2265], [78.7175, 27.2028], [78.8134, 27.1485], [78.758, 27.1133], [78.7988, 26.9644], [78.7148, 26.9044], [78.6676, 26.9226], [78.6648, 26.8841], [78.5645, 26.969], [78.5109, 26.9816], [78.5209, 26.9232], [78.3554, 27.0851], [78.3044, 27.0574], [78.3608, 27.1276], [78.2205, 27.0785], [78.1972, 27.1866], [78.0267, 27.1828], [78.0161, 27.2595], [77.9525, 27.2495], [77.9754, 27.3312], [78.0653, 27.3421], [78.0732, 27.3978], [78.2716, 27.3993], [78.2913, 27.314], [78.3912, 27.3768], [78.4699, 27.3478], [78.4579, 27.4314], [78.6147, 27.5083], [78.6163, 27.5033]]]}}, {"type": "Feature", "properties": {"name": "Gautam Buddha Nagar", "state": "Uttar Pradesh"}, "geometry": {"type": "Polygon", "coordinates": [[[77.3693, 28.6869], [77.3956, 28.6342], [77.5147, 28.6525], [77.6475, 28.5998], [77.6851, 28.5357], [77.5859, 28.4286], [77.7526, 28.1624], [77.7273, 28.0943], [77.4915, 28.0814], [77.4964, 28.1599], [77.5424, 28.1817], [77.4891, 28.212], [77.5412, 28.2477], [77.4673, 28.2697], [77.4746, 28.4135], [77.2938, 28.5667], [77.3362, 28.6089], [77.3179, 28.6793], [77.3638, 28.6871], [77.3693, 28.6869]]]}}, {"type": "Feature", "properties": {"name": "Ghaziabad", "state": "Uttar Pradesh"}, "geometry": {"type": "Polygon", "coordinates": [[[77.4819, 28.9051], [77.6824, 28.8806], [77.6803, 28.7635], [77.7177, 28.742], [77.8574, 28.8003], [77.862, 28.8694], [78.105, 28.8622], [78.1987, 28.6212], [77.9568, 28.7195], [77.8919, 28.6367], [77.8475, 28.6567], [77.6783, 28.5576], [77.5147, 28.6525], [77.3956, 28.6342], [77.3967, 28.6843], [77.3324, 28.6807], [77.1969, 28.7953], [77.277, 28.8389], [77.3974, 28.782], [77.3985, 28.8805], [77.4363, 28.9305], [77.4633, 28.9093], [77.4819, 28.9051]]]}}, {"type": "Feature", "properties": {"name": "Ghazipur", "state": "Uttar Pradesh"}, "geometry": {"type": "Polygon", "coordinates": [[[83.6776, 25.8756], [83.8044, 25.7751], [83.9421, 25.7585], [83.9368, 25.5833], [83.8102, 25.4659], [83.8384, 25.4369], [83.5642, 25.3081], [83.4052, 25.4892], [83.321, 25.4652], [83.1919, 25.5343], [83.0805, 25.4942], [83.0585, 25.6542], [83.1399, 25.639], [83.2334, 25.7086], [83.187, 25.7801], [83.2972, 25.7583], [83.3166, 25.8156], [83.3704, 25.801], [83.3992, 25.8426], [83.6709, 25.8757], [83.6776, 25.8756]]]}}, {"type": "Feature", "properties": {"name": "Gonda", "state": "Uttar Pradesh"}, "geometry": {"type": "Polygon", "coordinates": [[[81.9626, 27.4472], [82.1083, 27.4103], [82.1447, 27.329], [82.2862, 27.254], [82.2934, 27.2228], [82.2284, 27.2164], [82.2291, 27.1539], [82.3893, 27.0505], [82.4864, 27.161], [82.6066, 27.0084], [82.4708, 26.9085], [82.3068, 26.9813], [82.2299, 26.9318], [82.2434, 26.8157], [82.1319, 26.836], [81.9712, 26.7826], [81.4973, 27.0639], [81.6346, 27.1588], [81.6974, 27.285], [81.6743, 27.3246], [81.8163, 27.2763], [81.8443, 27.3339], [81.909, 27.3223], [81.9607, 27.4473], [81.9626, 27.4472]]]}}, {"type": "Feature", "properties": {"name": "Gorakhpur", "state": "Uttar Pradesh"}, "geometry": {"type": "Polygon", "coordinates": [[[83.2307, 26.9783], [83.3036, 26.9049], [83.3265, 26.9574], [83.4204, 26.962], [83.5376, 26.8928], [83.5187, 26.8574], [83.6107, 26.7563], [83.6218, 26.5844], [83.5926, 26.5176], [83.483, 26.4892], [83.4787, 26.3991], [83.5345, 26.3566], [83.5751, 26.4004], [83.6122, 26.3023], [83.662, 26.2914], [83.6198, 26.2205], [83.5252, 26.2799], [83.4092, 26.277], [83.2218, 26.3963], [83.0777, 26.3938], [83.0827, 26.4829], [83.196, 26.5274], [83.1003, 26.6137], [83.123, 26.6583], [83.076, 26.704], [83.1348, 26.7708], [83.0906, 26.8113], [83.1296, 26.8933], [83.2075, 26.8877], [83.1864, 26.9713], [83.2244, 26.9821], [83.2307, 26.9783]]]}}, {"type": "Feature", "properties": {"name": "Hamirpur", "state": "Uttar Pradesh"}, "geometry": {"type": "Polygon", "coordinates": [[[79.9687, 26.0743], [80.0865, 26.083], [80.0762, 26.0036], [80.2056, 25.9223], [80.3415, 25.9036], [80.2229, 25.8024], [80.3426, 25.7098], [80.2062, 25.5589], [80.216, 25.4752], [80.1312, 25.461], [80.099, 25.4055], [80.0226, 25.4366], [79.9746, 25.5406], [80.0177, 25.5932], [79.9468, 25.6473], [79.8052, 25.5027], [79.706, 25.5713], [79.6344, 25.489], [79.476, 25.4946], [79.3811, 25.5269], [79.4128, 25.5823], [79.3527, 25.6482], [79.398, 25.6577], [79.3562, 25.7795], [79.4521, 25.7936], [79.4936, 25.8632], [79.5457, 25.8276], [79.5676, 25.8661], [79.517, 25.8942], [79.6132, 25.9374], [79.7702, 25.871], [79.8138, 25.9176], [79.8619, 25.8868], [79.8423, 25.9767], [79.9141, 25.9691], [79.9483, 26.0202], [79.9045, 26.0179], [79.9312, 26.163], [79.9608, 26.0759], [79.9687, 26.0743]]]}}, {"type": "Feature", "properties": {"name": "Hardoi", "state": "Uttar Pradesh"}, "geometry": {"type": "Polygon", "coordinates": [[[80.0811, 27.7902], [80.2745, 27.7416], [80.3174, 27.5288], [80.4912, 27.3307], [80.4885, 27.2617], [80.5611, 27.2976], [80.647, 27.2326], [80.7402, 27.2318], [80.8173, 27.1067], [80.6369, 27.084], [80.4364, 26.972], [80.4062, 26.8928], [80.2759, 27.0356], [80.2111, 26.9707], [80.1053, 27.0006], [80.0421, 26.9247], [79.8958, 27.1522], [79.6905, 27.235], [79.7227, 27.2856], [79.6805, 27.3787], [79.7369, 27.4578], [79.6782, 27.6394], [79.7275, 27.725], [79.8511, 27.6557], [79.9036, 27.7265], [80.0791, 27.7891], [80.0811, 27.7902]]]}}, {"type": "Feature", "properties": {"name": "Hathras", "state": "Uttar Pradesh"}, "geometry": {"type": "Polygon", "coordinates": [[[78.4658, 27.8144], [78.5186, 27.7296], [78.491, 27.6226], [78.205, 27.5294], [78.189, 27.4087], [78.0478, 27.3857], [78.079, 27.3587], [77.9754, 27.3312], [77.9715, 27.2838], [77.9203, 27.3233], [77.9177, 27.4749], [77.8697, 27.5327], [77.9203, 27.608], [77.9904, 27.6066], [78.011, 27.7673], [78.1606, 27.7691], [78.2098, 27.692], [78.3219, 27.669], [78.4625, 27.8148], [78.4658, 27.8144]]]}}, {"type": "Feature", "properties": {"name": "Jalaun", "state": "Uttar Pradesh"}, "geometry": {"type": "Polygon", "coordinates": [[[79.2939, 26.4417], [79.333, 26.4069], [79.4676, 26.4356], [79.505, 26.3538], [79.5662, 26.3603], [79.5203, 26.3198], [79.5405, 26.2807], [79.7572, 26.1883], [79.7363, 26.1399], [79.7783, 26.1137], [79.9129, 26.096], [79.9374, 26.0347], [79.905, 26.0168], [79.9483, 26.0202], [79.9141, 25.9691], [79.8423, 25.9767], [79.8619, 25.8868], [79.8138, 25.9176], [79.7702, 25.871], [79.6132, 25.9374], [79.517, 25.8942], [79.5676, 25.8661], [79.5457, 25.8276], [79.4936, 25.8632], [79.4521, 25.7936], [79.312, 25.7747], [79.2878, 25.8208], [79.1258, 25.8188], [79.1002, 25.8962], [79.0327, 25.873], [79.0228, 25.9091], [79.0779, 25.9218], [78.9274, 25.9555], [79.0044, 26.0901], [78.9427, 26.1391], [79.1266, 26.316], [79.0868, 26.4178], [79.291, 26.4448], [79.2939, 26.4417]]]}}, {"type": "Feature", "properties": {"name": "Jaunpur", "state": "Uttar Pradesh"}, "geometry": {"type": "Polygon", "coordinates": [[[82.6176, 26.185], [82.6981, 26.0973], [82.7492, 25.84], [82.8266, 25.7691], [82.922, 25.7589], [82.9771, 25.6821], [82.9998, 25.7154], [83.0694, 25.6842], [83.0821, 25.5761], [82.9494, 25.5271], [82.8581, 25.5828], [82.7258, 25.5484], [82.6851, 25.3973], [82.6181, 25.3954], [82.5979, 25.4533], [82.562, 25.418], [82.4359, 25.52], [82.3466, 25.5154], [82.1122, 25.6469], [82.1804, 25.7148], [82.1743, 25.8326], [82.3871, 25.9141], [82.3385, 25.9594], [82.3619, 25.9851], [82.5147, 26.0044], [82.4358, 26.1363], [82.5607, 26.1346], [82.5752, 26.1915], [82.6142, 26.1851], [82.6176, 26.185]]]}}, {"type": "Feature", "properties": {"name": "Jhansi", "state": "Uttar Pradesh"}, "geometry": {"type": "Polygon", "coordinates": [[[78.9418, 25.9521], [79.0779, 25.9218], [79.0228, 25.9091], [79.0327, 25.873], [79.1002, 25.8962], [79.1289, 25.8177], [79.3926, 25.7983], [79.3555, 25.7772], [79.398, 25.6577], [79.3527, 25.6482], [79.4128, 25.5823], [79.256, 25.2917], [79.3445, 25.2643], [79.3326, 25.2008], [79.2736, 25.2481], [79.3145, 25.1519], [79.1292, 25.1108], [79.0843, 25.1925], [79.0282, 25.1399], [79.0564, 25.2257], [78.9927, 25.2777], [78.9958, 25.1959], [78.9483, 25.2202], [78.8739, 25.1633], [78.8759, 25.2558], [78.97, 25.2852], [78.9558, 25.3478], [78.8765, 25.3445], [78.8418, 25.2292], [78.7833, 25.3032], [78.8747, 25.3877], [78.9785, 25.376], [78.9601, 25.4389], [78.9032, 25.4469], [78.9417, 25.5514], [78.8855, 25.5608], [78.8283, 25.51], [78.8343, 25.4325], [78.7318, 25.5007], [78.7551, 25.4339], [78.8129, 25.4304], [78.7431, 25.4127], [78.7644, 25.3584], [78.6579, 25.388], [78.7014, 25.4289], [78.6527, 25.444], [78.5611, 25.3957], [78.5762, 25.3519], [78.5251, 25.363], [78.5251, 25.3065], [78.4352, 25.3025], [78.5686, 25.2586], [78.4429, 25.1288], [78.2997, 25.3838], [78.4207, 25.4776], [78.4293, 25.5639], [78.6486, 25.5656], [78.8052, 25.6246], [78.7468, 25.7491], [78.8112, 25.8301], [78.8619, 25.7992], [78.8466, 25.8605], [78.9348, 25.9545], [78.9418, 25.9521]]]}}, {"type": "Feature", "properties": {"name": "Jyotiba Phule Nagar", "state": "Uttar Pradesh"}, "geometry": {"type": "Polygon", "coordinates": [[[78.6411, 29.1795], [78.6624, 29.099], [78.6996, 29.1008], [78.6306, 29.0069], [78.6743, 28.9068], [78.5985, 28.8074], [78.3867, 28.7758], [78.4177, 28.4851], [78.2805, 28.409], [78.2944, 28.4647], [78.2094, 28.5059], [78.1823, 28.6762], [78.0507, 28.9024], [78.0734, 29.0739], [78.398, 29.0376], [78.6049, 29.0977], [78.6387, 29.1795], [78.6411, 29.1795]]]}}, {"type": "Feature", "properties": {"name": "Kannauj", "state": "Uttar Pradesh"}, "geometry": {"type": "Polygon", "coordinates": [[[79.4321, 27.2176], [79.5124, 27.2152], [79.5522, 27.1646], [79.6666, 27.1741], [79.6946, 27.2239], [79.8498, 27.1786], [79.9634, 27.0773], [80.0112, 26.9582], [79.9352, 26.9494], [79.9398, 26.851], [79.7702, 26.7751], [79.6432, 26.8989], [79.5513, 26.8664], [79.4294, 26.9468], [79.3106, 26.9475], [79.4245, 27.0726], [79.3806, 27.1217], [79.3852, 27.2016], [79.4289, 27.2191], [79.4321, 27.2176]]]}}, {"type": "Feature", "properties": {"name": "Kanpur Dehat", "state": "Uttar Pradesh"}, "geometry": {"type": "Polygon", "coordinates": [[[79.999, 26.9579], [80.0974, 26.8772], [80.1319, 26.7379], [80.2747, 26.6399], [80.1167, 26.473], [80.1562, 26.2847], [80.3888, 26.2798], [80.4658, 26.1857], [80.2472, 26.0502], [80.2056, 25.9223], [80.0762, 26.0036], [80.0865, 26.083], [79.9508, 26.0813], [79.9527, 26.166], [79.9161, 26.0968], [79.7815, 26.1121], [79.7363, 26.1399], [79.7572, 26.1883], [79.5215, 26.3033], [79.5662, 26.3603], [79.495, 26.3693], [79.6305, 26.5135], [79.629, 26.6058], [79.7141, 26.6711], [79.6675, 26.7485], [79.8375, 26.7803], [79.8509, 26.8325], [79.9562, 26.8653], [79.9352, 26.9494], [79.9969, 26.9616], [79.999, 26.9579]]]}}, {"type": "Feature", "properties": {"name": "Kanpur", "state": "Uttar Pradesh"}, "geometry": {"type": "Polygon", "coordinates": [[[80.2747, 26.6399], [80.3006, 26.5308], [80.5242, 26.3626], [80.558, 26.2316], [80.472, 26.1821], [80.3888, 26.2798], [80.2225, 26.2549], [80.1453, 26.3054], [80.1167, 26.473], [80.2657, 26.638], [80.2747, 26.6399]]]}}, {"type": "Feature", "properties": {"name": "Kaushambi", "state": "Uttar Pradesh"}, "geometry": {"type": "Polygon", "coordinates": [[[81.3309, 25.8074], [81.3954, 25.7665], [81.3645, 25.7013], [81.5495, 25.5741], [81.6155, 25.5963], [81.6645, 25.5132], [81.7893, 25.4733], [81.8612, 25.5162], [81.904, 25.4731], [81.7913, 25.3891], [81.7867, 25.3222], [81.6277, 25.3542], [81.4515, 25.2622], [81.3807, 25.2756], [81.3781, 25.3384], [81.2605, 25.3276], [81.1552, 25.3873], [81.1429, 25.4295], [81.262, 25.5031], [81.1925, 25.7235], [81.3279, 25.8143], [81.3309, 25.8074]]]}}, {"type": "Feature", "properties": {"name": "Kushinagar", "state": "Uttar Pradesh"}, "geometry": {"type": "Polygon", "coordinates": [[[83.872, 27.2875], [83.9788, 27.2004], [83.9394, 27.093], [84.0207, 27.0955], [83.9908, 27.0686], [84.0408, 27.0447], [84.052, 26.8917], [84.1408, 26.8876], [84.1689, 26.8345], [84.2411, 26.8624], [84.234, 26.7395], [84.298, 26.7533], [84.4144, 26.6272], [84.2722, 26.5994], [84.0818, 26.6429], [84.0488, 26.5503], [83.8334, 26.76], [83.6222, 26.6602], [83.6107, 26.7563], [83.5187, 26.8574], [83.5618, 26.9361], [83.7143, 26.9542], [83.7598, 27.0038], [83.7205, 27.0576], [83.8165, 27.1787], [83.7721, 27.1685], [83.8218, 27.214], [83.7858, 27.2482], [83.8688, 27.2985], [83.872, 27.2875]]]}}, {"type": "Feature", "properties": {"name": "Lakhimpur Kheri", "state": "Uttar Pradesh"}, "geometry": {"type": "Polygon", "coordinates": [[[80.597, 28.6536], [81.0727, 28.3917], [81.0285, 28.3849], [81.0246, 28.295], [81.1753, 28.1218], [81.1559, 28.0502], [81.2907, 27.9242], [81.2927, 27.6865], [81.2419, 27.6826], [81.2352, 27.7343], [81.174, 27.7414], [81.219, 27.7656], [81.1342, 27.8125], [80.9773, 27.834], [80.9675, 27.9113], [80.818, 27.7964], [80.6304, 27.8447], [80.5956, 27.7555], [80.5091, 27.814], [80.3017, 27.6844], [80.223, 27.7759], [80.0525, 27.7761], [80.0148, 27.9247], [80.237, 28.0623], [80.24, 28.1564], [80.2908, 28.1579], [80.2958, 28.2644], [80.3598, 28.3485], [80.2896, 28.4593], [80.4219, 28.5085], [80.2933, 28.6471], [80.3237, 28.6892], [80.5193, 28.5517], [80.5078, 28.6709], [80.5992, 28.6558], [80.597, 28.6536]]]}}, {"type": "Feature", "properties": {"name": "Lalitpur", "state": "Uttar Pradesh"}, "geometry": {"type": "Polygon", "coordinates": [[[78.5982, 25.1271], [78.6419, 25.0615], [78.622, 24.9649], [78.7805, 24.815], [78.7495, 24.605], [78.8731, 24.6469], [78.9664, 24.4969], [78.9086, 24.4668], [78.9844, 24.4414], [78.8737, 24.2189], [78.7885, 24.1814], [78.7603, 24.2585], [78.6691, 24.245], [78.5054, 24.3939], [78.407, 24.277], [78.3445, 24.3033], [78.3609, 24.3858], [78.2165, 24.5316], [78.2589, 24.5582], [78.2685, 24.6671], [78.1638, 24.8571], [78.3275, 24.9996], [78.3327, 25.0932], [78.5626, 25.226], [78.596, 25.1486], [78.5982, 25.1271]]]}}, {"type": "Feature", "properties": {"name": "Lucknow", "state": "Uttar Pradesh"}, "geometry": {"type": "Polygon", "coordinates": [[[80.9328, 27.1564], [81.0461, 27.0905], [80.9628, 27.0608], [81.0859, 26.9196], [81.0842, 26.8428], [81.2068, 26.7872], [81.1743, 26.6235], [81.038, 26.5064], [80.8333, 26.6681], [80.7199, 26.661], [80.6819, 26.7613], [80.7461, 26.779], [80.5996, 26.9494], [80.5512, 26.9417], [80.5903, 26.9893], [80.5507, 27.0162], [80.6369, 27.084], [80.6912, 27.0655], [80.9251, 27.162], [80.9328, 27.1564]]]}}, {"type": "Feature", "properties": {"name": "Maharajganj", "state": "Uttar Pradesh"}, "geometry": {"type": "Polygon", "coordinates": [[[83.6167, 27.4694], [83.9257, 27.3042], [83.7858, 27.2482], [83.8218, 27.214], [83.7721, 27.1685], [83.8165, 27.1787], [83.7205, 27.0576], [83.7598, 27.0038], [83.7188, 26.9564], [83.6132, 26.9582], [83.5376, 26.8928], [83.4204, 26.962], [83.3265, 26.9574], [83.3036, 26.9049], [83.206, 27.0208], [83.1344, 27.0085], [83.1136, 27.1625], [83.1592, 27.1488], [83.1573, 27.2214], [83.2601, 27.3295], [83.3758, 27.3571], [83.3909, 27.4795], [83.6096, 27.4697], [83.6167, 27.4694]]]}}, {"type": "Feature", "properties": {"name": "Mahoba", "state": "Uttar Pradesh"}, "geometry": {"type": "Polygon", "coordinates": [[[79.9993, 25.5993], [79.9746, 25.5406], [80.0274, 25.4964], [80.0193, 25.4409], [80.142, 25.4022], [80.0207, 25.3432], [79.9967, 25.2687], [79.8471, 25.2402], [79.8559, 25.0985], [79.7456, 25.1439], [79.5979, 25.1314], [79.5655, 25.1776], [79.4899, 25.0828], [79.4684, 25.1345], [79.3908, 25.1179], [79.4081, 25.2075], [79.4904, 25.2703], [79.3674, 25.2943], [79.3583, 25.2635], [79.3446, 25.3344], [79.2694, 25.342], [79.3811, 25.5269], [79.6344, 25.489], [79.706, 25.5713], [79.8012, 25.502], [79.9447, 25.6468], [79.9919, 25.6109], [79.9993, 25.5993]]]}}, {"type": "Feature", "properties": {"name": "Mainpuri", "state": "Uttar Pradesh"}, "geometry": {"type": "Polygon", "coordinates": [[[78.9141, 27.4564], [79.0999, 27.4383], [79.311, 27.2926], [79.4245, 27.0726], [79.3471, 26.9645], [79.1749, 27.0119], [79.0554, 26.9953], [78.991, 26.9363], [78.9232, 26.9903], [78.7988, 26.9644], [78.758, 27.1133], [78.8096, 27.1595], [78.6801, 27.2746], [78.7116, 27.3496], [78.8163, 27.3596], [78.8972, 27.4704], [78.9141, 27.4564]]]}}, {"type": "Feature", "properties": {"name": "Mathura", "state": "Uttar Pradesh"}, "geometry": {"type": "MultiPolygon", "coordinates": [[[[77.9605, 27.2728], [77.9543, 27.2698], [77.9547, 27.2852], [77.9605, 27.2728]]], [[[77.6693, 27.9474], [77.7997, 27.8665], [77.8256, 27.7609], [77.785, 27.69], [77.8995, 27.5696], [77.8697, 27.5327], [77.9511, 27.2995], [77.919, 27.2391], [77.8742, 27.3013], [77.8716, 27.258], [77.8392, 27.296], [77.7751, 27.2396], [77.6128, 27.2603], [77.6141, 27.3434], [77.4319, 27.3992], [77.4296, 27.462], [77.3351, 27.53], [77.3365, 27.6962], [77.2758, 27.8065], [77.4585, 27.8853], [77.4847, 27.9439], [77.664, 27.9504], [77.6693, 27.9474]]]]}}, {"type": "Feature", "properties": {"name": "Mau", "state": "Uttar Pradesh"}, "geometry": {"type": "Polygon", "coordinates": [[[83.5628, 26.2548], [83.6198, 26.2205], [83.7376, 26.2646], [83.8022, 26.1932], [83.7865, 26.1103], [83.6737, 26.0779], [83.6805, 26.012], [83.7888, 25.9889], [83.737, 25.8694], [83.6396, 25.8967], [83.3668, 25.8003], [83.1907, 25.8757], [83.2329, 26.1163], [83.3696, 26.0811], [83.4621, 26.2611], [83.5559, 26.2591], [83.5628, 26.2548]]]}}, {"type": "Feature", "properties": {"name": "Meerut", "state": "Uttar Pradesh"}, "geometry": {"type": "Polygon", "coordinates": [[[78.061, 29.2679], [78.1255, 29.2592], [78.0476, 28.9429], [78.105, 28.8622], [77.862, 28.8694], [77.8574, 28.8003], [77.7219, 28.7421], [77.6803, 28.7635], [77.6824, 28.8806], [77.4512, 28.9111], [77.4397, 29.119], [77.4781, 29.2023], [77.5796, 29.2669], [77.7708, 29.186], [78.0575, 29.267], [78.061, 29.2679]]]}}, {"type": "Feature", "properties": {"name": "Mirzapur", "state": "Uttar Pradesh"}, "geometry": {"type": "Polygon", "coordinates": [[[82.2782, 25.2776], [82.3325, 25.2126], [82.3821, 25.2641], [82.628, 25.221], [82.6362, 25.2606], [82.7698, 25.2741], [82.7733, 25.2322], [82.8131, 25.2578], [82.7954, 25.1748], [83.0235, 25.2442], [83.1754, 25.1774], [83.1214, 25.0602], [83.0509, 25.0601], [83.118, 24.8231], [83.0088, 24.8166], [83.0024, 24.9074], [82.9468, 24.8396], [82.8003, 24.8538], [82.651, 24.7868], [82.5746, 24.8326], [82.5418, 24.6968], [82.4202, 24.7053], [82.3856, 24.5974], [82.2939, 24.6137], [82.2785, 24.6809], [82.2299, 24.6696], [82.2437, 24.7758], [82.1729, 24.7396], [82.196, 24.8245], [82.1122, 24.7923], [82.076, 24.8354], [82.2984, 25.0245], [82.3182, 25.0883], [82.2324, 25.2239], [82.2764, 25.2778], [82.2782, 25.2776]]]}}, {"type": "Feature", "properties": {"name": "Moradabad", "state": "Uttar Pradesh"}, "geometry": {"type": "Polygon", "coordinates": [[[78.75, 29.2848], [78.8526, 29.2613], [78.9004, 29.1506], [78.9644, 29.1519], [78.8725, 28.9667], [78.9644, 28.7693], [78.8682, 28.6965], [78.8374, 28.7327], [78.8274, 28.6867], [78.9297, 28.519], [78.6697, 28.3521], [78.5149, 28.3639], [78.405, 28.4673], [78.3867, 28.7758], [78.5985, 28.8074], [78.6571, 28.8788], [78.6796, 28.9528], [78.6306, 29.0069], [78.6996, 29.1008], [78.6563, 29.1077], [78.6492, 29.1905], [78.7419, 29.2886], [78.75, 29.2848]]]}}, {"type": "Feature", "properties": {"name": "Muzaffarnagar", "state": "Uttar Pradesh"}, "geometry": {"type": "Polygon", "coordinates": [[[77.9408, 29.7146], [77.9845, 29.4875], [78.1255, 29.2592], [77.7708, 29.186], [77.5796, 29.2669], [77.5, 29.1947], [77.1423, 29.3015], [77.1394, 29.4421], [77.0849, 29.5336], [77.1255, 29.6969], [77.33, 29.6502], [77.4415, 29.6762], [77.6499, 29.5664], [77.6849, 29.6198], [77.939, 29.7148], [77.9408, 29.7146]]]}}, {"type": "Feature", "properties": {"name": "Pilibhit", "state": "Uttar Pradesh"}, "geometry": {"type": "Polygon", "coordinates": [[[79.75, 28.8934], [79.8086, 28.8628], [79.7834, 28.8054], [79.854, 28.8443], [79.8405, 28.8087], [79.9013, 28.8021], [79.9529, 28.7175], [80.0136, 28.7374], [80.0584, 28.8353], [80.2523, 28.7578], [80.3224, 28.6949], [80.292, 28.6225], [80.3692, 28.598], [80.407, 28.4866], [80.2306, 28.4587], [80.1771, 28.3508], [80.1177, 28.3936], [80.0612, 28.3382], [80.0032, 28.3683], [79.9433, 28.3356], [79.9446, 28.1229], [79.8519, 28.1441], [79.8765, 28.184], [79.8205, 28.2454], [79.7916, 28.1746], [79.7135, 28.1856], [79.6607, 28.3974], [79.7461, 28.4564], [79.7372, 28.5107], [79.5869, 28.641], [79.661, 28.7496], [79.6308, 28.8589], [79.7487, 28.8915], [79.75, 28.8934]]]}}, {"type": "Feature", "properties": {"name": "Pratapgarh", "state": "Uttar Pradesh"}, "geometry": {"type": "Polygon", "coordinates": [[[81.6461, 26.1451], [81.7778, 26.0303], [81.8759, 26.0843], [82.1003, 26.0794], [82.1943, 26.0188], [82.2387, 26.0606], [82.4232, 26.0124], [82.3388, 25.9633], [82.3856, 25.913], [82.1696, 25.8283], [82.1804, 25.7148], [82.1018, 25.6575], [82.0035, 25.7004], [82.0045, 25.7492], [81.8811, 25.7146], [81.7844, 25.7526], [81.7421, 25.6723], [81.6884, 25.6708], [81.7184, 25.6286], [81.6509, 25.6157], [81.6003, 25.6712], [81.6056, 25.5965], [81.5607, 25.5717], [81.3645, 25.7013], [81.3954, 25.7665], [81.3183, 25.861], [81.4972, 25.9772], [81.5868, 25.9703], [81.5096, 26.0386], [81.56, 26.0773], [81.532, 26.1231], [81.6102, 26.1826], [81.6446, 26.1498], [81.6461, 26.1451]]]}}, {"type": "Feature", "properties": {"name": "Rae Bareli", "state": "Uttar Pradesh"}, "geometry": {"type": "Polygon", "coordinates": [[[81.1936, 26.6026], [81.3065, 26.5438], [81.3737, 26.5916], [81.4524, 26.5754], [81.5501, 26.5039], [81.5461, 26.313], [81.6102, 26.1826], [81.5343, 26.1265], [81.56, 26.0773], [81.5096, 26.0386], [81.5868, 25.9703], [81.4972, 25.9772], [81.3263, 25.8742], [81.3279, 25.8143], [81.0103, 26.068], [80.8175, 26.0351], [80.675, 26.1036], [80.6886, 26.1651], [80.8134, 26.2066], [80.8765, 26.292], [80.8369, 26.376], [80.9293, 26.3616], [80.9601, 26.3115], [81.0417, 26.3781], [80.9758, 26.4723], [80.9905, 26.5399], [81.0418, 26.5067], [81.1808, 26.6093], [81.1936, 26.6026]]]}}, {"type": "Feature", "properties": {"name": "Rampur", "state": "Uttar Pradesh"}, "geometry": {"type": "Polygon", "coordinates": [[[79.0382, 29.1663], [79.1422, 29.1197], [79.1656, 29.0173], [79.4014, 28.9323], [79.3967, 28.8329], [79.1294, 28.496], [78.9892, 28.4376], [78.9893, 28.3909], [78.9259, 28.444], [78.9266, 28.5686], [78.8274, 28.6867], [78.8374, 28.7327], [78.8682, 28.6965], [78.9644, 28.7693], [78.8733, 28.9871], [78.9354, 29.0265], [78.9606, 29.1659], [79.0006, 29.1166], [79.0338, 29.1711], [79.0382, 29.1663]]]}}, {"type": "Feature", "properties": {"name": "Saharanpur", "state": "Uttar Pradesh"}, "geometry": {"type": "Polygon", "coordinates": [[[77.5847, 30.4088], [77.9315, 30.247], [77.7864, 30.1], [77.703, 29.8898], [77.8111, 29.6725], [77.6499, 29.5664], [77.4415, 29.6762], [77.33, 29.6502], [77.1439, 29.6917], [77.113, 29.7486], [77.2704, 30.0483], [77.4144, 30.1071], [77.5704, 30.3112], [77.5844, 30.41], [77.5847, 30.4088]]]}}, {"type": "Feature", "properties": {"name": "Sant Kabir Nagar", "state": "Uttar Pradesh"}, "geometry": {"type": "Polygon", "coordinates": [[[83.1231, 27.0503], [83.2174, 26.9868], [83.2075, 26.8877], [83.1276, 26.8908], [83.0906, 26.8113], [83.1358, 26.7496], [83.076, 26.704], [83.184, 26.495], [83.0874, 26.4871], [83.0614, 26.4112], [82.8937, 26.5443], [82.8792, 26.6139], [82.9687, 26.714], [82.9241, 26.799], [82.8783, 26.7859], [82.873, 26.8352], [82.8187, 26.8454], [82.8601, 26.9442], [82.9954, 26.9157], [83.1128, 27.04], [83.1231, 27.0503]]]}}, {"type": "Feature", "properties": {"name": "Sant Ravi Das Nagar", "state": "Uttar Pradesh"}, "geometry": {"type": "Polygon", "coordinates": [[[82.3879, 25.5245], [82.562, 25.418], [82.6004, 25.452], [82.6101, 25.3968], [82.7019, 25.3909], [82.6288, 25.2211], [82.5779, 25.2539], [82.4424, 25.2234], [82.3847, 25.2644], [82.3325, 25.2126], [82.2764, 25.2778], [82.2324, 25.2239], [82.2805, 25.1944], [82.1964, 25.1934], [82.2139, 25.2786], [82.2936, 25.3112], [82.3447, 25.4218], [82.288, 25.5202], [82.3847, 25.5235], [82.3879, 25.5245]]]}}, {"type": "Feature", "properties": {"name": "Shahjahanpur", "state": "Uttar Pradesh"}, "geometry": {"type": "Polygon", "coordinates": [[[80.3472, 28.3892], [80.237, 28.0623], [80.0148, 27.9247], [80.0627, 27.7531], [79.9036, 27.7265], [79.8511, 27.6557], [79.7275, 27.725], [79.6782, 27.6394], [79.7064, 27.4791], [79.6479, 27.5126], [79.6432, 27.6468], [79.6025, 27.5991], [79.492, 27.5951], [79.3365, 27.6539], [79.3465, 27.7961], [79.4761, 27.8486], [79.4661, 27.9905], [79.518, 28.0653], [79.6207, 28.0921], [79.6679, 28.2694], [79.7255, 28.2353], [79.7135, 28.1856], [79.7916, 28.1746], [79.8205, 28.2454], [79.8765, 28.184], [79.8519, 28.1441], [79.9446, 28.1229], [79.9433, 28.3356], [80.0032, 28.3683], [80.0612, 28.3382], [80.1177, 28.3936], [80.1771, 28.3508], [80.2348, 28.4608], [80.341, 28.4013], [80.3472, 28.3892]]]}}, {"type": "Feature", "properties": {"name": "Shravasti", "state": "Uttar Pradesh"}, "geometry": {"type": "MultiPolygon", "coordinates": [[[[81.804, 27.9054], [81.764, 27.9374], [81.7588, 27.9415], [81.804, 27.9054]]], [[[81.804, 27.9054], [81.904, 27.8537], [81.9701, 27.9288], [82.0697, 27.9234], [82.198, 27.8475], [82.0156, 27.5935], [82.0654, 27.4118], [81.9339, 27.443], [81.9131, 27.3272], [81.8443, 27.3339], [81.8163, 27.2763], [81.6887, 27.3495], [81.7645, 27.3694], [81.6812, 27.392], [81.6834, 27.4982], [81.5475, 27.5823], [81.5464, 27.6332], [81.4367, 27.674], [81.517, 27.7294], [81.5571, 27.6572], [81.589, 27.6869], [81.553, 27.7389], [81.5902, 27.7629], [81.529, 27.8054], [81.4838, 27.9411], [81.6946, 27.9894], [81.8026, 27.9048], [81.804, 27.9054]]]]}}, {"type": "Feature", "properties": {"name": "Siddharth Nagar", "state": "Uttar Pradesh"}, "geometry": {"type": "Polygon", "coordinates": [[[82.7312, 27.505], [83.1902, 27.454], [83.2947, 27.336], [83.1597, 27.2256], [83.1592, 27.1488], [83.1136, 27.1625], [83.1414, 27.0558], [83.0448, 27.0115], [82.9954, 26.9157], [82.897, 26.9431], [82.8922, 26.9966], [82.8113, 26.9371], [82.7193, 27.0232], [82.5649, 27.0229], [82.5393, 27.113], [82.4295, 27.1777], [82.5595, 27.1908], [82.4887, 27.2447], [82.5014, 27.3273], [82.4613, 27.3316], [82.5681, 27.4305], [82.7502, 27.4137], [82.73, 27.5059], [82.7312, 27.505]]]}}, {"type": "Feature", "properties": {"name": "Sitapur", "state": "Uttar Pradesh"}, "geometry": {"type": "Polygon", "coordinates": [[[80.9739, 27.891], [80.9773, 27.834], [81.1342, 27.8125], [81.219, 27.7656], [81.174, 27.7414], [81.2352, 27.7343], [81.2419, 27.6826], [81.3028, 27.68], [81.2931, 27.5426], [81.4073, 27.3653], [81.3672, 27.272], [81.3105, 27.2786], [81.2835, 27.3621], [81.2163, 27.3262], [81.2012, 27.2432], [81.1074, 27.2798], [81.0569, 27.2268], [80.9603, 27.2453], [80.8208, 27.1048], [80.7402, 27.2318], [80.647, 27.2326], [80.5611, 27.2976], [80.4885, 27.2617], [80.4912, 27.3307], [80.3174, 27.5288], [80.3017, 27.6844], [80.4388, 27.7774], [80.5091, 27.814], [80.5956, 27.7555], [80.6304, 27.8447], [80.818, 27.7964], [80.9708, 27.8962], [80.9739, 27.891]]]}}, {"type": "Feature", "properties": {"name": "Sonbhadra", "state": "Uttar Pradesh"}, "geometry": {"type": "Polygon", "coordinates": [[[83.0208, 24.8425], [83.0494, 24.801], [83.0996, 24.8184], [83.0818, 24.7813], [83.179, 24.7162], [83.3005, 24.7209], [83.3136, 24.7874], [83.4113, 24.7753], [83.5417, 24.6246], [83.4982, 24.5271], [83.393, 24.5012], [83.4514, 24.3647], [83.3759, 24.3145], [83.4019, 24.266], [83.349, 24.1264], [83.1896, 23.9211], [83.061, 23.8752], [82.8903, 23.9046], [82.7459, 24.0131], [82.7663, 24.0779], [82.6574, 24.1348], [82.7204, 24.139], [82.7641, 24.2924], [82.7606, 24.373], [82.7072, 24.3852], [82.7125, 24.5562], [82.8008, 24.5527], [82.7964, 24.5998], [82.6656, 24.6999], [82.5184, 24.6783], [82.5746, 24.8326], [82.651, 24.7868], [82.8003, 24.8538], [82.9468, 24.8396], [83.0024, 24.9074], [83.0062, 24.8512], [83.0208, 24.8425]]]}}, {"type": "Feature", "properties": {"name": "Sultanpur", "state": "Uttar Pradesh"}, "geometry": {"type": "Polygon", "coordinates": [[[81.6033, 26.6386], [81.694, 26.5928], [81.6673, 26.5334], [81.7011, 26.512], [81.7482, 26.548], [81.965, 26.5149], [82.1789, 26.4114], [82.3729, 26.3822], [82.4391, 26.29], [82.6711, 26.259], [82.6817, 26.1564], [82.5916, 26.1996], [82.5607, 26.1346], [82.4358, 26.1363], [82.4576, 26.0479], [82.5073, 26.0347], [82.4851, 25.9761], [82.2429, 26.0605], [82.1943, 26.0188], [82.1003, 26.0794], [81.8759, 26.0843], [81.7778, 26.0303], [81.7332, 26.0898], [81.6791, 26.0803], [81.5491, 26.3021], [81.5265, 26.5456], [81.5527, 26.6666], [81.6005, 26.6458], [81.6033, 26.6386]]]}}, {"type": "Feature", "properties": {"name": "Unnao", "state": "Uttar Pradesh"}, "geometry": {"type": "Polygon", "coordinates": [[[80.2774, 27.0344], [80.4062, 26.8928], [80.4364, 26.972], [80.5701, 27.0062], [80.5512, 26.9417], [80.5996, 26.9494], [80.7461, 26.779], [80.683, 26.7652], [80.6878, 26.6909], [80.8333, 26.6681], [80.9925, 26.5366], [80.9758, 26.4723], [81.0417, 26.3781], [80.9895, 26.3186], [80.8369, 26.376], [80.8786, 26.2967], [80.8134, 26.2066], [80.6886, 26.1651], [80.6899, 26.1194], [80.6055, 26.1565], [80.5242, 26.3626], [80.3006, 26.5308], [80.2947, 26.611], [80.1319, 26.7379], [80.0421, 26.9247], [80.1053, 27.0006], [80.2111, 26.9707], [80.2759, 27.0356], [80.2774, 27.0344]]]}}, {"type": "Feature", "properties": {"name": "Varanasi", "state": "Uttar Pradesh"}, "geometry": {"type": "Polygon", "coordinates": [[[83.0637, 25.5533], [83.0805, 25.4942], [83.1654, 25.526], [83.1222, 25.4465], [83.1863, 25.4077], [83.1371, 25.3204], [83.0087, 25.3056], [83.0626, 25.2472], [82.8393, 25.1692], [82.7759, 25.2073], [82.8116, 25.2588], [82.6636, 25.2509], [82.6765, 25.4218], [82.7278, 25.4649], [82.7066, 25.5358], [82.8581, 25.5828], [82.9458, 25.5274], [83.0131, 25.5781], [83.059, 25.5581], [83.0637, 25.5533]]]}}, {"type": "Feature", "properties": {"name": "Almora", "state": "Uttaranchal"}, "geometry": {"type": "Polygon", "coordinates": [[[79.4927, 29.9468], [79.4951, 29.8776], [79.7078, 29.8127], [79.6759, 29.7762], [79.7353, 29.6958], [79.9433, 29.685], [79.9967, 29.5544], [80.0597, 29.5222], [79.7316, 29.4368], [79.6024, 29.5603], [79.4664, 29.5002], [79.3283, 29.6148], [79.2106, 29.5273], [79.0241, 29.5915], [79.1048, 29.6875], [79.07, 29.8906], [79.1668, 29.9146], [79.215, 29.9835], [79.2728, 29.9327], [79.3212, 29.978], [79.3616, 29.933], [79.4568, 29.9885], [79.4869, 29.9516], [79.4927, 29.9468]]]}}, {"type": "Feature", "properties": {"name": "Bageshwar", "state": "Uttaranchal"}, "geometry": {"type": "Polygon", "coordinates": [[[79.9793, 30.3201], [80.1051, 30.2299], [80.0583, 30.0245], [80.147, 29.9144], [79.9633, 29.8557], [80.0215, 29.7903], [79.8119, 29.7882], [79.8833, 29.7075], [79.7444, 29.6926], [79.6759, 29.7762], [79.7078, 29.8127], [79.4951, 29.8776], [79.4568, 29.9885], [79.4738, 30.0295], [79.7933, 30.023], [79.8156, 30.0611], [79.7506, 30.1416], [79.8064, 30.2284], [79.7855, 30.2885], [79.971, 30.3142], [79.9793, 30.3201]]]}}, {"type": "Feature", "properties": {"name": "Chamoli", "state": "Uttaranchal"}, "geometry": {"type": "Polygon", "coordinates": [[[79.4017, 31.0799], [79.5872, 30.9431], [79.7421, 31.0068], [79.8549, 30.9789], [79.915, 30.8922], [80.0695, 30.8193], [80.0901, 30.7306], [79.9666, 30.7139], [80.0277, 30.607], [79.9822, 30.5437], [80.0237, 30.4092], [79.9793, 30.3201], [79.7855, 30.2885], [79.8064, 30.2284], [79.7506, 30.1416], [79.8006, 30.0276], [79.4738, 30.0295], [79.4168, 29.9426], [79.3212, 29.978], [79.2728, 29.9327], [79.1308, 30.169], [79.0255, 30.2294], [79.0781, 30.3048], [79.0165, 30.3324], [79.1503, 30.3889], [79.2328, 30.5651], [79.3326, 30.6146], [79.2108, 30.8252], [79.2624, 30.8841], [79.2494, 30.9599], [79.4004, 31.0801], [79.4017, 31.0799]]]}}, {"type": "Feature", "properties": {"name": "Champawat", "state": "Uttaranchal"}, "geometry": {"type": "Polygon", "coordinates": [[[80.1216, 29.4929], [80.2769, 29.3922], [80.3201, 29.3038], [80.299, 29.205], [80.2499, 29.2206], [80.2744, 29.1448], [80.235, 29.1184], [80.0693, 29.1285], [80.059, 29.0792], [79.9541, 29.062], [79.9659, 29.1228], [79.867, 29.164], [79.9114, 29.2262], [79.8082, 29.2764], [79.7863, 29.3409], [79.8874, 29.3542], [79.8216, 29.4066], [79.8741, 29.4881], [80.1142, 29.4993], [80.1216, 29.4929]]]}}, {"type": "Feature", "properties": {"name": "Dehra Dun", "state": "Uttaranchal"}, "geometry": {"type": "Polygon", "coordinates": [[[77.9583, 30.9784], [78.008, 30.9169], [77.9662, 30.902], [77.9751, 30.852], [78.0751, 30.7236], [77.9997, 30.6516], [77.9744, 30.5167], [77.9263, 30.5136], [78.2295, 30.4306], [78.1261, 30.356], [78.2634, 30.3053], [78.2859, 30.249], [78.2243, 30.1858], [78.2983, 30.1151], [78.2193, 29.9929], [78.14, 29.9661], [77.9464, 30.2468], [77.6342, 30.4109], [77.5631, 30.4045], [77.8006, 30.5132], [77.8059, 30.5607], [77.7295, 30.5984], [77.7791, 30.6638], [77.6883, 30.7687], [77.7445, 30.8812], [77.7894, 30.8585], [77.8015, 30.9391], [77.9565, 30.9799], [77.9583, 30.9784]]]}}, {"type": "Feature", "properties": {"name": "Haridwar", "state": "Uttaranchal"}, "geometry": {"type": "Polygon", "coordinates": [[[78.0454, 30.0931], [78.1479, 29.959], [78.1733, 29.9885], [78.1675, 29.9481], [78.2618, 29.923], [78.3317, 29.7962], [78.3029, 29.7576], [77.988, 29.5459], [77.9408, 29.7146], [77.8213, 29.669], [77.7589, 29.7134], [77.7025, 29.8857], [77.7864, 30.1], [77.9363, 30.2507], [78.0374, 30.1014], [78.0454, 30.0931]]]}}, {"type": "Feature", "properties": {"name": "Naini Tal", "state": "Uttaranchal"}, "geometry": {"type": "Polygon", "coordinates": [[[79.3412, 29.6072], [79.4664, 29.5002], [79.6024, 29.5603], [79.7215, 29.4405], [79.8444, 29.4389], [79.8216, 29.4066], [79.889, 29.3594], [79.8456, 29.3196], [79.7863, 29.3409], [79.8034, 29.2814], [79.8897, 29.2553], [79.9128, 29.2148], [79.8677, 29.1622], [79.9679, 29.1188], [79.9554, 29.0523], [79.8505, 28.9881], [79.6406, 29.0704], [79.4074, 29.054], [79.2351, 29.1894], [79.2684, 29.2437], [78.9509, 29.376], [78.8358, 29.3723], [78.9963, 29.5895], [79.2106, 29.5273], [79.3379, 29.6102], [79.3412, 29.6072]]]}}, {"type": "Feature", "properties": {"name": "Pauri Garhwal", "state": "Uttaranchal"}, "geometry": {"type": "Polygon", "coordinates": [[[79.0511, 30.307], [79.0255, 30.2294], [79.1308, 30.169], [79.2205, 29.9643], [79.07, 29.8906], [79.1166, 29.7864], [79.0991, 29.6714], [78.896, 29.4562], [78.5765, 29.5806], [78.4876, 29.7414], [78.3272, 29.7988], [78.2618, 29.923], [78.1811, 29.9501], [78.3235, 30.139], [78.5771, 30.0591], [78.5829, 30.1567], [78.6707, 30.2455], [78.7933, 30.2278], [79.044, 30.3072], [79.0511, 30.307]]]}}, {"type": "Feature", "properties": {"name": "Pithoragarh", "state": "Uttaranchal"}, "geometry": {"type": "Polygon", "coordinates": [[[80.1478, 30.8134], [80.2373, 30.7407], [80.1805, 30.6699], [80.2157, 30.579], [80.5265, 30.4543], [80.5842, 30.4872], [80.8113, 30.32], [81.02, 30.2507], [80.899, 30.2123], [80.8792, 30.1285], [80.7398, 29.9995], [80.5922, 29.9484], [80.4972, 29.7974], [80.4086, 29.7944], [80.3659, 29.7402], [80.4095, 29.5949], [80.2475, 29.4384], [79.9967, 29.5544], [79.9433, 29.685], [79.8087, 29.7784], [79.8938, 29.8039], [79.9759, 29.768], [80.0262, 29.7978], [79.9633, 29.8557], [80.0036, 29.8948], [80.1467, 29.9109], [80.0583, 30.0245], [80.1051, 30.2299], [79.9767, 30.3237], [80.0237, 30.4092], [79.9822, 30.5437], [80.0277, 30.607], [79.9658, 30.7109], [80.0889, 30.728], [80.0753, 30.777], [80.1447, 30.8132], [80.1478, 30.8134]]]}}, {"type": "Feature", "properties": {"name": "Rudra Prayag", "state": "Uttaranchal"}, "geometry": {"type": "Polygon", "coordinates": [[[79.2663, 30.7323], [79.3326, 30.6146], [79.2328, 30.5651], [79.1503, 30.3889], [78.968, 30.2945], [78.9668, 30.3746], [79.0468, 30.433], [78.8994, 30.6385], [78.9118, 30.7199], [79.0037, 30.7586], [79.0185, 30.8121], [79.2604, 30.7304], [79.2663, 30.7323]]]}}, {"type": "Feature", "properties": {"name": "Tehri Garhwal", "state": "Uttaranchal"}, "geometry": {"type": "Polygon", "coordinates": [[[78.9213, 30.8781], [79.0185, 30.8121], [79.0037, 30.7586], [78.9118, 30.7199], [78.8975, 30.6444], [79.0467, 30.4285], [78.9668, 30.3746], [78.962, 30.2877], [78.7933, 30.2278], [78.6707, 30.2455], [78.5829, 30.1567], [78.5771, 30.0591], [78.4696, 30.0625], [78.3932, 30.1439], [78.2428, 30.1479], [78.2698, 30.3004], [78.1261, 30.356], [78.2278, 30.4328], [78.0889, 30.4857], [77.9737, 30.4709], [77.9271, 30.5167], [77.9744, 30.5167], [78.0018, 30.6177], [78.1098, 30.6429], [78.1946, 30.583], [78.2685, 30.6152], [78.2765, 30.5561], [78.3256, 30.5677], [78.3995, 30.474], [78.4377, 30.6205], [78.4732, 30.6333], [78.4843, 30.5395], [78.5306, 30.5349], [78.5776, 30.6929], [78.8323, 30.7427], [78.8375, 30.8546], [78.9132, 30.8806], [78.9213, 30.8781]]]}}, {"type": "Feature", "properties": {"name": "Udham Singh Nagar", "state": "Uttaranchal"}, "geometry": {"type": "Polygon", "coordinates": [[[78.8239, 29.3684], [78.9509, 29.376], [79.2684, 29.2437], [79.2351, 29.1894], [79.4074, 29.054], [79.6406, 29.0704], [79.8505, 28.9881], [79.9921, 29.0949], [80.059, 29.0792], [80.0693, 29.1285], [80.1432, 29.1311], [80.1373, 29.0073], [80.0601, 28.9163], [80.0724, 28.8297], [79.9529, 28.7175], [79.9013, 28.8021], [79.8405, 28.8087], [79.854, 28.8443], [79.7834, 28.8054], [79.8086, 28.8628], [79.7745, 28.8918], [79.6662, 28.8483], [79.5509, 28.8459], [79.5365, 28.8925], [79.4112, 28.8559], [79.3597, 28.9705], [79.2989, 28.9531], [79.1583, 29.0229], [79.1308, 29.1294], [79.027, 29.1723], [79.017, 29.1179], [78.9623, 29.1668], [78.9004, 29.1506], [78.8526, 29.2613], [78.7139, 29.3174], [78.8142, 29.37], [78.8239, 29.3684]]]}}, {"type": "Feature", "properties": {"name": "Uttarkashi", "state": "Uttaranchal"}, "geometry": {"type": "Polygon", "coordinates": [[[79.1948, 31.3536], [79.2996, 31.1492], [79.3924, 31.0798], [79.2982, 31.0231], [79.3079, 30.9687], [79.2494, 30.9599], [79.2624, 30.8841], [79.2108, 30.8252], [79.2663, 30.7323], [78.8645, 30.8828], [78.8351, 30.7444], [78.5776, 30.6929], [78.5306, 30.5349], [78.4843, 30.5395], [78.4732, 30.6333], [78.4377, 30.6205], [78.3995, 30.474], [78.3256, 30.5677], [78.2765, 30.5561], [78.2639, 30.6173], [78.1946, 30.583], [78.1416, 30.6398], [78.0018, 30.6177], [78.0751, 30.7236], [77.9743, 30.8538], [78.008, 30.9169], [77.9745, 30.9687], [77.7367, 30.9396], [77.7539, 30.9768], [77.8171, 30.9536], [77.8006, 31.0621], [77.8875, 31.1547], [78.0142, 31.1549], [78.2984, 31.2882], [78.3693, 31.2879], [78.4701, 31.2038], [78.5954, 31.2364], [78.6477, 31.1947], [78.795, 31.205], [78.8623, 31.1124], [78.9421, 31.105], [78.9967, 31.1176], [78.9099, 31.2339], [78.9231, 31.3254], [79.0452, 31.4681], [79.1942, 31.355], [79.1948, 31.3536]]]}}, {"type": "Feature", "properties": {"name": "Bankura", "state": "West Bengal"}, "geometry": {"type": "Polygon", "coordinates": [[[86.8994, 23.6316], [87.2092, 23.5534], [87.4423, 23.4029], [87.6518, 23.2356], [87.6804, 23.1214], [87.7614, 23.0686], [87.6413, 22.9845], [87.6154, 22.8887], [87.3552, 22.9494], [87.0578, 22.8459], [87.0827, 22.7348], [87.0113, 22.6472], [86.9601, 22.6721], [86.9222, 22.6231], [86.6069, 22.7958], [86.6993, 22.8691], [86.7397, 23.0917], [86.7061, 23.117], [86.7792, 23.2056], [86.7752, 23.3361], [86.8416, 23.3936], [86.8149, 23.4643], [86.8918, 23.4907], [86.8514, 23.5671], [86.8941, 23.638], [86.8994, 23.6316]]]}}, {"type": "Feature", "properties": {"name": "Barddhaman", "state": "West Bengal"}, "geometry": {"type": "Polygon", "coordinates": [[[86.895, 23.88], [87.1508, 23.7457], [87.35, 23.7183], [87.4486, 23.6082], [87.7068, 23.6168], [87.8979, 23.5377], [87.9595, 23.628], [87.9072, 23.7096], [87.9688, 23.8417], [88.0549, 23.7768], [88.0577, 23.7184], [88.1935, 23.7627], [88.2321, 23.7085], [88.1639, 23.7084], [88.1341, 23.6498], [88.3126, 23.5862], [88.2749, 23.5347], [88.3462, 23.5451], [88.3875, 23.4977], [88.3283, 23.4146], [88.3317, 23.2794], [88.4161, 23.2095], [88.3616, 23.1176], [88.1685, 23.1541], [88.1465, 23.0744], [88.0496, 23.0434], [88.0089, 22.9597], [87.7764, 22.9325], [87.7097, 23.0076], [87.7446, 23.1049], [87.6804, 23.1214], [87.6518, 23.2356], [87.4423, 23.4029], [87.2092, 23.5534], [86.7931, 23.695], [86.7928, 23.8314], [86.8823, 23.8145], [86.8914, 23.8764], [86.895, 23.88]]]}}, {"type": "Feature", "properties": {"name": "Birbhum", "state": "West Bengal"}, "geometry": {"type": "Polygon", "coordinates": [[[87.7951, 24.5797], [87.9459, 24.515], [87.9522, 24.3535], [88.0229, 24.2588], [87.8938, 24.1503], [87.8426, 23.9049], [87.9603, 23.8055], [87.9068, 23.6646], [87.9595, 23.628], [87.904, 23.5378], [87.7068, 23.6168], [87.4486, 23.6082], [87.35, 23.7183], [87.1508, 23.7457], [87.0845, 23.8053], [87.1536, 23.7985], [87.1358, 23.8681], [87.2427, 23.8262], [87.2482, 23.907], [87.2926, 23.8901], [87.238, 24.0412], [87.458, 23.9814], [87.4338, 24.0083], [87.5106, 24.0398], [87.4936, 24.1152], [87.5762, 24.0853], [87.6076, 24.1289], [87.5694, 24.1557], [87.6896, 24.1498], [87.6357, 24.2425], [87.7563, 24.3036], [87.81, 24.4066], [87.7907, 24.5811], [87.7951, 24.5797]]]}}, {"type": "Feature", "properties": {"name": "Dakshin Dinajpur", "state": "West Bengal"}, "geometry": {"type": "Polygon", "coordinates": [[[88.4598, 25.5953], [88.5429, 25.5066], [88.665, 25.4707], [88.8104, 25.5198], [88.8437, 25.3624], [89.0113, 25.2943], [88.923, 25.1671], [88.8449, 25.2112], [88.8038, 25.1723], [88.6849, 25.2106], [88.5629, 25.1777], [88.4327, 25.1963], [88.4313, 25.3149], [88.1776, 25.2891], [88.3174, 25.5125], [88.4557, 25.5956], [88.4598, 25.5953]]]}}, {"type": "Feature", "properties": {"name": "Darjiling", "state": "West Bengal"}, "geometry": {"type": "Polygon", "coordinates": [[[88.1269, 27.1231], [88.4319, 27.0816], [88.5915, 27.1945], [88.8727, 27.0922], [88.8722, 26.9646], [88.7916, 26.9898], [88.7609, 26.9245], [88.6623, 26.9263], [88.6587, 26.9607], [88.6041, 26.8792], [88.4773, 26.8756], [88.3526, 26.512], [88.229, 26.4472], [88.179, 26.4906], [88.2312, 26.552], [88.105, 26.5358], [88.189, 26.7382], [88.1375, 26.9853], [87.9901, 27.119], [88.0329, 27.221], [88.1233, 27.1238], [88.1269, 27.1231]]]}}, {"type": "Feature", "properties": {"name": "East Midnapore", "state": "West Bengal"}, "geometry": {"type": "MultiPolygon", "coordinates": [[[[88.1414, 22.0264], [88.1425, 22.0253], [88.1428, 22.0253], [88.1414, 22.0264]]], [[[88.0314, 22.0606], [88.0314, 22.0594], [88.0311, 22.0592], [88.0314, 22.0606]]], [[[87.9897, 22.2175], [87.9903, 22.2169], [87.9906, 22.2169], [87.9897, 22.2175]]], [[[87.9381, 22.3967], [87.9378, 22.3967], [87.9375, 22.3969], [87.9381, 22.3967]]], [[[87.8449, 22.5105], [87.9303, 22.4022], [87.94, 22.2603], [88.0086, 22.2014], [88.1356, 22.1847], [88.1936, 22.1108], [88.0622, 22.0131], [87.9594, 22.0997], [88.0522, 22.0075], [87.9761, 21.8511], [87.7944, 21.6972], [87.482, 21.6087], [87.4239, 21.7906], [87.5113, 21.9464], [87.4594, 22.0028], [87.4757, 22.0748], [87.6681, 22.1036], [87.7261, 22.1879], [87.7197, 22.318], [87.6436, 22.3294], [87.6541, 22.4575], [87.6927, 22.5063], [87.7565, 22.4727], [87.8397, 22.5081], [87.8449, 22.5105]]]]}}, {"type": "Feature", "properties": {"name": "Haora", "state": "West Bengal"}, "geometry": {"type": "MultiPolygon", "coordinates": [[[[87.9257, 22.4248], [87.9254, 22.4247], [87.924, 22.4256], [87.9257, 22.4248]]], [[[87.9119, 22.4322], [87.9119, 22.4319], [87.9128, 22.4311], [87.9119, 22.4322]]], [[[87.9911, 22.7697], [88.0107, 22.6801], [88.0613, 22.7082], [88.1796, 22.6508], [88.3197, 22.6654], [88.3655, 22.6124], [88.3207, 22.5469], [88.2436, 22.5571], [88.1173, 22.4657], [88.1387, 22.4043], [88.0492, 22.22], [87.96, 22.2802], [87.9464, 22.4061], [87.8766, 22.4398], [87.8886, 22.5152], [87.8418, 22.5575], [87.9382, 22.6286], [87.9478, 22.7641], [87.988, 22.7749], [87.9911, 22.7697]]]]}}, {"type": "Feature", "properties": {"name": "Hugli", "state": "West Bengal"}, "geometry": {"type": "Polygon", "coordinates": [[[88.4723, 23.2071], [88.4494, 23.1374], [88.5043, 23.0912], [88.4154, 23.0128], [88.4073, 22.8808], [88.331, 22.7721], [88.3521, 22.6469], [88.1796, 22.6508], [88.1108, 22.7036], [88.0107, 22.6801], [87.9849, 22.7763], [87.9478, 22.7641], [87.9367, 22.6264], [87.8512, 22.594], [87.7393, 22.7727], [87.5154, 22.8633], [87.503, 22.9116], [87.6264, 22.893], [87.6413, 22.9845], [87.7007, 23.0232], [87.7764, 22.9325], [87.996, 22.9553], [88.0496, 23.0434], [88.1465, 23.0744], [88.1685, 23.1541], [88.3519, 23.1143], [88.3686, 23.1763], [88.4717, 23.2132], [88.4723, 23.2071]]]}}, {"type": "Feature", "properties": {"name": "Jalpaiguri", "state": "West Bengal"}, "geometry": {"type": "Polygon", "coordinates": [[[88.9317, 26.9831], [88.9624, 26.9241], [89.0249, 26.9403], [89.0903, 26.894], [89.1311, 26.8081], [89.3772, 26.8663], [89.4593, 26.8063], [89.6447, 26.7809], [89.6322, 26.7192], [89.8569, 26.7038], [89.8695, 26.4484], [89.8363, 26.4113], [89.861, 26.464], [89.762, 26.4641], [89.6165, 26.3954], [89.5487, 26.4165], [89.5368, 26.4754], [88.9696, 26.5458], [88.8653, 26.3918], [88.7724, 26.3953], [88.7067, 26.3328], [88.6207, 26.4711], [88.5571, 26.4569], [88.4321, 26.5511], [88.3903, 26.6801], [88.4458, 26.7002], [88.4305, 26.8168], [88.4773, 26.8756], [88.6041, 26.8792], [88.6587, 26.9607], [88.6623, 26.9263], [88.7609, 26.9245], [88.7916, 26.9898], [88.8787, 26.9509], [88.9301, 26.9836], [88.9317, 26.9831]]]}}, {"type": "Feature", "properties": {"name": "Kochbihar", "state": "West Bengal"}, "geometry": {"type": "Polygon", "coordinates": [[[89.0242, 26.5168], [89.5368, 26.4754], [89.5487, 26.4165], [89.6165, 26.3954], [89.861, 26.464], [89.8235, 26.4327], [89.8573, 26.3845], [89.7587, 26.2893], [89.7157, 26.302], [89.6972, 26.2172], [89.732, 26.2123], [89.6948, 26.1891], [89.7338, 26.1734], [89.6846, 26.1604], [89.6822, 26.2357], [89.6376, 26.2277], [89.6519, 26.1647], [89.5946, 26.1569], [89.6527, 26.0636], [89.5856, 26.032], [89.5907, 25.9757], [89.4385, 26.0086], [89.4295, 26.0456], [89.3524, 26.0105], [89.1624, 26.1387], [89.1024, 26.3935], [88.97, 26.4625], [88.9177, 26.3747], [88.9929, 26.351], [89.0021, 26.294], [89.0666, 26.2929], [89.0575, 26.245], [88.8971, 26.2923], [88.8491, 26.2337], [88.8216, 26.3007], [88.7616, 26.3006], [88.7724, 26.3953], [88.8653, 26.3918], [88.9696, 26.5458], [89.0203, 26.5182], [89.0242, 26.5168]]]}}, {"type": "Feature", "properties": {"name": "Kolkata", "state": "West Bengal"}, "geometry": {"type": "Polygon", "coordinates": [[[88.4073, 22.5565], [88.3644, 22.4952], [88.2881, 22.5141], [88.2707, 22.5518], [88.3289, 22.5521], [88.3597, 22.6297], [88.4038, 22.5623], [88.4073, 22.5565]]]}}, {"type": "Feature", "properties": {"name": "Maldah", "state": "West Bengal"}, "geometry": {"type": "Polygon", "coordinates": [[[88.1776, 25.2891], [88.4433, 25.3098], [88.4538, 25.0356], [88.399, 24.943], [88.3417, 24.939], [88.3251, 24.8659], [88.2638, 24.8755], [88.228, 24.9594], [88.1397, 24.9361], [88.1756, 24.861], [87.9949, 24.6563], [87.897, 24.8544], [87.97, 24.9236], [87.7727, 25.0991], [87.7876, 25.2205], [87.8366, 25.1993], [87.8565, 25.2778], [87.7598, 25.4101], [87.9556, 25.538], [88.1117, 25.4331], [88.1253, 25.2425], [88.168, 25.2923], [88.1776, 25.2891]]]}}, {"type": "Feature", "properties": {"name": "Murshidabad", "state": "West Bengal"}, "geometry": {"type": "MultiPolygon", "coordinates": [[[[88.676, 24.3155], [88.6748, 24.3146], [88.6751, 24.3154], [88.676, 24.3155]]], [[[87.9124, 24.8272], [87.9603, 24.6798], [88.2, 24.4606], [88.5287, 24.3442], [88.555, 24.2965], [88.7025, 24.3107], [88.7378, 24.2603], [88.6342, 23.9888], [88.5501, 24.039], [88.5183, 23.9459], [88.4576, 23.928], [88.5078, 23.8927], [88.4625, 23.8842], [88.4732, 23.8174], [88.4442, 23.8509], [88.4147, 23.7978], [88.2677, 23.8078], [88.2355, 23.7565], [88.0577, 23.7184], [88.0028, 23.8433], [87.9617, 23.8013], [87.8595, 23.8684], [87.8938, 24.1503], [88.0229, 24.2588], [87.9522, 24.3535], [87.9697, 24.4688], [87.8876, 24.5402], [87.9022, 24.7185], [87.8139, 24.7534], [87.9055, 24.8377], [87.9124, 24.8272]]]]}}, {"type": "Feature", "properties": {"name": "Nadia", "state": "West Bengal"}, "geometry": {"type": "Polygon", "coordinates": [[[88.7244, 24.0772], [88.7272, 23.9945], [88.7713, 23.9875], [88.7333, 23.9143], [88.5848, 23.8679], [88.6017, 23.8169], [88.5593, 23.7841], [88.5809, 23.6007], [88.6449, 23.6081], [88.7429, 23.4808], [88.7993, 23.4916], [88.7461, 23.3098], [88.6974, 23.2965], [88.7499, 23.2353], [88.7044, 23.2164], [88.6561, 22.871], [88.4081, 22.9423], [88.4154, 23.0128], [88.5045, 23.0986], [88.4494, 23.1374], [88.469, 23.2192], [88.3834, 23.2169], [88.3317, 23.2794], [88.3283, 23.4146], [88.3875, 23.4977], [88.3462, 23.5451], [88.2749, 23.5347], [88.3126, 23.5862], [88.1332, 23.6569], [88.1639, 23.7084], [88.2297, 23.7043], [88.1915, 23.7479], [88.2363, 23.7966], [88.4147, 23.7978], [88.4442, 23.8509], [88.4732, 23.8174], [88.4625, 23.8842], [88.5078, 23.8927], [88.4556, 23.9224], [88.5183, 23.9459], [88.5469, 24.0363], [88.6217, 23.9782], [88.6514, 24.0701], [88.7245, 24.0834], [88.7244, 24.0772]]]}}, {"type": "Feature", "properties": {"name": "North 24 Parganas", "state": "West Bengal"}, "geometry": {"type": "MultiPolygon", "coordinates": [[[[88.8347, 21.6072], [88.8936, 21.5783], [88.8753, 21.5489], [88.8342, 21.6072], [88.8347, 21.6072]]], [[[88.7289, 21.6371], [88.7289, 21.6366], [88.7289, 21.6361], [88.7289, 21.6371]]], [[[88.8924, 21.6521], [88.8926, 21.6517], [88.8929, 21.6514], [88.8924, 21.6521]]], [[[88.7719, 21.6531], [88.7981, 21.5917], [88.7489, 21.5794], [88.7296, 21.6399], [88.772, 21.6533], [88.7719, 21.6531]]], [[[88.9658, 21.6415], [88.9661, 21.6413], [88.9664, 21.641], [88.9658, 21.6415]]], [[[88.9845, 21.7057], [89.0288, 21.6048], [88.964, 21.6457], [88.9838, 21.7053], [88.9845, 21.7057]]], [[[88.8067, 21.7067], [88.7969, 21.6553], [88.7306, 21.6864], [88.8061, 21.7067], [88.8067, 21.7067]]], [[[88.6971, 21.7129], [88.7516, 21.6491], [88.7232, 21.6383], [88.6969, 21.713], [88.6971, 21.7129]]], [[[89.0592, 21.7218], [89.0945, 21.6415], [89.0285, 21.6353], [89.0105, 21.7075], [89.0591, 21.722], [89.0592, 21.7218]]], [[[88.978, 21.7269], [89.0205, 21.7136], [88.9918, 21.6518], [88.9778, 21.727], [88.978, 21.7269]]], [[[88.8831, 21.7453], [88.9403, 21.6953], [88.9201, 21.6321], [88.8822, 21.7453], [88.8831, 21.7453]]], [[[88.9271, 21.7619], [88.9875, 21.7447], [88.9722, 21.6986], [88.9266, 21.762], [88.9271, 21.7619]]], [[[89.0051, 21.765], [89.0592, 21.7268], [89.0205, 21.7173], [89.0048, 21.765], [89.0051, 21.765]]], [[[88.8317, 21.7661], [88.8653, 21.7586], [88.8458, 21.62], [88.815, 21.71], [88.7625, 21.7014], [88.8313, 21.7657], [88.8317, 21.7661]]], [[[88.9997, 21.7855], [89.0009, 21.7168], [88.9511, 21.7578], [88.9993, 21.7856], [88.9997, 21.7855]]], [[[88.7162, 21.8074], [88.7767, 21.7211], [88.7359, 21.7193], [88.748, 21.6583], [88.695, 21.7439], [88.7156, 21.8073], [88.7162, 21.8074]]], [[[88.9996, 21.8117], [89.0, 21.7658], [88.9991, 21.8119], [88.9996, 21.8117]]], [[[88.7506, 21.7954], [88.7508, 21.7947], [88.7508, 21.794], [88.7506, 21.7954]]], [[[88.8281, 21.804], [88.8276, 21.8034], [88.827, 21.803], [88.8281, 21.804]]], [[[88.7875, 21.745], [88.7498, 21.7696], [88.7821, 21.8252], [88.7877, 21.745], [88.7875, 21.745]]], [[[88.9158, 21.8258], [88.9019, 21.7514], [88.9136, 21.8258], [88.9158, 21.8258]]], [[[88.9414, 21.8472], [88.9767, 21.8206], [88.9147, 21.7556], [88.9394, 21.8472], [88.9414, 21.8472]]], [[[88.8561, 21.8653], [88.9133, 21.7278], [88.835, 21.7817], [88.8536, 21.8653], [88.8561, 21.8653]]], [[[88.7892, 21.8786], [88.8297, 21.8622], [88.7958, 21.7919], [88.7889, 21.8783], [88.7892, 21.8786]]], [[[88.9791, 21.8935], [89.03, 21.8345], [88.9709, 21.7751], [88.9785, 21.8934], [88.9791, 21.8935]]], [[[88.8169, 21.9011], [88.8294, 21.8647], [88.8167, 21.9011], [88.8169, 21.9011]]], [[[88.7181, 21.9072], [88.7806, 21.8594], [88.7578, 21.7811], [88.6967, 21.8381], [88.7178, 21.9072], [88.7181, 21.9072]]], [[[88.8366, 21.9179], [88.9739, 21.8978], [88.9472, 21.8406], [88.9069, 21.8789], [88.9392, 21.85], [88.888, 21.8122], [88.8352, 21.9189], [88.8366, 21.9179]]], [[[88.7236, 21.9319], [88.7994, 21.9197], [88.7928, 21.8672], [88.7233, 21.9317], [88.7236, 21.9319]]], [[[88.7454, 21.9797], [88.8058, 21.9352], [88.7405, 21.922], [88.7449, 21.9798], [88.7454, 21.9797]]], [[[88.7592, 21.9986], [88.7592, 21.9972], [88.7589, 21.9969], [88.7592, 21.9986]]], [[[88.8128, 22.0194], [88.9025, 22.0117], [88.9073, 21.9295], [88.77, 21.9461], [88.7514, 21.9844], [88.8003, 21.9705], [88.7615, 22.0145], [88.8117, 22.02], [88.8128, 22.0194]]], [[[88.7638, 22.0517], [88.7689, 22.02], [88.7633, 22.0517], [88.7638, 22.0517]]], [[[88.9028, 22.0453], [88.852, 22.0421], [88.9031, 22.0459], [88.9028, 22.0453]]], [[[89.0162, 22.0509], [89.0779, 21.9827], [89.0602, 21.9321], [89.0007, 21.9478], [89.0329, 22.0013], [88.9924, 21.9736], [88.9681, 22.0155], [89.0159, 22.0514], [89.0162, 22.0509]]], [[[88.8119, 22.0608], [88.8131, 22.0251], [88.78, 22.0387], [88.8114, 22.0608], [88.8119, 22.0608]]], [[[88.8706, 22.0789], [88.8556, 22.0237], [88.8194, 22.0625], [88.8705, 22.0796], [88.8706, 22.0789]]], [[[88.6901, 22.08], [88.6899, 22.08], [88.6895, 22.0803], [88.6901, 22.08]]], [[[88.9041, 22.0842], [88.9037, 22.0838], [88.9033, 22.0834], [88.9041, 22.0842]]], [[[88.7223, 22.0991], [88.7223, 22.0986], [88.7214, 22.0978], [88.7223, 22.0991]]], [[[88.8035, 22.0853], [88.8343, 22.065], [88.7484, 22.0574], [88.8032, 22.0857], [88.8035, 22.0853]]], [[[88.8179, 22.123], [88.8677, 22.088], [88.8388, 22.073], [88.8175, 22.1231], [88.8179, 22.123]]], [[[88.8651, 22.167], [88.9236, 22.1056], [88.8723, 22.0878], [88.8306, 22.1273], [88.8647, 22.1672], [88.8651, 22.167]]], [[[88.7892, 22.1686], [88.7886, 22.1681], [88.7725, 22.1784], [88.7892, 22.1686]]], [[[88.95, 22.1892], [88.9849, 22.1271], [88.9239, 22.0242], [88.9464, 22.0003], [88.94, 22.0622], [88.9768, 22.0388], [89.0083, 21.9023], [88.9127, 21.9944], [88.9403, 22.128], [88.8939, 22.1697], [88.9493, 22.1893], [88.95, 22.1892]]], [[[88.76, 22.1925], [88.7607, 22.1925], [88.7614, 22.1925], [88.76, 22.1925]]], [[[89.0019, 22.1992], [89.0505, 22.1306], [89.0146, 22.114], [89.0382, 22.0534], [88.9779, 22.0399], [89.0014, 22.1992], [89.0019, 22.1992]]], [[[88.7464, 22.2031], [88.7462, 22.2029], [88.7461, 22.2047], [88.7464, 22.2031]]], [[[88.8447, 22.1892], [88.8559, 22.1445], [88.7234, 22.0567], [88.7467, 22.1328], [88.8443, 22.1893], [88.8447, 22.1892]]], [[[88.749, 22.2191], [88.7487, 22.2187], [88.7486, 22.2214], [88.749, 22.2191]]], [[[88.9324, 22.225], [88.9613, 22.1955], [88.9243, 22.1792], [88.9317, 22.2252], [88.9324, 22.225]]], [[[88.8126, 22.2834], [88.8341, 22.1669], [88.7472, 22.1986], [88.8121, 22.2834], [88.8126, 22.2834]]], [[[88.8103, 22.3172], [88.8104, 22.3168], [88.8053, 22.3244], [88.8103, 22.3172]]], [[[88.8499, 22.3629], [88.936, 22.3009], [88.9541, 22.2252], [88.8442, 22.2903], [88.9197, 22.1663], [88.841, 22.2143], [88.8758, 22.2528], [88.8394, 22.2155], [88.8827, 22.201], [88.8067, 22.209], [88.8042, 22.3297], [88.8497, 22.3631], [88.8499, 22.3629]]], [[[88.9848, 22.3824], [89.0233, 22.2975], [88.9939, 22.2861], [89.0963, 22.1541], [89.0616, 22.1285], [88.9472, 22.2556], [88.985, 22.3829], [88.9848, 22.3824]]], [[[88.8619, 22.3989], [88.9032, 22.3454], [88.8619, 22.3992], [88.8619, 22.3989]]], [[[88.8678, 22.4108], [88.8681, 22.4106], [88.8689, 22.4106], [88.8678, 22.4108]]], [[[88.9189, 22.4265], [88.9189, 22.4253], [88.9186, 22.425], [88.9189, 22.4265]]], [[[88.8592, 22.4694], [88.8592, 22.4667], [88.8589, 22.4664], [88.8592, 22.4694]]], [[[88.7814, 22.5006], [88.8207, 22.4319], [88.7811, 22.5006], [88.7814, 22.5006]]], [[[88.8977, 22.5489], [88.9217, 22.4006], [88.8978, 22.3667], [88.8561, 22.4228], [88.8436, 22.5074], [88.8973, 22.5501], [88.8977, 22.5489]]], [[[88.9342, 22.564], [88.9348, 22.5639], [88.9355, 22.5637], [88.9342, 22.564]]], [[[88.9202, 22.5653], [88.9986, 22.4303], [88.9578, 22.3647], [88.9397, 22.4195], [88.9287, 22.3133], [88.92, 22.5654], [88.9202, 22.5653]]], [[[88.9361, 22.6216], [88.9365, 22.6191], [88.9354, 22.6198], [88.9361, 22.6216]]], [[[88.8211, 23.2463], [88.9947, 23.2124], [88.8696, 23.0954], [88.8467, 23.0024], [88.9672, 22.8436], [88.9192, 22.7617], [88.9594, 22.6889], [88.9319, 22.6455], [88.8649, 22.6649], [88.8091, 22.7117], [88.8482, 22.751], [88.8058, 22.7332], [88.9577, 22.6108], [88.8428, 22.5079], [88.8524, 22.4328], [88.7664, 22.5608], [88.7828, 22.5228], [88.7341, 22.5109], [88.6783, 22.5936], [88.6717, 22.5567], [88.7784, 22.5061], [88.8763, 22.3553], [88.7037, 22.4287], [88.5942, 22.6102], [88.5565, 22.6222], [88.5222, 22.5445], [88.4073, 22.5565], [88.3597, 22.6297], [88.331, 22.7721], [88.4081, 22.9423], [88.6561, 22.871], [88.7089, 23.2329], [88.8126, 23.2156], [88.8198, 23.2485], [88.8211, 23.2463]]]]}}, {"type": "Feature", "properties": {"name": "Puruliya", "state": "West Bengal"}, "geometry": {"type": "Polygon", "coordinates": [[[86.8941, 23.638], [86.8514, 23.5671], [86.8918, 23.4907], [86.8149, 23.4643], [86.8416, 23.3936], [86.7752, 23.3361], [86.7792, 23.2056], [86.7061, 23.117], [86.7397, 23.0917], [86.6993, 22.8691], [86.6127, 22.8205], [86.5551, 22.7079], [86.4126, 22.7864], [86.463, 22.8966], [86.4328, 22.9234], [86.5403, 22.9872], [86.2125, 22.9918], [86.0369, 23.1436], [85.9215, 23.1259], [85.8316, 23.1951], [85.8957, 23.3706], [85.866, 23.4702], [86.0472, 23.4936], [86.0374, 23.5835], [86.1448, 23.5678], [86.1455, 23.4731], [86.3, 23.4201], [86.4449, 23.6315], [86.711, 23.6972], [86.8932, 23.6409], [86.8941, 23.638]]]}}, {"type": "Feature", "properties": {"name": "South 24 Parganas", "state": "West Bengal"}, "geometry": {"type": "MultiPolygon", "coordinates": [[[[88.0186, 21.5728], [88.0189, 21.5725], [88.0194, 21.5725], [88.0186, 21.5728]]], [[[88.4977, 21.5998], [88.5325, 21.5439], [88.4822, 21.5542], [88.4971, 21.6001], [88.4977, 21.5998]]], [[[88.1778, 21.6011], [88.1839, 21.5597], [88.1772, 21.6011], [88.1778, 21.6011]]], [[[88.5372, 21.6386], [88.5875, 21.6019], [88.5436, 21.5667], [88.5578, 21.6033], [88.51, 21.6022], [88.5367, 21.6389], [88.5372, 21.6386]]], [[[88.6344, 21.6567], [88.6342, 21.6564], [88.6339, 21.6564], [88.6344, 21.6567]]], [[[88.5769, 21.6917], [88.6056, 21.6239], [88.5549, 21.6374], [88.5766, 21.6921], [88.5769, 21.6917]]], [[[88.5919, 21.6942], [88.5931, 21.6931], [88.5933, 21.6931], [88.5919, 21.6942]]], [[[88.3111, 21.7064], [88.3581, 21.6475], [88.315, 21.6081], [88.3105, 21.7064], [88.3111, 21.7064]]], [[[88.454, 21.7093], [88.4422, 21.615], [88.4186, 21.6826], [88.4533, 21.7094], [88.454, 21.7093]]], [[[88.2045, 21.7212], [88.2089, 21.6028], [88.2042, 21.7215], [88.2045, 21.7212]]], [[[88.5457, 21.7361], [88.5907, 21.6906], [88.5432, 21.7242], [88.5464, 21.6367], [88.5452, 21.7362], [88.5457, 21.7361]]], [[[88.1956, 21.7245], [88.195, 21.7242], [88.1947, 21.7245], [88.1956, 21.7245]]], [[[88.4123, 21.7313], [88.4319, 21.6274], [88.398, 21.5961], [88.4039, 21.7152], [88.3686, 21.7273], [88.4119, 21.7318], [88.4123, 21.7313]]], [[[88.2209, 21.7621], [88.272, 21.7544], [88.3117, 21.6719], [88.2689, 21.5578], [88.1984, 21.6855], [88.2202, 21.7622], [88.2209, 21.7621]]], [[[88.3654, 21.7642], [88.3981, 21.7133], [88.3606, 21.6864], [88.3651, 21.7642], [88.3654, 21.7642]]], [[[88.3849, 21.7644], [88.3624, 21.7323], [88.3843, 21.7647], [88.3849, 21.7644]]], [[[88.2005, 21.7686], [88.2006, 21.7681], [88.2008, 21.7678], [88.2005, 21.7686]]], [[[88.2828, 21.765], [88.2825, 21.765], [88.2825, 21.7653], [88.2828, 21.765]]], [[[88.5822, 21.7778], [88.6208, 21.7358], [88.5928, 21.7187], [88.5817, 21.7778], [88.5822, 21.7778]]], [[[88.3025, 21.7246], [88.2886, 21.7781], [88.3027, 21.7251], [88.3025, 21.7246]]], [[[88.5053, 21.783], [88.5039, 21.7814], [88.5038, 21.7814], [88.5053, 21.783]]], [[[88.6097, 21.7903], [88.6142, 21.7119], [88.6094, 21.79], [88.6097, 21.7903]]], [[[88.274, 21.7908], [88.2746, 21.7906], [88.2754, 21.7907], [88.274, 21.7908]]], [[[88.1833, 21.7875], [88.1822, 21.7864], [88.1819, 21.7864], [88.1833, 21.7875]]], [[[88.4586, 21.7887], [88.4331, 21.7045], [88.4581, 21.7888], [88.4586, 21.7887]]], [[[88.1711, 21.8086], [88.1722, 21.8075], [88.1722, 21.8072], [88.1711, 21.8086]]], [[[88.5446, 21.8103], [88.5725, 21.7356], [88.5194, 21.7192], [88.5434, 21.8106], [88.5446, 21.8103]]], [[[88.4218, 21.8111], [88.4228, 21.7198], [88.3827, 21.7791], [88.4215, 21.8111], [88.4218, 21.8111]]], [[[88.1819, 21.8258], [88.1825, 21.8253], [88.1825, 21.8239], [88.1819, 21.8258]]], [[[88.5594, 21.8297], [88.5597, 21.8294], [88.56, 21.8294], [88.5594, 21.8297]]], [[[88.4849, 21.8347], [88.4847, 21.7986], [88.4494, 21.8126], [88.4844, 21.8347], [88.4849, 21.8347]]], [[[88.5922, 21.85], [88.6142, 21.7981], [88.5925, 21.8503], [88.5922, 21.85]]], [[[88.52, 21.8546], [88.5205, 21.8542], [88.5208, 21.8542], [88.52, 21.8546]]], [[[88.538, 21.8536], [88.5371, 21.8532], [88.5366, 21.8533], [88.538, 21.8536]]], [[[88.3311, 21.8607], [88.38, 21.7873], [88.3176, 21.7089], [88.3109, 21.7956], [88.2598, 21.8042], [88.3303, 21.8607], [88.3311, 21.8607]]], [[[88.5827, 21.8655], [88.5825, 21.8655], [88.5822, 21.8655], [88.5827, 21.8655]]], [[[88.1369, 21.875], [88.1725, 21.812], [88.1547, 21.65], [88.09, 21.6292], [88.0367, 21.6744], [88.1369, 21.8753], [88.1369, 21.875]]], [[[88.6217, 21.8978], [88.6389, 21.7847], [88.5947, 21.8544], [88.6206, 21.8978], [88.6217, 21.8978]]], [[[88.1373, 21.8951], [88.1366, 21.8944], [88.136, 21.8945], [88.1373, 21.8951]]], [[[88.5623, 21.8975], [88.551, 21.8173], [88.5618, 21.8975], [88.5623, 21.8975]]], [[[88.4255, 21.9041], [88.4255, 21.9038], [88.4251, 21.9036], [88.4255, 21.9041]]], [[[88.4465, 21.9049], [88.4902, 21.8564], [88.4615, 21.7898], [88.3925, 21.8326], [88.446, 21.905], [88.4465, 21.9049]]], [[[88.1069, 21.8936], [88.1072, 21.8933], [88.1081, 21.8933], [88.1069, 21.8936]]], [[[88.5047, 21.9128], [88.505, 21.9125], [88.5078, 21.9125], [88.5047, 21.9128]]], [[[88.4525, 21.9063], [88.452, 21.9061], [88.4517, 21.9059], [88.4525, 21.9063]]], [[[88.64, 21.9217], [88.635, 21.8706], [88.6389, 21.9217], [88.64, 21.9217]]], [[[88.1348, 21.9267], [88.135, 21.9264], [88.1353, 21.9261], [88.1348, 21.9267]]], [[[88.1633, 21.9372], [88.1636, 21.9369], [88.1641, 21.937], [88.1633, 21.9372]]], [[[88.66, 22.0192], [88.7153, 21.9991], [88.6785, 21.943], [88.6335, 21.9516], [88.6595, 22.0195], [88.66, 22.0192]]], [[[88.7314, 22.0452], [88.7328, 22.0436], [88.7334, 22.0436], [88.7314, 22.0452]]], [[[88.6358, 22.0508], [88.6361, 22.0506], [88.6361, 22.0503], [88.6358, 22.0508]]], [[[88.7293, 22.1136], [88.7289, 22.1132], [88.7285, 22.1132], [88.7293, 22.1136]]], [[[88.6952, 22.2086], [88.7886, 22.1681], [88.6831, 22.0808], [88.721, 22.0053], [88.6638, 22.0238], [88.6342, 22.1062], [88.6946, 22.2086], [88.6952, 22.2086]]], [[[88.5795, 22.6113], [88.7037, 22.4287], [88.8213, 22.3681], [88.8047, 22.2832], [88.7414, 22.1986], [88.6395, 22.2131], [88.6661, 22.339], [88.6309, 22.222], [88.6725, 22.2012], [88.6193, 22.1088], [88.5727, 22.1891], [88.6367, 22.0453], [88.6034, 22.0236], [88.596, 22.0656], [88.6067, 21.9131], [88.5783, 21.8894], [88.5462, 21.9735], [88.5705, 21.9036], [88.5281, 21.8531], [88.4943, 21.8791], [88.5255, 21.9294], [88.4937, 21.9671], [88.5546, 22.0357], [88.4916, 21.9669], [88.5207, 21.9154], [88.4736, 21.8953], [88.4609, 22.0116], [88.4585, 21.9188], [88.4092, 21.8856], [88.3758, 21.9697], [88.3907, 21.799], [88.3565, 21.9243], [88.3532, 21.8569], [88.2664, 21.8836], [88.3138, 21.8466], [88.259, 21.8076], [88.2819, 21.7611], [88.2517, 21.8019], [88.2638, 21.7306], [88.1633, 21.8794], [88.2075, 22.1578], [88.0697, 22.2119], [88.0907, 22.3608], [88.1387, 22.4043], [88.1173, 22.4657], [88.2436, 22.5571], [88.3467, 22.495], [88.419, 22.5805], [88.5222, 22.5445], [88.5678, 22.6188], [88.5795, 22.6113]]]]}}, {"type": "Feature", "properties": {"name": "Uttar Dinajpur", "state": "West Bengal"}, "geometry": {"type": "MultiPolygon", "coordinates": [[[[88.4585, 25.5963], [88.4598, 25.5953], [88.4557, 25.5956], [88.4585, 25.5963]]], [[[88.3372, 26.4971], [88.3559, 26.4458], [88.3676, 26.4871], [88.4842, 26.4605], [88.5248, 26.3598], [88.4579, 26.3738], [88.3518, 26.2816], [88.3525, 26.22], [88.1858, 26.1513], [88.1871, 26.0241], [88.0868, 25.9125], [88.119, 25.7949], [88.2643, 25.8118], [88.4582, 25.6279], [88.3174, 25.5125], [88.2461, 25.3558], [88.1253, 25.2425], [88.1117, 25.4331], [88.021, 25.5869], [88.0486, 25.6906], [87.8985, 25.7698], [87.9109, 25.8517], [87.8228, 25.8715], [87.8036, 25.9207], [87.8421, 26.0445], [87.9722, 26.0849], [87.9641, 26.152], [88.0131, 26.1409], [88.2796, 26.3355], [88.2366, 26.4528], [88.3314, 26.4958], [88.3372, 26.4971]]]]}}, {"type": "Feature", "properties": {"name": "West Midnapore", "state": "West Bengal"}, "geometry": {"type": "Polygon", "coordinates": [[[87.4214, 22.9211], [87.5203, 22.9271], [87.5154, 22.8633], [87.7393, 22.7727], [87.8886, 22.5152], [87.7565, 22.4727], [87.6927, 22.5063], [87.6541, 22.4575], [87.6436, 22.3294], [87.7197, 22.318], [87.7261, 22.1879], [87.6681, 22.1036], [87.4757, 22.0748], [87.4594, 22.0028], [87.5113, 21.9464], [87.4463, 21.8845], [87.4393, 21.7644], [87.2716, 21.8034], [87.2348, 21.9544], [87.1709, 21.9726], [87.0946, 21.8603], [87.0302, 21.8653], [87.0176, 22.0413], [86.832, 22.0951], [86.7903, 22.1539], [86.7154, 22.1435], [86.7228, 22.2152], [86.8001, 22.2136], [86.7903, 22.2628], [86.8857, 22.2521], [86.8862, 22.2941], [86.8292, 22.3246], [86.8439, 22.3961], [86.7515, 22.4507], [86.798, 22.484], [86.7841, 22.5442], [86.6517, 22.5758], [86.6367, 22.6551], [86.5551, 22.7079], [86.5948, 22.7947], [86.9222, 22.6231], [86.9601, 22.6721], [87.0113, 22.6472], [87.0827, 22.7348], [87.0578, 22.8459], [87.3312, 22.945], [87.4152, 22.9293], [87.4214, 22.9211]]]}}]}