{"type": "FeatureCollection", "metadata": {"source": "GADM v2.8 / geohacker/india administrative district boundaries", "coverage_description": "57/57 VARSHAAI district identifiers successfully mapped to geographic polygons, with documented historical/shared-boundary mappings for NTR/Vijayawada and Mumbai City/Mumbai Suburban.", "total_districts": 57, "matched_districts": 57, "unmatched_districts": 0, "unique_polygons": 56, "historical_shared_mappings": {"vijayawada": "Mapped to historical parent district Krishna (NTR carved out in 2022)", "mumbai city": "Mapped to shared Greater Bombay polygon with Mumbai Suburban"}, "notes": "Boundaries simplified and rounded to 4 decimals for client-side web rendering."}, "features": [{"type": "Feature", "id": "pune", "properties": {"districtId": "pune", "districtName": "Pune", "state": "Maharashtra", "subdivision": "Madhya Maharashtra", "elevation": 560, "terrain": "Orographic/Ghats", "centroidLat": 18.5204, "centroidLng": 73.8567, "matchedGeoName": "Pune", "matchedGeoState": "Maharashtra"}, "geometry": {"type": "Polygon", "coordinates": [[[73.865, 19.3589], [73.8805, 19.3597], [73.892, 19.3764], [73.9224, 19.3654], [73.9384, 19.3407], [74.0072, 19.3577], [74.0202, 19.3258], [74.0354, 19.3105], [74.0347, 19.3007], [74.0213, 19.2958], [74.039, 19.2839], [74.034, 19.269], [74.0417, 19.2504], [74.0545, 19.2584], [74.0604, 19.2439], [74.1008, 19.2264], [74.0961, 19.2351], [74.1351, 19.2203], [74.1595, 19.222], [74.1656, 19.2029], [74.1752, 19.2199], [74.2281, 19.2017], [74.2711, 19.2243], [74.3225, 19.2083], [74.3104, 19.189], [74.2744, 19.1848], [74.2713, 19.1628], [74.2424, 19.1235], [74.2312, 19.1299], [74.2171, 19.1252], [74.204, 19.106], [74.207, 19.0877], [74.1818, 19.036], [74.2213, 19.007], [74.2193, 18.9954], [74.2309, 18.9923], [74.2296, 18.9761], [74.2461, 18.9643], [74.2464, 18.9535], [74.2568, 18.9529], [74.2772, 18.921], [74.3007, 18.9033], [74.3176, 18.8535], [74.3278, 18.8434], [74.3383, 18.8374], [74.3578, 18.8437], [74.4034, 18.8305], [74.3915, 18.8032], [74.4056, 18.7773], [74.4055, 18.7413], [74.4308, 18.7489], [74.4467, 18.7386], [74.4569, 18.7194], [74.4828, 18.7222], [74.4847, 18.6815], [74.4922, 18.6746], [74.5129, 18.6774], [74.5171, 18.6674], [74.4803, 18.6411], [74.5163, 18.6158], [74.5561, 18.6139], [74.5492, 18.5833], [74.5869, 18.5477], [74.5766, 18.5446], [74.5784, 18.5321], [74.5552, 18.5137], [74.5593, 18.4987], [74.5858, 18.4731], [74.6174, 18.4673], [74.6487, 18.4496], [74.6796, 18.4611], [74.6629, 18.4736], [74.6645, 18.4852], [74.7098, 18.504], [74.7317, 18.4795], [74.7196, 18.4301], [74.7394, 18.3977], [74.7597, 18.3962], [74.7845, 18.4082], [74.813, 18.3858], [74.8005, 18.3508], [74.8371, 18.3418], [74.8507, 18.2996], [74.8411, 18.2946], [74.8086, 18.3011], [74.7997, 18.284], [74.8376, 18.246], [74.881, 18.247], [74.8922, 18.2571], [74.9551, 18.2631], [74.997, 18.2406], [75.0484, 18.2618], [75.0484, 18.2531], [75.0123, 18.2117], [75.0171, 18.1983], [75.0257, 18.1871], [75.063, 18.1972], [75.0855, 18.2175], [75.1055, 18.2201], [75.1176, 18.1991], [75.0952, 18.1456], [75.0973, 18.1218], [75.1613, 18.1205], [75.1664, 18.106], [75.141, 18.0911], [75.1337, 18.0749], [75.0958, 18.0656], [75.0873, 18.0415], [75.0563, 18.0197], [75.0253, 17.9668], [75.044, 17.9461], [75.0544, 17.946], [75.0742, 17.9752], [75.1061, 17.9726], [75.1125, 17.9925], [75.1235, 17.9973], [75.1384, 17.969], [75.1232, 17.9704], [75.1216, 17.9637], [75.1341, 17.9536], [75.1145, 17.934], [75.1032, 17.9417], [75.0881, 17.9381], [75.093, 17.9225], [75.0758, 17.9137], [75.0563, 17.9238], [75.0501, 17.9169], [75.0581, 17.9013], [75.0431, 17.9026], [75.0277, 17.8914], [75.0215, 17.9068], [74.9661, 17.9143], [74.9475, 17.9241], [74.9432, 17.9393], [74.9155, 17.9443], [74.9009, 17.9368], [74.8739, 17.9502], [74.8514, 17.9472], [74.8682, 17.9908], [74.8372, 17.9921], [74.8309, 18.0092], [74.8177, 18.0168], [74.812, 17.996], [74.7682, 18.0236], [74.7527, 18.018], [74.7352, 18.0282], [74.7172, 18.0275], [74.6976, 18.0386], [74.6913, 18.0586], [74.6703, 18.0684], [74.6618, 18.0681], [74.6463, 18.044], [74.634, 18.0549], [74.6162, 18.0464], [74.5954, 18.0548], [74.5881, 18.0461], [74.5569, 18.0691], [74.5409, 18.0568], [74.4991, 18.0582], [74.4702, 18.0468], [74.439, 18.0646], [74.3863, 18.07], [74.3638, 18.0956], [74.3357, 18.0875], [74.3096, 18.0681], [74.2446, 18.0981], [74.2153, 18.0983], [74.1957, 18.1103], [74.1699, 18.1059], [74.1548, 18.1181], [74.1415, 18.1164], [74.1307, 18.1285], [74.0912, 18.1195], [74.069, 18.1367], [74.0394, 18.1311], [74.0115, 18.1559], [73.9979, 18.1488], [73.9538, 18.18], [73.9128, 18.1593], [73.9057, 18.1818], [73.8822, 18.1723], [73.9119, 18.1355], [73.8989, 18.1152], [73.8706, 18.1192], [73.8888, 18.0839], [73.8794, 18.0726], [73.8818, 18.0519], [73.8662, 18.0309], [73.8555, 18.0403], [73.8482, 18.0307], [73.8219, 18.0352], [73.8005, 18.0214], [73.7709, 18.0256], [73.7685, 18.0366], [73.7148, 18.0474], [73.6739, 18.0261], [73.6592, 18.0403], [73.638, 18.0446], [73.6225, 18.0572], [73.6294, 18.0774], [73.6119, 18.0841], [73.6188, 18.0959], [73.6067, 18.1083], [73.6157, 18.1373], [73.6217, 18.1351], [73.6151, 18.1173], [73.6337, 18.1199], [73.6376, 18.1236], [73.6298, 18.126], [73.6442, 18.1452], [73.6512, 18.1424], [73.6596, 18.1562], [73.6751, 18.154], [73.6715, 18.1649], [73.609, 18.1886], [73.6038, 18.176], [73.5912, 18.1785], [73.5753, 18.1895], [73.5711, 18.2104], [73.5648, 18.1952], [73.5515, 18.2051], [73.5484, 18.1893], [73.5333, 18.1849], [73.5437, 18.2085], [73.5333, 18.2121], [73.5449, 18.2247], [73.5332, 18.2292], [73.5466, 18.2438], [73.5293, 18.2454], [73.5151, 18.257], [73.5261, 18.2712], [73.5155, 18.2727], [73.5193, 18.2856], [73.4902, 18.2706], [73.4861, 18.2997], [73.4652, 18.2968], [73.4566, 18.3078], [73.4321, 18.306], [73.4324, 18.3253], [73.4546, 18.3593], [73.4381, 18.372], [73.4305, 18.4037], [73.4122, 18.3992], [73.4067, 18.4532], [73.417, 18.4666], [73.4204, 18.4975], [73.3915, 18.4827], [73.3867, 18.4666], [73.3749, 18.4678], [73.3726, 18.4829], [73.3856, 18.4803], [73.4045, 18.5024], [73.3949, 18.5035], [73.3674, 18.5318], [73.3541, 18.5318], [73.3551, 18.5469], [73.3678, 18.5565], [73.3432, 18.5473], [73.3332, 18.5624], [73.3449, 18.606], [73.3538, 18.6035], [73.3716, 18.6355], [73.3991, 18.6537], [73.3951, 18.6922], [73.3855, 18.7074], [73.3745, 18.6998], [73.3689, 18.7077], [73.3532, 18.695], [73.3422, 18.701], [73.3631, 18.7237], [73.3647, 18.7521], [73.3783, 18.7905], [73.3843, 18.7866], [73.3888, 18.7928], [73.387, 18.8162], [73.3946, 18.8191], [73.3989, 18.8515], [73.413, 18.8419], [73.4438, 18.8724], [73.4493, 18.8983], [73.4405, 18.9139], [73.4509, 18.9269], [73.4682, 18.9291], [73.4719, 18.9655], [73.489, 18.9651], [73.4882, 18.9788], [73.5213, 18.9673], [73.5665, 19.0157], [73.5452, 19.0319], [73.5516, 19.0503], [73.5275, 19.0487], [73.5286, 19.0583], [73.5372, 19.056], [73.5387, 19.0852], [73.5267, 19.084], [73.5218, 19.0937], [73.5308, 19.101], [73.5367, 19.1289], [73.5504, 19.1226], [73.5543, 19.1423], [73.5423, 19.1553], [73.5499, 19.1596], [73.5485, 19.1764], [73.5539, 19.1744], [73.5573, 19.1847], [73.5758, 19.1819], [73.5797, 19.1891], [73.6179, 19.1892], [73.6231, 19.2061], [73.6356, 19.2097], [73.642, 19.202], [73.6712, 19.239], [73.699, 19.2442], [73.7046, 19.2567], [73.6992, 19.2696], [73.6787, 19.2926], [73.6957, 19.3109], [73.7244, 19.3265], [73.761, 19.3342], [73.7566, 19.3274], [73.7826, 19.33], [73.783, 19.3396], [73.805, 19.3308], [73.7916, 19.3907], [73.8216, 19.393], [73.8514, 19.3754], [73.8575, 19.364], [73.865, 19.3589]]]}}, {"type": "Feature", "id": "mumbai suburban", "properties": {"districtId": "mumbai suburban", "districtName": "Mumbai Suburban", "state": "Maharashtra", "subdivision": "Konkan & Goa", "elevation": 14, "terrain": "Coastal", "centroidLat": 19.076, "centroidLng": 72.8777, "matchedGeoName": "Greater Bombay", "matchedGeoState": "Maharashtra"}, "geometry": {"type": "MultiPolygon", "coordinates": [[[[72.7818, 19.1354], [72.7818, 19.1351], [72.7826, 19.1351], [72.7818, 19.1354]]], [[[72.8589, 19.3135], [72.8717, 19.3129], [72.9121, 19.284], [72.9174, 19.2876], [72.9053, 19.2984], [72.9184, 19.29], [72.949, 19.2895], [72.9638, 19.3018], [72.9749, 19.2954], [72.9954, 19.2787], [73.0334, 19.2052], [73.0536, 19.1984], [73.0744, 19.206], [73.0904, 19.1852], [73.081, 19.1846], [73.0912, 19.1427], [73.1103, 19.139], [73.1189, 19.1448], [73.1243, 19.1374], [73.1208, 19.1107], [73.0754, 19.1099], [73.0584, 19.0971], [73.0598, 19.0268], [73.0424, 18.9988], [73.0032, 19.0013], [73.0037, 19.0293], [72.9935, 19.0585], [72.9632, 19.0585], [72.9554, 19.0276], [72.9185, 18.9996], [72.9068, 18.9993], [72.9093, 18.9912], [72.886, 18.9996], [72.8851, 19.009], [72.8621, 19.0029], [72.8443, 18.929], [72.8382, 18.9285], [72.8449, 18.9249], [72.8332, 18.9212], [72.8076, 18.891], [72.8037, 18.9085], [72.8254, 18.9196], [72.8185, 18.9249], [72.8235, 18.9415], [72.8082, 18.9549], [72.7932, 18.9387], [72.7918, 18.9507], [72.814, 18.9818], [72.8146, 19.0271], [72.8265, 19.0185], [72.8382, 19.0393], [72.8349, 19.0499], [72.8243, 19.0376], [72.816, 19.0424], [72.8268, 19.094], [72.8215, 19.1221], [72.8035, 19.1415], [72.8296, 19.166], [72.831, 19.1776], [72.8276, 19.1835], [72.8043, 19.151], [72.7979, 19.156], [72.8026, 19.1451], [72.7935, 19.1299], [72.7862, 19.1296], [72.789, 19.1501], [72.7801, 19.1663], [72.7946, 19.1721], [72.7968, 19.199], [72.8282, 19.2457], [72.8396, 19.2507], [72.8396, 19.2674], [72.8365, 19.2512], [72.8204, 19.2454], [72.8051, 19.221], [72.7985, 19.2232], [72.804, 19.2187], [72.7937, 19.196], [72.7838, 19.1924], [72.7862, 19.2026], [72.776, 19.2221], [72.7846, 19.2657], [72.7782, 19.279], [72.7899, 19.3096], [72.8088, 19.3029], [72.8579, 19.3149], [72.8589, 19.3135]]]]}}, {"type": "Feature", "id": "mumbai city", "properties": {"districtId": "mumbai city", "districtName": "Mumbai City", "state": "Maharashtra", "subdivision": "Konkan & Goa", "elevation": 10, "terrain": "Coastal", "centroidLat": 18.9388, "centroidLng": 72.8353, "matchedGeoName": "Greater Bombay", "matchedGeoState": "Maharashtra"}, "geometry": {"type": "MultiPolygon", "coordinates": [[[[72.7818, 19.1354], [72.7818, 19.1351], [72.7826, 19.1351], [72.7818, 19.1354]]], [[[72.8589, 19.3135], [72.8717, 19.3129], [72.9121, 19.284], [72.9174, 19.2876], [72.9053, 19.2984], [72.9184, 19.29], [72.949, 19.2895], [72.9638, 19.3018], [72.9749, 19.2954], [72.9954, 19.2787], [73.0334, 19.2052], [73.0536, 19.1984], [73.0744, 19.206], [73.0904, 19.1852], [73.081, 19.1846], [73.0912, 19.1427], [73.1103, 19.139], [73.1189, 19.1448], [73.1243, 19.1374], [73.1208, 19.1107], [73.0754, 19.1099], [73.0584, 19.0971], [73.0598, 19.0268], [73.0424, 18.9988], [73.0032, 19.0013], [73.0037, 19.0293], [72.9935, 19.0585], [72.9632, 19.0585], [72.9554, 19.0276], [72.9185, 18.9996], [72.9068, 18.9993], [72.9093, 18.9912], [72.886, 18.9996], [72.8851, 19.009], [72.8621, 19.0029], [72.8443, 18.929], [72.8382, 18.9285], [72.8449, 18.9249], [72.8332, 18.9212], [72.8076, 18.891], [72.8037, 18.9085], [72.8254, 18.9196], [72.8185, 18.9249], [72.8235, 18.9415], [72.8082, 18.9549], [72.7932, 18.9387], [72.7918, 18.9507], [72.814, 18.9818], [72.8146, 19.0271], [72.8265, 19.0185], [72.8382, 19.0393], [72.8349, 19.0499], [72.8243, 19.0376], [72.816, 19.0424], [72.8268, 19.094], [72.8215, 19.1221], [72.8035, 19.1415], [72.8296, 19.166], [72.831, 19.1776], [72.8276, 19.1835], [72.8043, 19.151], [72.7979, 19.156], [72.8026, 19.1451], [72.7935, 19.1299], [72.7862, 19.1296], [72.789, 19.1501], [72.7801, 19.1663], [72.7946, 19.1721], [72.7968, 19.199], [72.8282, 19.2457], [72.8396, 19.2507], [72.8396, 19.2674], [72.8365, 19.2512], [72.8204, 19.2454], [72.8051, 19.221], [72.7985, 19.2232], [72.804, 19.2187], [72.7937, 19.196], [72.7838, 19.1924], [72.7862, 19.2026], [72.776, 19.2221], [72.7846, 19.2657], [72.7782, 19.279], [72.7899, 19.3096], [72.8088, 19.3029], [72.8579, 19.3149], [72.8589, 19.3135]]]]}}, {"type": "Feature", "id": "thane", "properties": {"districtId": "thane", "districtName": "Thane", "state": "Maharashtra", "subdivision": "Konkan & Goa", "elevation": 15, "terrain": "Coastal", "centroidLat": 19.2183, "centroidLng": 72.9781, "matchedGeoName": "Thane", "matchedGeoState": "Maharashtra"}, "geometry": {"type": "MultiPolygon", "coordinates": [[[[72.7312, 19.4685], [72.7329, 19.4574], [72.7304, 19.4685], [72.7312, 19.4685]]], [[[72.8887, 20.2258], [72.9704, 20.2123], [72.9762, 20.18], [72.9867, 20.1713], [72.9732, 20.1308], [72.9892, 20.1132], [73.0043, 20.1179], [73.0105, 20.1402], [73.0175, 20.135], [73.0102, 20.1104], [73.0528, 20.0677], [73.0592, 20.0679], [73.0606, 20.0991], [73.0984, 20.0937], [73.1175, 20.0788], [73.1395, 20.0843], [73.1859, 20.0529], [73.1989, 20.0623], [73.198, 20.0778], [73.2191, 20.0975], [73.2163, 20.122], [73.2267, 20.1226], [73.2355, 20.141], [73.2381, 20.1281], [73.2561, 20.1279], [73.2635, 20.1128], [73.2815, 20.1049], [73.2832, 20.0834], [73.2727, 20.0737], [73.2881, 20.0465], [73.3007, 20.0497], [73.3021, 20.06], [73.3121, 20.0508], [73.3206, 20.0573], [73.3428, 20.0396], [73.3726, 20.0351], [73.3736, 20.021], [73.3823, 20.0147], [73.3866, 20.0255], [73.3955, 20.0134], [73.3999, 20.0196], [73.4149, 20.017], [73.4351, 19.9846], [73.4614, 19.9821], [73.4574, 19.9661], [73.4638, 19.9592], [73.4509, 19.9543], [73.4492, 19.9346], [73.4328, 19.9157], [73.4443, 19.8729], [73.4259, 19.8597], [73.4301, 19.8367], [73.4519, 19.8254], [73.4558, 19.7731], [73.471, 19.7595], [73.5098, 19.7587], [73.516, 19.7298], [73.5003, 19.7146], [73.5291, 19.7018], [73.5604, 19.6503], [73.5724, 19.6424], [73.5747, 19.6165], [73.5951, 19.6087], [73.5863, 19.6014], [73.6288, 19.5871], [73.6372, 19.5726], [73.6348, 19.5428], [73.6457, 19.5308], [73.6482, 19.5364], [73.6649, 19.5348], [73.6768, 19.5143], [73.6949, 19.5162], [73.7175, 19.4964], [73.7156, 19.4831], [73.6842, 19.4626], [73.6953, 19.4438], [73.7158, 19.4316], [73.7373, 19.4303], [73.7382, 19.4145], [73.7611, 19.4095], [73.7635, 19.397], [73.78, 19.3955], [73.7985, 19.3647], [73.805, 19.3308], [73.783, 19.3396], [73.7826, 19.33], [73.7566, 19.3274], [73.761, 19.3342], [73.7244, 19.3265], [73.6806, 19.3004], [73.6802, 19.2881], [73.7046, 19.2567], [73.699, 19.2442], [73.6712, 19.239], [73.642, 19.202], [73.6356, 19.2097], [73.6231, 19.2061], [73.6179, 19.1892], [73.5537, 19.1827], [73.5499, 19.1596], [73.5423, 19.1553], [73.5543, 19.1423], [73.5489, 19.1216], [73.524, 19.1304], [73.4961, 19.1244], [73.4821, 19.1346], [73.4419, 19.1271], [73.4121, 19.1343], [73.3602, 19.1283], [73.3212, 19.1069], [73.3271, 19.0815], [73.3107, 19.0745], [73.3102, 19.0817], [73.2898, 19.084], [73.2734, 19.0655], [73.2571, 19.0633], [73.2088, 19.1242], [73.1876, 19.1084], [73.1651, 19.1124], [73.1551, 19.1254], [73.1414, 19.1095], [73.1208, 19.1107], [73.1238, 19.1416], [73.0912, 19.1427], [73.081, 19.1846], [73.0904, 19.1852], [73.0744, 19.206], [73.0384, 19.2004], [73.015, 19.2321], [72.9954, 19.2787], [72.9749, 19.2954], [72.9638, 19.3018], [72.949, 19.2895], [72.9184, 19.29], [72.9053, 19.2984], [72.9174, 19.2876], [72.9121, 19.284], [72.8717, 19.3129], [72.8562, 19.3154], [72.8086, 19.3029], [72.7932, 19.3104], [72.799, 19.3313], [72.7576, 19.376], [72.766, 19.3932], [72.7446, 19.4629], [72.7801, 19.4913], [72.7862, 19.526], [72.7754, 19.5265], [72.784, 19.5257], [72.7835, 19.5163], [72.7649, 19.5043], [72.7182, 19.5387], [72.721, 19.5665], [72.7126, 19.596], [72.7379, 19.5979], [72.7301, 19.6012], [72.7279, 19.6249], [72.7129, 19.6446], [72.7099, 19.7068], [72.6937, 19.7293], [72.7087, 19.7262], [72.7193, 19.7551], [72.7068, 19.7324], [72.6935, 19.7357], [72.6854, 19.7601], [72.6896, 19.8029], [72.6957, 19.8049], [72.6885, 19.8057], [72.6871, 19.7943], [72.6762, 19.8171], [72.6593, 19.821], [72.6507, 19.8543], [72.6546, 19.859], [72.6726, 19.8526], [72.6813, 19.8651], [72.6771, 19.9193], [72.6643, 19.9329], [72.6901, 19.9582], [72.7199, 19.9688], [72.7343, 19.9426], [72.754, 19.939], [72.7549, 19.9274], [72.7537, 19.9426], [72.7379, 19.9443], [72.7329, 19.9613], [72.7162, 19.9724], [72.7215, 20.0012], [72.7076, 20.0701], [72.7115, 20.0793], [72.7268, 20.0832], [72.7376, 20.1365], [72.8018, 20.125], [72.8021, 20.1485], [72.8159, 20.1533], [72.8353, 20.1446], [72.8288, 20.1566], [72.8355, 20.1877], [72.8497, 20.1893], [72.8461, 20.2036], [72.872, 20.2082], [72.8719, 20.2226], [72.8843, 20.2266], [72.8887, 20.2258]]]]}}, {"type": "Feature", "id": "raigad", "properties": {"districtId": "raigad", "districtName": "Raigad", "state": "Maharashtra", "subdivision": "Konkan & Goa", "elevation": 30, "terrain": "Coastal", "centroidLat": 18.5158, "centroidLng": 73.1812, "matchedGeoName": "Raigarh", "matchedGeoState": "Maharashtra"}, "geometry": {"type": "MultiPolygon", "coordinates": [[[[73.0382, 18.0521], [73.0382, 18.0515], [73.0385, 18.0515], [73.0382, 18.0521]]], [[[72.966, 18.3013], [72.966, 18.3001], [72.9665, 18.3001], [72.966, 18.3013]]], [[[73.079, 18.3104], [73.0771, 18.3049], [73.0785, 18.3104], [73.079, 18.3104]]], [[[73.0821, 18.3221], [73.0821, 18.3213], [73.0824, 18.3213], [73.0821, 18.3221]]], [[[72.8649, 18.6357], [72.8649, 18.6351], [72.8651, 18.6351], [72.8649, 18.6357]]], [[[72.8126, 18.7065], [72.8126, 18.7063], [72.8129, 18.7063], [72.8126, 18.7065]]], [[[72.8426, 18.7085], [72.8426, 18.7082], [72.8429, 18.7082], [72.8426, 18.7085]]], [[[72.9015, 18.9643], [72.9088, 18.9532], [72.9035, 18.9565], [72.8996, 18.941], [72.9004, 18.9643], [72.9015, 18.9643]]], [[[72.939, 18.9724], [72.9351, 18.9521], [72.9243, 18.9635], [72.9388, 18.9724], [72.939, 18.9724]]], [[[73.026, 18.9999], [73.0285, 18.9929], [73.0257, 18.9999], [73.026, 18.9999]]], [[[73.4821, 19.1346], [73.4961, 19.1244], [73.5367, 19.1289], [73.5308, 19.101], [73.5218, 19.0937], [73.5267, 19.084], [73.5387, 19.0852], [73.5372, 19.056], [73.5286, 19.0583], [73.5275, 19.0487], [73.5516, 19.0503], [73.5452, 19.0319], [73.5665, 19.0157], [73.5213, 18.9673], [73.4882, 18.9788], [73.489, 18.9651], [73.4719, 18.9655], [73.4682, 18.9291], [73.4509, 18.9269], [73.4405, 18.9139], [73.4493, 18.8983], [73.4376, 18.8621], [73.425, 18.8596], [73.413, 18.8419], [73.3989, 18.8515], [73.3946, 18.8191], [73.387, 18.8162], [73.3888, 18.7928], [73.3843, 18.7866], [73.3783, 18.7905], [73.3647, 18.7521], [73.3631, 18.7237], [73.3422, 18.701], [73.3532, 18.695], [73.3689, 18.7077], [73.3745, 18.6998], [73.3855, 18.7074], [73.3951, 18.6922], [73.3991, 18.6537], [73.3716, 18.6355], [73.3538, 18.6035], [73.3449, 18.606], [73.3332, 18.5624], [73.3432, 18.5473], [73.3678, 18.5565], [73.3551, 18.5469], [73.3541, 18.5318], [73.3674, 18.5318], [73.3949, 18.5035], [73.4045, 18.5024], [73.3856, 18.4803], [73.3726, 18.4829], [73.3749, 18.4678], [73.3867, 18.4666], [73.3915, 18.4827], [73.4204, 18.4975], [73.417, 18.4666], [73.4067, 18.4532], [73.4122, 18.3992], [73.4305, 18.4037], [73.4381, 18.372], [73.4546, 18.3593], [73.4324, 18.3253], [73.4321, 18.306], [73.4566, 18.3078], [73.4652, 18.2968], [73.4861, 18.2997], [73.4902, 18.2706], [73.5193, 18.2856], [73.5155, 18.2727], [73.5261, 18.2712], [73.5151, 18.257], [73.5293, 18.2454], [73.5466, 18.2438], [73.5332, 18.2292], [73.5449, 18.2247], [73.5333, 18.2121], [73.5437, 18.2085], [73.5313, 18.1866], [73.5484, 18.1893], [73.5515, 18.2051], [73.5648, 18.1952], [73.5711, 18.2104], [73.58, 18.1843], [73.6038, 18.176], [73.609, 18.1886], [73.6334, 18.1756], [73.6666, 18.1704], [73.6763, 18.1554], [73.6596, 18.1562], [73.6512, 18.1424], [73.6442, 18.1452], [73.6298, 18.126], [73.6376, 18.1236], [73.6337, 18.1199], [73.6151, 18.1173], [73.6217, 18.1351], [73.6157, 18.1373], [73.6065, 18.1056], [73.6188, 18.0959], [73.6119, 18.0841], [73.6294, 18.0774], [73.6225, 18.0572], [73.6649, 18.0345], [73.668, 18.0276], [73.6596, 18.0216], [73.6655, 18.0123], [73.6356, 17.9837], [73.6454, 17.9675], [73.6044, 17.9347], [73.5857, 17.9424], [73.5846, 17.9269], [73.5462, 17.896], [73.5484, 17.8879], [73.5705, 17.8905], [73.5799, 17.8759], [73.5608, 17.8639], [73.5448, 17.8816], [73.5157, 17.8498], [73.5064, 17.8516], [73.5041, 17.8636], [73.4731, 17.864], [73.4597, 17.8493], [73.4519, 17.8578], [73.4557, 17.8715], [73.4461, 17.9026], [73.4092, 17.8811], [73.3847, 17.8869], [73.3813, 17.9045], [73.3882, 17.9163], [73.3728, 17.9377], [73.3727, 17.9538], [73.355, 17.9709], [73.3709, 18.0091], [73.358, 18.0236], [73.3455, 18.0112], [73.3344, 18.0257], [73.3158, 18.0223], [73.3017, 18.0329], [73.308, 18.057], [73.2993, 18.0691], [73.2352, 18.0532], [73.2164, 18.0675], [73.2012, 18.0555], [73.1854, 18.0574], [73.1251, 17.9813], [73.1089, 17.9907], [73.0373, 17.9849], [73.0179, 17.991], [73.0168, 18.0065], [73.0021, 18.0212], [73.0235, 18.0238], [73.0454, 18.0415], [73.0296, 18.0321], [73.0215, 18.0393], [73.0404, 18.0532], [73.0251, 18.0504], [73.0157, 18.0321], [73.0049, 18.0526], [72.9899, 18.0551], [73.0029, 18.0757], [72.971, 18.1321], [72.9818, 18.1371], [72.9904, 18.1579], [72.979, 18.1926], [72.9879, 18.1943], [72.9557, 18.2196], [72.9315, 18.2193], [72.9426, 18.2468], [72.9351, 18.281], [72.9479, 18.2854], [72.9551, 18.2776], [72.9654, 18.2796], [72.974, 18.2468], [72.9815, 18.2421], [73.0179, 18.2457], [73.0663, 18.2251], [73.0707, 18.2074], [73.0576, 18.199], [73.0557, 18.1871], [73.0715, 18.1724], [73.0687, 18.1654], [73.0771, 18.1649], [73.0726, 18.1565], [73.0793, 18.1624], [73.0871, 18.1504], [73.0837, 18.1618], [73.0915, 18.1679], [73.0596, 18.1907], [73.0757, 18.1999], [73.0804, 18.2313], [73.0615, 18.251], [73.0679, 18.2701], [73.0526, 18.2799], [73.0429, 18.299], [73.0768, 18.2985], [73.0863, 18.2879], [73.0776, 18.2985], [73.0879, 18.3268], [73.0682, 18.3049], [73.0504, 18.3079], [73.0401, 18.3015], [73.0546, 18.2704], [73.0279, 18.2643], [73.0124, 18.2837], [73.0004, 18.2843], [72.9929, 18.2735], [72.9815, 18.2999], [72.9704, 18.2996], [72.9676, 18.3101], [72.9554, 18.316], [72.961, 18.3196], [72.9501, 18.3371], [72.934, 18.3429], [72.9343, 18.351], [72.9174, 18.3485], [72.9112, 18.3668], [72.9262, 18.3729], [72.9262, 18.3865], [72.9065, 18.4026], [72.9054, 18.441], [72.8949, 18.4638], [72.904, 18.5015], [72.9112, 18.5032], [72.9046, 18.5393], [72.9174, 18.529], [72.9285, 18.5418], [72.8854, 18.6263], [72.884, 18.6385], [72.9018, 18.6326], [72.8874, 18.6413], [72.8704, 18.6396], [72.8551, 18.6968], [72.8643, 18.7213], [72.8635, 18.7912], [72.8693, 18.8046], [72.8871, 18.8037], [72.8874, 18.7982], [72.9007, 18.804], [72.9163, 18.7924], [72.9407, 18.8279], [72.9704, 18.7899], [72.9826, 18.8096], [72.9807, 18.8507], [72.9887, 18.866], [72.9465, 18.8463], [72.9265, 18.851], [72.9082, 18.8857], [72.9079, 18.9021], [72.9274, 18.9115], [72.9418, 18.8954], [72.9424, 18.9093], [72.9576, 18.9085], [72.9613, 18.9232], [72.9393, 18.946], [72.9557, 18.974], [72.9774, 18.9626], [72.9962, 18.9685], [73.0576, 19.0162], [73.0596, 19.0992], [73.1, 19.1146], [73.1127, 19.1068], [73.1414, 19.1095], [73.1551, 19.1254], [73.1651, 19.1124], [73.1876, 19.1084], [73.2088, 19.1242], [73.2571, 19.0633], [73.2734, 19.0655], [73.2898, 19.084], [73.3102, 19.0817], [73.3107, 19.0745], [73.3271, 19.0815], [73.3212, 19.1069], [73.3602, 19.1283], [73.4121, 19.1343], [73.469, 19.1301], [73.4821, 19.1346]]]]}}, {"type": "Feature", "id": "ratnagiri", "properties": {"districtId": "ratnagiri", "districtName": "Ratnagiri", "state": "Maharashtra", "subdivision": "Konkan & Goa", "elevation": 11, "terrain": "Coastal", "centroidLat": 16.9902, "centroidLng": 73.312, "matchedGeoName": "Ratnagiri", "matchedGeoState": "Maharashtra"}, "geometry": {"type": "MultiPolygon", "coordinates": [[[[73.0843, 17.8188], [73.0843, 17.8185], [73.0846, 17.8185], [73.0843, 17.8188]]], [[[73.2993, 18.0691], [73.308, 18.057], [73.3017, 18.0329], [73.3158, 18.0223], [73.3344, 18.0257], [73.3455, 18.0112], [73.358, 18.0236], [73.3709, 18.0091], [73.355, 17.9709], [73.3727, 17.9538], [73.3728, 17.9377], [73.3882, 17.9163], [73.3813, 17.9045], [73.3847, 17.8869], [73.4092, 17.8811], [73.4461, 17.9026], [73.4557, 17.8715], [73.4519, 17.8578], [73.4597, 17.8493], [73.4731, 17.864], [73.5041, 17.8636], [73.5064, 17.8516], [73.5157, 17.8498], [73.5448, 17.8816], [73.5608, 17.8639], [73.5859, 17.8757], [73.5867, 17.8573], [73.6061, 17.8468], [73.5926, 17.8285], [73.6123, 17.7938], [73.5932, 17.7864], [73.6006, 17.7774], [73.5986, 17.7638], [73.5763, 17.7209], [73.6036, 17.6985], [73.6246, 17.7116], [73.6449, 17.6985], [73.6632, 17.7059], [73.6689, 17.6945], [73.6998, 17.6843], [73.6908, 17.6765], [73.7125, 17.657], [73.7016, 17.6262], [73.734, 17.6186], [73.7253, 17.6059], [73.7385, 17.5898], [73.7259, 17.5727], [73.7513, 17.5594], [73.7562, 17.5479], [73.7508, 17.5304], [73.7265, 17.5165], [73.7157, 17.5055], [73.7171, 17.4921], [73.7044, 17.4853], [73.717, 17.4645], [73.7111, 17.4518], [73.7144, 17.4221], [73.6929, 17.4158], [73.679, 17.3924], [73.6541, 17.39], [73.6916, 17.3622], [73.6959, 17.3125], [73.6873, 17.292], [73.6994, 17.284], [73.7034, 17.2364], [73.728, 17.2011], [73.7034, 17.1773], [73.7187, 17.166], [73.699, 17.157], [73.7011, 17.1421], [73.72, 17.1391], [73.7487, 17.1203], [73.7605, 17.1273], [73.778, 17.1075], [73.7904, 17.1063], [73.7978, 17.0918], [73.8166, 17.0843], [73.8129, 17.0603], [73.8262, 17.0622], [73.8434, 17.0526], [73.832, 17.0366], [73.8431, 17.0244], [73.8365, 17.0114], [73.8427, 16.9893], [73.7968, 16.9914], [73.775, 16.9612], [73.8046, 16.9288], [73.7994, 16.9065], [73.7577, 16.9034], [73.7538, 16.9152], [73.7488, 16.9112], [73.7483, 16.896], [73.7582, 16.9002], [73.7581, 16.8811], [73.777, 16.869], [73.7784, 16.8527], [73.7615, 16.8329], [73.7471, 16.8422], [73.7419, 16.8311], [73.7342, 16.8356], [73.7216, 16.8284], [73.7387, 16.8148], [73.7472, 16.8192], [73.7621, 16.8115], [73.7698, 16.8013], [73.7713, 16.7686], [73.7897, 16.7809], [73.8008, 16.7613], [73.828, 16.7635], [73.8437, 16.7458], [73.85, 16.7348], [73.8369, 16.7129], [73.8223, 16.705], [73.8693, 16.6791], [73.8622, 16.6717], [73.8747, 16.6684], [73.8659, 16.6503], [73.8427, 16.6466], [73.7819, 16.6611], [73.7757, 16.644], [73.7841, 16.623], [73.7748, 16.6], [73.7345, 16.6017], [73.7122, 16.6239], [73.6993, 16.6223], [73.6807, 16.5858], [73.6737, 16.5867], [73.6712, 16.5743], [73.6597, 16.5733], [73.6583, 16.5629], [73.6492, 16.561], [73.643, 16.5781], [73.6335, 16.581], [73.6203, 16.551], [73.6061, 16.5408], [73.5913, 16.5417], [73.5532, 16.5135], [73.537, 16.5221], [73.5241, 16.5139], [73.5055, 16.5168], [73.491, 16.4974], [73.476, 16.4916], [73.4291, 16.5161], [73.4063, 16.5089], [73.3579, 16.5263], [73.3543, 16.5393], [73.3729, 16.5399], [73.3507, 16.5435], [73.3463, 16.5571], [73.3735, 16.5501], [73.3938, 16.5543], [73.3562, 16.5554], [73.3549, 16.566], [73.3624, 16.5685], [73.3426, 16.5662], [73.3429, 16.5785], [73.3304, 16.5774], [73.319, 16.5932], [73.3201, 16.6071], [73.3304, 16.6085], [73.3526, 16.5965], [73.3407, 16.6054], [73.351, 16.6118], [73.3518, 16.6251], [73.3307, 16.6201], [73.3421, 16.6282], [73.3399, 16.6382], [73.3238, 16.6362], [73.3218, 16.6424], [73.3332, 16.6535], [73.3296, 16.6857], [73.3396, 16.6857], [73.3182, 16.6965], [73.3054, 16.7293], [73.3076, 16.7801], [73.3176, 16.806], [73.3332, 16.8165], [73.3265, 16.8207], [73.3112, 16.8068], [73.2954, 16.8168], [73.2879, 16.8435], [73.2932, 16.849], [73.2879, 16.8582], [73.2949, 16.8621], [73.2857, 16.8807], [73.2968, 16.8899], [73.3135, 16.889], [73.2937, 16.8979], [73.2771, 16.8921], [73.2868, 16.9162], [73.2818, 16.9496], [73.2921, 16.9568], [73.2943, 16.986], [73.2799, 16.9924], [73.271, 16.9865], [73.2693, 17.0001], [73.2829, 17.001], [73.2838, 17.0121], [73.2763, 17.0235], [73.2574, 17.0196], [73.2543, 17.0274], [73.256, 17.0479], [73.266, 17.0476], [73.2776, 17.034], [73.2754, 17.0254], [73.2826, 17.0179], [73.2899, 17.0218], [73.2893, 17.0068], [73.2932, 17.0226], [73.2804, 17.0321], [73.2843, 17.0401], [73.3138, 17.0332], [73.3199, 17.0382], [73.3026, 17.0374], [73.2901, 17.0476], [73.2785, 17.0404], [73.2879, 17.0543], [73.2882, 17.0754], [73.2982, 17.0785], [73.2832, 17.0796], [73.2835, 17.1132], [73.266, 17.1129], [73.2726, 17.1204], [73.2529, 17.189], [73.2312, 17.1982], [73.2451, 17.1965], [73.2471, 17.2104], [73.2315, 17.246], [73.2232, 17.2476], [73.2288, 17.251], [73.2215, 17.2557], [73.2235, 17.2665], [73.2118, 17.2757], [73.2046, 17.2685], [73.2024, 17.2882], [73.1893, 17.2979], [73.1957, 17.3068], [73.2049, 17.2987], [73.2221, 17.3029], [73.2276, 17.2815], [73.244, 17.3074], [73.2426, 17.3188], [73.2293, 17.319], [73.2188, 17.3293], [73.2268, 17.3343], [73.2146, 17.3457], [73.2199, 17.3565], [73.2071, 17.3843], [73.1765, 17.3874], [73.1671, 17.4051], [73.1787, 17.4068], [73.1871, 17.4146], [73.1868, 17.4307], [73.2057, 17.439], [73.186, 17.4418], [73.184, 17.4557], [73.1937, 17.4685], [73.184, 17.5057], [73.1621, 17.5301], [73.1543, 17.5293], [73.1371, 17.556], [73.1404, 17.5685], [73.1524, 17.5737], [73.1632, 17.5685], [73.1685, 17.5824], [73.1437, 17.6018], [73.1271, 17.6371], [73.1357, 17.6446], [73.114, 17.6943], [73.1357, 17.7076], [73.1351, 17.7162], [73.1121, 17.7896], [73.0957, 17.811], [73.0885, 17.8082], [73.0949, 17.821], [73.0893, 17.8415], [73.1249, 17.836], [73.1332, 17.8246], [73.1326, 17.8301], [73.0904, 17.8438], [73.0713, 17.8888], [73.076, 17.8968], [73.0635, 17.8907], [73.0501, 17.9068], [73.0521, 17.929], [73.0724, 17.9274], [73.0924, 17.9407], [73.0721, 17.929], [73.0415, 17.9324], [73.0285, 17.949], [73.0373, 17.985], [73.1089, 17.9907], [73.1251, 17.9813], [73.1893, 18.0593], [73.2012, 18.0555], [73.2164, 18.0675], [73.2352, 18.0532], [73.2889, 18.068], [73.2993, 18.0691]]]]}}, {"type": "Feature", "id": "sindhudurg", "properties": {"districtId": "sindhudurg", "districtName": "Sindhudurg", "state": "Maharashtra", "subdivision": "Konkan & Goa", "elevation": 25, "terrain": "Coastal", "centroidLat": 16.1265, "centroidLng": 73.6993, "matchedGeoName": "Sindhudurg", "matchedGeoState": "Maharashtra"}, "geometry": {"type": "MultiPolygon", "coordinates": [[[[73.456, 15.8899], [73.456, 15.8896], [73.4563, 15.8896], [73.456, 15.8899]]], [[[73.4626, 15.8904], [73.4626, 15.8902], [73.4635, 15.8902], [73.4626, 15.8904]]], [[[73.4662, 15.896], [73.4662, 15.8957], [73.4668, 15.8957], [73.4662, 15.896]]], [[[73.4601, 16.0457], [73.4613, 16.0388], [73.4587, 16.0457], [73.4601, 16.0457]]], [[[73.4432, 16.1026], [73.4432, 16.1024], [73.4435, 16.1024], [73.4432, 16.1026]]], [[[73.7925, 16.6582], [73.8627, 16.6487], [73.8614, 16.6342], [73.8726, 16.6117], [73.8527, 16.5839], [73.8562, 16.5694], [73.8416, 16.5448], [73.8271, 16.5433], [73.8571, 16.5247], [73.8524, 16.505], [73.8624, 16.4855], [73.873, 16.4736], [73.8935, 16.4731], [73.8971, 16.4558], [73.8963, 16.447], [73.8467, 16.4013], [73.8478, 16.3905], [73.8684, 16.383], [73.875, 16.372], [73.8662, 16.3568], [73.8446, 16.3442], [73.8576, 16.3236], [73.8501, 16.315], [73.8581, 16.3117], [73.856, 16.2984], [73.8657, 16.3133], [73.8751, 16.3075], [73.8958, 16.3268], [73.897, 16.3217], [73.9132, 16.3266], [73.9111, 16.3024], [73.8999, 16.2977], [73.8902, 16.2776], [73.9051, 16.2555], [73.9285, 16.2441], [73.9015, 16.2291], [73.926, 16.2284], [73.9524, 16.2412], [73.956, 16.2364], [73.9343, 16.2171], [73.9359, 16.1983], [73.9505, 16.2045], [73.968, 16.1985], [73.9505, 16.1849], [73.9551, 16.1704], [73.9245, 16.1706], [73.928, 16.1652], [73.9175, 16.1567], [73.9283, 16.1515], [73.9184, 16.1334], [73.8951, 16.1433], [73.876, 16.1446], [73.8759, 16.1365], [73.8546, 16.1505], [73.8637, 16.1338], [73.8446, 16.092], [73.8539, 16.0769], [73.8668, 16.0731], [73.8541, 16.0934], [73.869, 16.1053], [73.8821, 16.1045], [73.8737, 16.0955], [73.907, 16.0871], [73.9154, 16.098], [74.0056, 16.0865], [74.0009, 16.0757], [74.0144, 16.074], [74.0023, 16.0556], [74.0098, 16.0504], [74.0098, 16.0358], [74.0564, 16.0322], [74.0644, 16.0491], [74.095, 16.0137], [74.0984, 16.0045], [74.0745, 15.9853], [74.0537, 15.9547], [74.0738, 15.9386], [74.0812, 15.9462], [74.1014, 15.8955], [74.1003, 15.8696], [74.0401, 15.8319], [74.0502, 15.7688], [74.037, 15.7622], [74.0598, 15.7524], [74.0872, 15.7664], [74.0643, 15.7721], [74.0565, 15.8046], [74.0742, 15.8114], [74.0779, 15.8311], [74.1022, 15.8375], [74.1109, 15.8373], [74.1188, 15.8195], [74.1517, 15.8295], [74.1492, 15.8195], [74.1665, 15.8193], [74.1626, 15.7857], [74.1806, 15.7722], [74.2074, 15.7832], [74.2174, 15.7788], [74.2044, 15.7534], [74.1677, 15.7493], [74.1601, 15.7343], [74.1306, 15.7179], [74.1415, 15.7004], [74.1336, 15.6784], [74.0965, 15.6708], [74.126, 15.6503], [74.1228, 15.6452], [74.0806, 15.6262], [74.0393, 15.6209], [74.0279, 15.6046], [74.0024, 15.6091], [73.976, 15.6289], [73.9693, 15.6443], [73.9757, 15.6598], [73.9713, 15.6873], [73.9572, 15.6967], [73.9589, 15.7113], [73.9454, 15.7415], [73.8824, 15.7494], [73.8869, 15.7703], [73.8735, 15.7953], [73.8616, 15.7939], [73.857, 15.7782], [73.8388, 15.7609], [73.833, 15.7378], [73.8204, 15.7399], [73.7932, 15.7237], [73.7582, 15.7328], [73.737, 15.7173], [73.6682, 15.731], [73.6485, 15.7457], [73.6665, 15.7568], [73.6746, 15.7532], [73.6632, 15.7576], [73.6543, 15.7876], [73.6621, 15.8051], [73.6526, 15.794], [73.6363, 15.8157], [73.6296, 15.8457], [73.6212, 15.8588], [73.6129, 15.8546], [73.5904, 15.9124], [73.5687, 15.9126], [73.5371, 15.9376], [73.5099, 15.9374], [73.5015, 15.9554], [73.506, 15.9682], [73.4887, 15.9879], [73.4832, 16.036], [73.4668, 16.054], [73.4549, 16.0551], [73.4676, 16.0713], [73.4571, 16.0807], [73.4626, 16.0863], [73.4574, 16.121], [73.4357, 16.199], [73.444, 16.1982], [73.4393, 16.2051], [73.449, 16.2079], [73.4424, 16.2068], [73.4474, 16.2246], [73.4432, 16.211], [73.4279, 16.201], [73.411, 16.2735], [73.4149, 16.2832], [73.4357, 16.2865], [73.4171, 16.2857], [73.4168, 16.2924], [73.4104, 16.2779], [73.3938, 16.3146], [73.3954, 16.3318], [73.3854, 16.3365], [73.3893, 16.3621], [73.3943, 16.3549], [73.4112, 16.3621], [73.3679, 16.3635], [73.371, 16.3896], [73.3737, 16.3763], [73.3887, 16.3951], [73.4013, 16.3896], [73.4054, 16.4049], [73.3654, 16.3976], [73.3571, 16.4399], [73.3649, 16.4396], [73.3493, 16.4479], [73.3101, 16.539], [73.3176, 16.5562], [73.3221, 16.5518], [73.3335, 16.5624], [73.3468, 16.5299], [73.364, 16.516], [73.349, 16.5043], [73.3668, 16.5132], [73.4063, 16.5089], [73.4291, 16.5161], [73.4735, 16.4919], [73.4861, 16.494], [73.5055, 16.5168], [73.5241, 16.5139], [73.537, 16.5221], [73.5532, 16.5135], [73.5913, 16.5417], [73.6061, 16.5408], [73.6203, 16.551], [73.6335, 16.581], [73.643, 16.5781], [73.6492, 16.561], [73.6583, 16.5629], [73.6597, 16.5733], [73.6712, 16.5743], [73.6737, 16.5867], [73.6807, 16.5858], [73.6993, 16.6223], [73.7122, 16.6239], [73.7345, 16.6017], [73.7748, 16.6], [73.7841, 16.623], [73.7773, 16.6582], [73.7897, 16.6601], [73.7925, 16.6582]]]]}}, {"type": "Feature", "id": "nashik", "properties": {"districtId": "nashik", "districtName": "Nashik", "state": "Maharashtra", "subdivision": "Madhya Maharashtra", "elevation": 600, "terrain": "Orographic/Ghats", "centroidLat": 19.9975, "centroidLng": 73.7898, "matchedGeoName": "Nashik", "matchedGeoState": "Maharashtra"}, "geometry": {"type": "Polygon", "coordinates": [[[74.1441, 20.8602], [74.1503, 20.8533], [74.1634, 20.8534], [74.1651, 20.8635], [74.1996, 20.8556], [74.2235, 20.8597], [74.2406, 20.8509], [74.2592, 20.8597], [74.2702, 20.8518], [74.2959, 20.8565], [74.3207, 20.8433], [74.3311, 20.8493], [74.3409, 20.8397], [74.3443, 20.8527], [74.3535, 20.8492], [74.3536, 20.8605], [74.362, 20.8582], [74.363, 20.8443], [74.39, 20.8416], [74.3899, 20.8546], [74.4014, 20.8607], [74.4099, 20.8371], [74.3923, 20.836], [74.4267, 20.8067], [74.4426, 20.8027], [74.4547, 20.8031], [74.4827, 20.8326], [74.4889, 20.8193], [74.5113, 20.8189], [74.5166, 20.8093], [74.5437, 20.836], [74.5717, 20.8246], [74.5767, 20.8342], [74.5865, 20.8155], [74.6165, 20.8071], [74.641, 20.7829], [74.6689, 20.7757], [74.6589, 20.7587], [74.6651, 20.738], [74.6548, 20.6963], [74.7139, 20.6907], [74.7346, 20.6812], [74.7418, 20.6691], [74.7532, 20.6725], [74.7537, 20.6658], [74.8091, 20.6581], [74.807, 20.6377], [74.8184, 20.6352], [74.8139, 20.5884], [74.8057, 20.5899], [74.7981, 20.5718], [74.8029, 20.5496], [74.7993, 20.5409], [74.7656, 20.54], [74.7783, 20.5059], [74.7876, 20.509], [74.7898, 20.5015], [74.7772, 20.4719], [74.7991, 20.4783], [74.8099, 20.446], [74.8222, 20.4418], [74.8231, 20.4304], [74.8456, 20.4112], [74.8322, 20.4038], [74.8542, 20.384], [74.8646, 20.336], [74.8711, 20.3364], [74.8702, 20.3175], [74.8625, 20.3144], [74.8633, 20.283], [74.9412, 20.2729], [74.9375, 20.2479], [74.9118, 20.2446], [74.9145, 20.2169], [74.9348, 20.2149], [74.9355, 20.1825], [74.9279, 20.1718], [74.9339, 20.1537], [74.9144, 20.1538], [74.9025, 20.178], [74.8597, 20.1782], [74.8622, 20.2283], [74.8341, 20.2348], [74.8325, 20.2443], [74.7877, 20.2316], [74.7885, 20.2266], [74.8078, 20.2323], [74.7882, 20.2051], [74.7639, 20.2007], [74.768, 20.1839], [74.7457, 20.1871], [74.7425, 20.1958], [74.728, 20.1915], [74.7095, 20.1157], [74.7346, 20.1125], [74.7423, 20.0833], [74.715, 20.0794], [74.7271, 20.0558], [74.7145, 20.0413], [74.7244, 20.0221], [74.7051, 20.0192], [74.6962, 20.0073], [74.6896, 19.9902], [74.6938, 19.9724], [74.6795, 19.9641], [74.6777, 19.9476], [74.5782, 19.9554], [74.5363, 19.9763], [74.5023, 19.9703], [74.501, 19.9644], [74.4852, 19.9671], [74.4904, 19.9808], [74.4743, 19.9886], [74.4507, 19.975], [74.3913, 19.9813], [74.3837, 19.9724], [74.3721, 19.9749], [74.3713, 19.9663], [74.357, 19.9671], [74.3536, 19.9845], [74.3253, 19.9862], [74.3152, 19.9678], [74.2957, 19.9875], [74.2892, 19.9597], [74.2575, 19.9648], [74.2561, 19.9375], [74.2787, 19.9337], [74.2835, 19.9089], [74.3439, 19.8868], [74.3464, 19.8741], [74.3702, 19.8713], [74.3692, 19.8368], [74.3776, 19.8365], [74.3836, 19.8066], [74.3394, 19.7997], [74.3248, 19.768], [74.2841, 19.779], [74.252, 19.7445], [74.1739, 19.7286], [74.1599, 19.6911], [74.1424, 19.6954], [74.1501, 19.6738], [74.128, 19.6442], [74.1077, 19.6474], [74.1034, 19.6402], [74.0773, 19.6605], [74.0263, 19.6727], [73.9984, 19.6705], [73.9873, 19.6767], [73.9657, 19.6704], [73.923, 19.6819], [73.9135, 19.6966], [73.92, 19.7054], [73.904, 19.7194], [73.9089, 19.7469], [73.8986, 19.7529], [73.8906, 19.7422], [73.8772, 19.7428], [73.8752, 19.7499], [73.8503, 19.7413], [73.843, 19.7177], [73.827, 19.7088], [73.8212, 19.6859], [73.8029, 19.6879], [73.8136, 19.6788], [73.7915, 19.661], [73.7892, 19.6505], [73.8016, 19.646], [73.7872, 19.6426], [73.7825, 19.6299], [73.7305, 19.6195], [73.7209, 19.6141], [73.7178, 19.5998], [73.6916, 19.5891], [73.672, 19.5864], [73.6469, 19.5975], [73.6288, 19.5871], [73.5863, 19.6014], [73.5951, 19.6087], [73.5747, 19.6165], [73.5724, 19.6424], [73.5604, 19.6503], [73.5291, 19.7018], [73.5003, 19.7146], [73.516, 19.7298], [73.5098, 19.7587], [73.471, 19.7595], [73.4598, 19.7672], [73.4519, 19.8254], [73.4271, 19.8426], [73.4275, 19.8641], [73.4443, 19.8729], [73.4328, 19.9157], [73.4492, 19.9346], [73.4509, 19.9543], [73.4638, 19.9592], [73.4574, 19.9661], [73.4614, 19.9821], [73.4351, 19.9846], [73.4149, 20.017], [73.3999, 20.0196], [73.3955, 20.0134], [73.3866, 20.0255], [73.3823, 20.0147], [73.3736, 20.021], [73.3726, 20.0351], [73.3428, 20.0396], [73.3206, 20.0573], [73.3121, 20.0508], [73.3021, 20.06], [73.3007, 20.0497], [73.2905, 20.0448], [73.2727, 20.0737], [73.2832, 20.0834], [73.2815, 20.1049], [73.2594, 20.1207], [73.2685, 20.1393], [73.2936, 20.1539], [73.2941, 20.1939], [73.3111, 20.2072], [73.3529, 20.1985], [73.3676, 20.2134], [73.3648, 20.201], [73.3743, 20.1927], [73.3763, 20.2053], [73.3953, 20.2092], [73.4028, 20.195], [73.4299, 20.2062], [73.4204, 20.257], [73.4246, 20.2768], [73.4369, 20.2821], [73.4234, 20.3521], [73.4148, 20.3816], [73.3916, 20.3729], [73.3913, 20.3902], [73.4297, 20.4144], [73.449, 20.4667], [73.4759, 20.495], [73.4723, 20.514], [73.5007, 20.5402], [73.4818, 20.5434], [73.4808, 20.5836], [73.4375, 20.5975], [73.4308, 20.6205], [73.416, 20.6262], [73.4016, 20.6492], [73.4399, 20.6648], [73.4565, 20.6934], [73.4473, 20.7011], [73.4752, 20.7217], [73.4973, 20.686], [73.4874, 20.6756], [73.4984, 20.6534], [73.5178, 20.6701], [73.5384, 20.6739], [73.5629, 20.6474], [73.5842, 20.6479], [73.6222, 20.6253], [73.6345, 20.5823], [73.6658, 20.5628], [73.701, 20.5784], [73.7482, 20.5674], [73.7871, 20.6023], [73.806, 20.6015], [73.8464, 20.6235], [73.8454, 20.6671], [73.8415, 20.6751], [73.8254, 20.6736], [73.8226, 20.6938], [73.8428, 20.7021], [73.8636, 20.6943], [73.8856, 20.7296], [73.9209, 20.7235], [73.9495, 20.7423], [73.9472, 20.7608], [73.9383, 20.7608], [73.9451, 20.8401], [73.9692, 20.8433], [73.9743, 20.8524], [74.006, 20.8366], [74.0275, 20.8368], [74.0242, 20.8457], [74.0315, 20.8519], [74.0472, 20.8364], [74.0664, 20.8493], [74.103, 20.8423], [74.1109, 20.8586], [74.138, 20.8642], [74.1441, 20.8602]]]}}, {"type": "Feature", "id": "satara", "properties": {"districtId": "satara", "districtName": "Satara", "state": "Maharashtra", "subdivision": "Madhya Maharashtra", "elevation": 742, "terrain": "Orographic/Ghats", "centroidLat": 17.6805, "centroidLng": 74.0183, "matchedGeoName": "Satara", "matchedGeoState": "Maharashtra"}, "geometry": {"type": "Polygon", "coordinates": [[[73.9057, 18.1818], [73.9128, 18.1593], [73.9538, 18.18], [73.9979, 18.1488], [74.0115, 18.1559], [74.0394, 18.1311], [74.069, 18.1367], [74.0912, 18.1195], [74.1307, 18.1285], [74.1415, 18.1164], [74.1548, 18.1181], [74.1699, 18.1059], [74.1957, 18.1103], [74.2153, 18.0983], [74.2446, 18.0981], [74.3096, 18.0681], [74.3357, 18.0875], [74.3638, 18.0956], [74.3863, 18.07], [74.439, 18.0646], [74.4702, 18.0468], [74.4991, 18.0582], [74.5409, 18.0568], [74.5569, 18.0691], [74.5881, 18.0461], [74.5954, 18.0548], [74.6162, 18.0464], [74.634, 18.0549], [74.6463, 18.044], [74.6618, 18.0681], [74.6913, 18.0586], [74.6976, 18.0386], [74.7149, 18.0288], [74.6699, 18.0001], [74.6732, 17.9747], [74.6632, 17.929], [74.6402, 17.8998], [74.6403, 17.8717], [74.614, 17.8458], [74.6248, 17.8434], [74.6239, 17.833], [74.6342, 17.8313], [74.6352, 17.8381], [74.6476, 17.8284], [74.6448, 17.8344], [74.6661, 17.8606], [74.6839, 17.8493], [74.6904, 17.8093], [74.7063, 17.8044], [74.7008, 17.7904], [74.7109, 17.7917], [74.7071, 17.7849], [74.7161, 17.7832], [74.718, 17.7904], [74.7188, 17.7825], [74.7526, 17.7968], [74.7452, 17.787], [74.7611, 17.7791], [74.7556, 17.7661], [74.7488, 17.7694], [74.752, 17.7623], [74.7693, 17.7581], [74.7846, 17.7699], [74.8449, 17.7244], [74.8776, 17.7252], [74.8709, 17.6948], [74.8818, 17.6776], [74.8931, 17.6742], [74.9097, 17.6256], [74.8848, 17.5977], [74.8835, 17.5676], [74.8631, 17.5551], [74.8657, 17.5054], [74.8148, 17.4508], [74.7605, 17.4731], [74.6948, 17.4841], [74.7051, 17.454], [74.7034, 17.4269], [74.6898, 17.4196], [74.6997, 17.3904], [74.695, 17.3858], [74.6648, 17.3994], [74.6406, 17.3975], [74.6333, 17.4214], [74.6159, 17.4415], [74.5954, 17.4134], [74.5404, 17.4152], [74.5325, 17.3989], [74.5004, 17.3819], [74.4437, 17.3877], [74.4181, 17.4007], [74.3601, 17.408], [74.3542, 17.4159], [74.293, 17.4163], [74.269, 17.3832], [74.2619, 17.3573], [74.2933, 17.3563], [74.2867, 17.3364], [74.3011, 17.3144], [74.2706, 17.3049], [74.2639, 17.2922], [74.2722, 17.2544], [74.2964, 17.2404], [74.2786, 17.2185], [74.2938, 17.1968], [74.2856, 17.171], [74.2577, 17.1674], [74.2557, 17.159], [74.2432, 17.1559], [74.2551, 17.1514], [74.2549, 17.1387], [74.2332, 17.1366], [74.1934, 17.1476], [74.1519, 17.1178], [74.1185, 17.1196], [74.1045, 17.1001], [74.0587, 17.1017], [74.0398, 17.0901], [73.9953, 17.1165], [73.9901, 17.1277], [73.9511, 17.1317], [73.914, 17.1544], [73.8956, 17.1532], [73.8808, 17.188], [73.8616, 17.1966], [73.8417, 17.2256], [73.7806, 17.2467], [73.7587, 17.2713], [73.7412, 17.2726], [73.7276, 17.2577], [73.702, 17.2644], [73.6981, 17.2874], [73.6869, 17.294], [73.6959, 17.3125], [73.6916, 17.3622], [73.6541, 17.39], [73.679, 17.3924], [73.6929, 17.4158], [73.7144, 17.4221], [73.7111, 17.4518], [73.717, 17.4645], [73.7044, 17.4853], [73.7171, 17.4921], [73.7157, 17.5055], [73.7265, 17.5165], [73.7508, 17.5304], [73.7559, 17.5551], [73.7259, 17.5727], [73.7385, 17.5898], [73.7253, 17.6059], [73.734, 17.6186], [73.7016, 17.6262], [73.7125, 17.657], [73.6908, 17.6765], [73.6982, 17.6865], [73.6689, 17.6945], [73.6632, 17.7059], [73.6449, 17.6985], [73.6246, 17.7116], [73.6036, 17.6985], [73.5763, 17.7209], [73.5986, 17.7638], [73.6006, 17.7774], [73.5932, 17.7864], [73.6123, 17.7938], [73.5926, 17.8285], [73.6061, 17.8468], [73.5867, 17.8573], [73.5859, 17.8757], [73.5705, 17.8905], [73.5448, 17.8928], [73.5846, 17.9269], [73.5857, 17.9424], [73.6044, 17.9347], [73.6454, 17.9675], [73.6356, 17.9837], [73.6655, 18.0123], [73.6596, 18.0216], [73.668, 18.0276], [73.7148, 18.0474], [73.7685, 18.0366], [73.7709, 18.0256], [73.8005, 18.0214], [73.8219, 18.0352], [73.8482, 18.0307], [73.8555, 18.0403], [73.8692, 18.0329], [73.8888, 18.0839], [73.8706, 18.1192], [73.8989, 18.1152], [73.9119, 18.1355], [73.8825, 18.1688], [73.9021, 18.1827], [73.9057, 18.1818]]]}}, {"type": "Feature", "id": "kolhapur", "properties": {"districtId": "kolhapur", "districtName": "Kolhapur", "state": "Maharashtra", "subdivision": "Madhya Maharashtra", "elevation": 545, "terrain": "Orographic/Ghats", "centroidLat": 16.705, "centroidLng": 74.2433, "matchedGeoName": "Kolhapur", "matchedGeoState": "Maharashtra"}, "geometry": {"type": "Polygon", "coordinates": [[[73.858, 17.1514], [73.8772, 17.1302], [73.887, 17.129], [73.8867, 17.1154], [73.9103, 17.101], [73.9253, 17.0667], [73.9419, 17.071], [73.9891, 17.0328], [73.9902, 17.012], [73.9794, 16.9918], [73.9892, 16.9844], [74.0036, 16.9933], [74.0306, 16.9831], [74.0315, 16.9407], [74.0439, 16.9371], [74.0472, 16.9226], [74.0742, 16.902], [74.0979, 16.9134], [74.1056, 16.9072], [74.1288, 16.9101], [74.1417, 16.8881], [74.1554, 16.8825], [74.1775, 16.8968], [74.2193, 16.8909], [74.2201, 16.9041], [74.2304, 16.9093], [74.2394, 16.8865], [74.2509, 16.8838], [74.2643, 16.9032], [74.2885, 16.9141], [74.3043, 16.8904], [74.3615, 16.8684], [74.3677, 16.852], [74.4091, 16.8785], [74.4216, 16.8758], [74.4113, 16.8488], [74.4201, 16.8404], [74.4668, 16.8501], [74.4761, 16.8658], [74.5018, 16.8541], [74.5036, 16.8276], [74.5197, 16.8381], [74.5227, 16.8552], [74.555, 16.8292], [74.5674, 16.8034], [74.6048, 16.7996], [74.6371, 16.7843], [74.6503, 16.7677], [74.6532, 16.7492], [74.706, 16.7298], [74.6959, 16.7105], [74.6956, 16.6858], [74.6875, 16.6817], [74.6961, 16.675], [74.6717, 16.6635], [74.6605, 16.6376], [74.6912, 16.6181], [74.6934, 16.6073], [74.6639, 16.6011], [74.6428, 16.6068], [74.6364, 16.5757], [74.6239, 16.5819], [74.617, 16.568], [74.5934, 16.5638], [74.592, 16.5555], [74.5741, 16.552], [74.5597, 16.5597], [74.5698, 16.5812], [74.5656, 16.5904], [74.5499, 16.5922], [74.5514, 16.6332], [74.498, 16.6266], [74.4774, 16.6608], [74.4628, 16.6445], [74.4725, 16.6048], [74.4408, 16.5987], [74.4288, 16.5827], [74.4035, 16.5787], [74.3899, 16.5279], [74.3626, 16.5387], [74.3656, 16.5571], [74.3461, 16.5464], [74.3294, 16.5535], [74.3222, 16.5445], [74.3239, 16.5063], [74.3141, 16.5021], [74.3069, 16.5292], [74.2945, 16.5315], [74.2896, 16.5226], [74.2843, 16.5431], [74.2716, 16.5387], [74.2858, 16.5034], [74.2532, 16.4949], [74.2688, 16.476], [74.2825, 16.4826], [74.2889, 16.5038], [74.2999, 16.5026], [74.2963, 16.459], [74.3389, 16.4522], [74.3427, 16.4005], [74.3646, 16.4032], [74.3691, 16.3943], [74.3596, 16.3788], [74.3617, 16.3647], [74.3519, 16.3663], [74.3431, 16.3907], [74.335, 16.3887], [74.3326, 16.3756], [74.3255, 16.3792], [74.3322, 16.357], [74.3237, 16.3536], [74.3344, 16.3405], [74.3235, 16.3399], [74.3291, 16.3326], [74.323, 16.3251], [74.3373, 16.3234], [74.3321, 16.3108], [74.3406, 16.3116], [74.3487, 16.2915], [74.3318, 16.2862], [74.3307, 16.2729], [74.3371, 16.2657], [74.3599, 16.2796], [74.3533, 16.2918], [74.3626, 16.2871], [74.3801, 16.2935], [74.3904, 16.2902], [74.3913, 16.2756], [74.4212, 16.2806], [74.4225, 16.2575], [74.4612, 16.2484], [74.4732, 16.2385], [74.4841, 16.2467], [74.5031, 16.231], [74.5129, 16.1883], [74.4978, 16.1813], [74.4947, 16.155], [74.4858, 16.147], [74.4964, 16.1016], [74.4819, 16.087], [74.4645, 16.1021], [74.4346, 16.1106], [74.4152, 16.0918], [74.3973, 16.0871], [74.3972, 16.0784], [74.381, 16.0783], [74.3682, 16.053], [74.3817, 16.0536], [74.3786, 16.0366], [74.3901, 16.0351], [74.4405, 16.057], [74.4703, 16.0405], [74.4352, 15.9512], [74.3919, 15.9012], [74.4116, 15.8526], [74.3934, 15.8518], [74.3741, 15.8916], [74.367, 15.8711], [74.3445, 15.8521], [74.3893, 15.8441], [74.3664, 15.8155], [74.3758, 15.8012], [74.3649, 15.7737], [74.3509, 15.7634], [74.3298, 15.7704], [74.3241, 15.7565], [74.2922, 15.7393], [74.274, 15.7531], [74.2501, 15.7412], [74.2352, 15.754], [74.2355, 15.7868], [74.1806, 15.7722], [74.1626, 15.7857], [74.1665, 15.8193], [74.1492, 15.8195], [74.1517, 15.8295], [74.1188, 15.8195], [74.1109, 15.8373], [74.1022, 15.8375], [74.0779, 15.8311], [74.0742, 15.8114], [74.0565, 15.8046], [74.0643, 15.7721], [74.0872, 15.7664], [74.0485, 15.7532], [74.037, 15.7622], [74.0502, 15.7688], [74.0401, 15.8319], [74.0974, 15.8665], [74.1014, 15.8955], [74.0812, 15.9462], [74.0738, 15.9386], [74.0537, 15.9547], [74.0969, 16.0104], [74.0644, 16.0491], [74.0564, 16.0322], [74.0098, 16.0358], [74.0098, 16.0504], [74.0023, 16.0556], [74.0144, 16.074], [74.0009, 16.0757], [74.0056, 16.0865], [73.9154, 16.098], [73.907, 16.0871], [73.8737, 16.0955], [73.8821, 16.1045], [73.869, 16.1053], [73.8541, 16.0934], [73.8668, 16.0731], [73.8539, 16.0769], [73.8446, 16.092], [73.8637, 16.1338], [73.8546, 16.1505], [73.8759, 16.1365], [73.876, 16.1446], [73.8951, 16.1433], [73.9184, 16.1334], [73.9283, 16.1515], [73.9175, 16.1567], [73.928, 16.1652], [73.9245, 16.1706], [73.9551, 16.1704], [73.9505, 16.1849], [73.9673, 16.2039], [73.9359, 16.1983], [73.9343, 16.2171], [73.956, 16.2364], [73.9524, 16.2412], [73.926, 16.2284], [73.9015, 16.2291], [73.9285, 16.2441], [73.9051, 16.2555], [73.8902, 16.2776], [73.8999, 16.2977], [73.9111, 16.3024], [73.9132, 16.3266], [73.897, 16.3217], [73.8958, 16.3268], [73.8751, 16.3075], [73.8657, 16.3133], [73.856, 16.2984], [73.8581, 16.3117], [73.8501, 16.315], [73.8576, 16.3236], [73.8446, 16.3442], [73.8662, 16.3568], [73.875, 16.372], [73.8684, 16.383], [73.8478, 16.3905], [73.8467, 16.4013], [73.8963, 16.447], [73.8971, 16.4558], [73.8935, 16.4731], [73.873, 16.4736], [73.8624, 16.4855], [73.8524, 16.505], [73.8571, 16.5247], [73.8271, 16.5433], [73.8416, 16.5448], [73.8562, 16.5694], [73.8527, 16.5839], [73.8721, 16.6068], [73.8614, 16.6342], [73.8648, 16.6579], [73.8747, 16.6684], [73.8622, 16.6717], [73.8693, 16.6791], [73.8223, 16.705], [73.8369, 16.7129], [73.8499, 16.7373], [73.828, 16.7635], [73.8008, 16.7613], [73.7897, 16.7809], [73.7713, 16.7686], [73.7698, 16.8013], [73.7621, 16.8115], [73.7472, 16.8192], [73.7387, 16.8148], [73.7216, 16.8284], [73.7342, 16.8356], [73.7419, 16.8311], [73.7471, 16.8422], [73.7615, 16.8329], [73.7784, 16.8527], [73.777, 16.869], [73.7581, 16.8811], [73.7582, 16.9002], [73.7483, 16.896], [73.7488, 16.9112], [73.7538, 16.9152], [73.7577, 16.9034], [73.7994, 16.9065], [73.8046, 16.9288], [73.775, 16.9612], [73.7968, 16.9914], [73.8427, 16.9893], [73.8365, 17.0114], [73.8431, 17.0244], [73.832, 17.0366], [73.8434, 17.0526], [73.8262, 17.0622], [73.8129, 17.0603], [73.8166, 17.0843], [73.7978, 17.0918], [73.7904, 17.1063], [73.778, 17.1075], [73.7561, 17.13], [73.7487, 17.1203], [73.72, 17.1391], [73.7037, 17.1374], [73.699, 17.157], [73.7227, 17.1703], [73.7414, 17.1661], [73.7526, 17.174], [73.7592, 17.1509], [73.7861, 17.1506], [73.7791, 17.17], [73.7896, 17.1788], [73.8365, 17.1661], [73.8546, 17.1525], [73.858, 17.1514]]]}}, {"type": "Feature", "id": "nagpur", "properties": {"districtId": "nagpur", "districtName": "Nagpur", "state": "Maharashtra", "subdivision": "Vidarbha", "elevation": 310, "terrain": "Plains", "centroidLat": 21.1458, "centroidLng": 79.0882, "matchedGeoName": "Nagpur", "matchedGeoState": "Maharashtra"}, "geometry": {"type": "Polygon", "coordinates": [[[79.2848, 21.6939], [79.3947, 21.6746], [79.4114, 21.691], [79.4407, 21.6822], [79.4585, 21.6873], [79.4886, 21.6741], [79.5026, 21.6346], [79.5116, 21.6311], [79.4982, 21.6124], [79.5058, 21.5903], [79.5395, 21.5652], [79.5366, 21.5442], [79.5082, 21.5349], [79.4533, 21.4614], [79.4433, 21.4573], [79.4445, 21.4357], [79.4544, 21.4266], [79.4772, 21.428], [79.4819, 21.3993], [79.4943, 21.3982], [79.5204, 21.3552], [79.5508, 21.3308], [79.5499, 21.3067], [79.5695, 21.2837], [79.5654, 21.2474], [79.555, 21.2367], [79.5578, 21.2259], [79.5471, 21.2064], [79.5569, 21.1873], [79.5485, 21.1724], [79.5557, 21.1557], [79.5283, 21.1563], [79.5265, 21.1748], [79.4956, 21.1836], [79.4921, 21.172], [79.5045, 21.163], [79.5002, 21.1461], [79.4867, 21.1396], [79.5215, 21.1177], [79.5271, 21.0958], [79.517, 21.0878], [79.5234, 21.0755], [79.5459, 21.0865], [79.567, 21.0673], [79.5826, 21.0762], [79.5935, 21.0725], [79.6314, 20.9908], [79.6535, 20.9693], [79.6454, 20.9264], [79.6105, 20.9023], [79.6052, 20.8782], [79.613, 20.8645], [79.5981, 20.864], [79.5769, 20.8422], [79.5537, 20.8531], [79.5355, 20.8476], [79.5544, 20.8026], [79.5295, 20.7725], [79.5294, 20.7396], [79.4996, 20.6995], [79.4855, 20.7037], [79.4614, 20.674], [79.4289, 20.6584], [79.3931, 20.657], [79.3835, 20.672], [79.3696, 20.677], [79.347, 20.671], [79.3515, 20.655], [79.34, 20.6439], [79.3415, 20.6337], [79.3159, 20.5829], [79.2867, 20.5884], [79.219, 20.5818], [79.2037, 20.5972], [79.1869, 20.5959], [79.1805, 20.6186], [79.165, 20.6243], [79.1647, 20.6429], [79.1438, 20.6515], [79.1372, 20.6758], [79.1013, 20.6857], [79.0985, 20.7122], [79.0866, 20.708], [79.0686, 20.7237], [79.048, 20.7264], [79.0473, 20.7344], [79.0142, 20.7362], [78.9945, 20.7426], [78.9921, 20.7541], [78.9682, 20.7544], [78.9398, 20.7672], [78.9413, 20.7942], [78.9101, 20.8067], [78.9106, 20.8355], [78.8831, 20.8422], [78.8697, 20.8271], [78.8587, 20.8426], [78.8594, 20.8718], [78.8358, 20.8809], [78.8372, 20.8911], [78.8269, 20.8936], [78.8044, 20.8766], [78.7733, 20.8918], [78.7607, 20.9215], [78.7408, 20.9361], [78.7442, 20.9439], [78.7299, 20.9477], [78.7215, 20.9725], [78.7258, 21.0054], [78.6835, 21.0303], [78.647, 21.0368], [78.6382, 21.0604], [78.6019, 21.0702], [78.6057, 21.0895], [78.5936, 21.0911], [78.5915, 21.1096], [78.55, 21.1189], [78.5208, 21.154], [78.5136, 21.1762], [78.4733, 21.2208], [78.4418, 21.2354], [78.4146, 21.229], [78.4023, 21.2388], [78.3283, 21.2519], [78.3216, 21.2726], [78.3029, 21.2752], [78.3088, 21.2933], [78.2904, 21.2961], [78.2593, 21.3281], [78.2467, 21.3301], [78.2477, 21.3385], [78.2714, 21.3523], [78.3062, 21.3585], [78.3438, 21.3864], [78.3623, 21.3851], [78.369, 21.3961], [78.4011, 21.3846], [78.4438, 21.406], [78.4396, 21.447], [78.4256, 21.4813], [78.4301, 21.5018], [78.4517, 21.4973], [78.4563, 21.5045], [78.4804, 21.5061], [78.5086, 21.5284], [78.5665, 21.5157], [78.5653, 21.506], [78.5849, 21.4869], [78.6054, 21.4884], [78.621, 21.4775], [78.6375, 21.4842], [78.6841, 21.482], [78.7242, 21.4644], [78.7388, 21.4729], [78.7465, 21.4939], [78.761, 21.4898], [78.7722, 21.4671], [78.7846, 21.4891], [78.8515, 21.4957], [78.8799, 21.485], [78.8958, 21.5006], [78.9318, 21.4874], [78.9406, 21.5137], [78.9234, 21.5238], [78.9246, 21.5387], [78.9044, 21.5548], [78.9127, 21.5631], [78.9278, 21.5603], [78.9116, 21.5709], [78.9132, 21.5924], [78.9403, 21.5938], [78.9748, 21.6176], [78.9944, 21.6187], [79.0096, 21.6015], [79.0761, 21.6077], [79.0881, 21.5992], [79.1041, 21.6094], [79.0992, 21.6189], [79.1411, 21.6395], [79.1478, 21.6605], [79.2199, 21.6508], [79.2284, 21.6714], [79.2182, 21.6813], [79.2209, 21.6966], [79.2348, 21.7152], [79.2287, 21.7239], [79.2649, 21.7149], [79.2768, 21.7002], [79.2848, 21.6939]]]}}, {"type": "Feature", "id": "aurangabad", "properties": {"districtId": "aurangabad", "districtName": "Chhatrapati Sambhaji Nagar (Aurangabad)", "state": "Maharashtra", "subdivision": "Marathwada", "elevation": 568, "terrain": "Plateau", "centroidLat": 19.8762, "centroidLng": 75.3433, "matchedGeoName": "Aurangabad", "matchedGeoState": "Maharashtra"}, "geometry": {"type": "Polygon", "coordinates": [[[75.7067, 20.6632], [75.704, 20.6194], [75.7252, 20.6222], [75.7342, 20.6118], [75.7594, 20.6159], [75.7605, 20.5816], [75.7904, 20.5882], [75.7899, 20.567], [75.8063, 20.5716], [75.827, 20.5624], [75.8464, 20.5692], [75.8302, 20.576], [75.8345, 20.5969], [75.8459, 20.5972], [75.8413, 20.6182], [75.8696, 20.6252], [75.8722, 20.6025], [75.8878, 20.5985], [75.8899, 20.565], [75.8654, 20.5634], [75.8876, 20.5276], [75.8641, 20.5292], [75.8522, 20.4918], [75.8782, 20.4554], [75.8948, 20.4486], [75.8657, 20.4427], [75.8695, 20.4497], [75.8599, 20.4635], [75.8444, 20.4616], [75.8262, 20.4758], [75.8003, 20.4648], [75.7997, 20.4545], [75.7663, 20.4522], [75.7605, 20.4287], [75.7437, 20.4249], [75.7382, 20.4158], [75.7533, 20.4053], [75.7526, 20.3748], [75.7703, 20.355], [75.7742, 20.3382], [75.7567, 20.3292], [75.7416, 20.3394], [75.7198, 20.3333], [75.7129, 20.3185], [75.6868, 20.3108], [75.6977, 20.2875], [75.6772, 20.2415], [75.6853, 20.2056], [75.6803, 20.1923], [75.6499, 20.1926], [75.6285, 20.1066], [75.5908, 20.1032], [75.5957, 20.0625], [75.6088, 20.053], [75.5951, 20.0245], [75.6064, 20.007], [75.6399, 20.0049], [75.6313, 20.0017], [75.6376, 19.9958], [75.6387, 19.9562], [75.6693, 19.9408], [75.6689, 19.9215], [75.655, 19.9115], [75.6488, 19.8749], [75.6539, 19.816], [75.638, 19.8146], [75.6468, 19.7858], [75.6293, 19.7768], [75.6294, 19.7468], [75.6377, 19.7353], [75.6315, 19.7022], [75.6349, 19.6562], [75.6119, 19.657], [75.6087, 19.6422], [75.5925, 19.6384], [75.6024, 19.603], [75.6533, 19.5956], [75.6585, 19.5674], [75.6363, 19.4651], [75.6209, 19.4685], [75.6129, 19.454], [75.6112, 19.431], [75.62, 19.4255], [75.6115, 19.382], [75.5737, 19.3802], [75.5249, 19.4013], [75.5111, 19.4291], [75.4939, 19.4406], [75.4708, 19.4137], [75.451, 19.4137], [75.4462, 19.4281], [75.4324, 19.4166], [75.3981, 19.4153], [75.3685, 19.398], [75.3455, 19.4063], [75.3584, 19.4418], [75.3517, 19.4485], [75.3345, 19.4376], [75.3272, 19.4546], [75.3288, 19.4638], [75.3438, 19.4641], [75.3522, 19.4817], [75.3638, 19.4803], [75.3583, 19.5013], [75.345, 19.4974], [75.3405, 19.4792], [75.3329, 19.4799], [75.3353, 19.5037], [75.3292, 19.4948], [75.317, 19.4947], [75.3083, 19.5084], [75.2794, 19.5136], [75.2839, 19.5497], [75.2735, 19.5517], [75.2663, 19.5245], [75.2602, 19.5241], [75.2096, 19.5626], [75.2093, 19.5791], [75.1909, 19.5966], [75.1583, 19.5883], [75.0955, 19.6102], [75.065, 19.6041], [75.048, 19.6113], [75.0414, 19.6248], [75.0035, 19.6225], [74.9736, 19.6472], [74.9418, 19.6411], [74.9207, 19.6504], [74.9024, 19.6447], [74.8924, 19.6571], [74.8569, 19.6487], [74.8288, 19.6731], [74.793, 19.6503], [74.7847, 19.6531], [74.7922, 19.6884], [74.8107, 19.7038], [74.7916, 19.7174], [74.7555, 19.6915], [74.7343, 19.7], [74.7342, 19.7243], [74.711, 19.7226], [74.728, 19.7534], [74.7173, 19.7831], [74.7083, 19.7761], [74.7118, 19.7631], [74.6998, 19.7602], [74.6963, 19.7693], [74.661, 19.7793], [74.6407, 19.7951], [74.6202, 19.7731], [74.5964, 19.7805], [74.6113, 19.8505], [74.6653, 19.8399], [74.6678, 19.862], [74.6526, 19.8621], [74.6536, 19.9107], [74.6604, 19.9231], [74.6863, 19.9259], [74.6783, 19.936], [74.6795, 19.9641], [74.6938, 19.9724], [74.6896, 19.9902], [74.6962, 20.0073], [74.7051, 20.0192], [74.7244, 20.0221], [74.7145, 20.0413], [74.7271, 20.0558], [74.715, 20.0794], [74.7423, 20.0833], [74.7346, 20.1125], [74.7095, 20.1157], [74.728, 20.1915], [74.7425, 20.1958], [74.7457, 20.1871], [74.768, 20.1839], [74.7639, 20.2007], [74.7882, 20.2051], [74.8078, 20.2323], [74.7885, 20.2266], [74.7877, 20.2316], [74.8325, 20.2443], [74.8341, 20.2348], [74.8622, 20.2283], [74.8597, 20.1782], [74.9025, 20.178], [74.9144, 20.1538], [74.9339, 20.1537], [74.9279, 20.1718], [74.9355, 20.1825], [74.9348, 20.2149], [74.9145, 20.2169], [74.9118, 20.2446], [74.9375, 20.2479], [74.9382, 20.271], [74.9523, 20.2744], [74.9476, 20.2811], [74.9569, 20.2911], [74.9742, 20.3054], [74.9906, 20.3037], [74.9885, 20.3187], [74.9985, 20.3372], [75.0594, 20.3086], [75.0623, 20.3354], [75.0951, 20.336], [75.1281, 20.3508], [75.1111, 20.4133], [75.1321, 20.4329], [75.164, 20.438], [75.1659, 20.4774], [75.2037, 20.4778], [75.2046, 20.4933], [75.2154, 20.4943], [75.214, 20.4998], [75.2334, 20.4946], [75.2296, 20.516], [75.2418, 20.5231], [75.2621, 20.5805], [75.2689, 20.5727], [75.295, 20.5707], [75.3201, 20.5783], [75.3233, 20.5931], [75.355, 20.5912], [75.3644, 20.5985], [75.3721, 20.5785], [75.3959, 20.576], [75.3991, 20.5257], [75.4359, 20.5148], [75.4302, 20.5337], [75.4526, 20.5419], [75.4602, 20.5176], [75.4625, 20.5545], [75.4862, 20.5447], [75.4972, 20.5294], [75.5101, 20.556], [75.5276, 20.5623], [75.5239, 20.592], [75.535, 20.5981], [75.5381, 20.6113], [75.5569, 20.6059], [75.5662, 20.6144], [75.5915, 20.6043], [75.6127, 20.6086], [75.6101, 20.6236], [75.6494, 20.6217], [75.6633, 20.6302], [75.6616, 20.6677], [75.7018, 20.6662], [75.7067, 20.6632]]]}}, {"type": "Feature", "id": "solapur", "properties": {"districtId": "solapur", "districtName": "Solapur", "state": "Maharashtra", "subdivision": "Madhya Maharashtra", "elevation": 458, "terrain": "Plateau", "centroidLat": 17.6599, "centroidLng": 75.9064, "matchedGeoName": "Solapur", "matchedGeoState": "Maharashtra"}, "geometry": {"type": "Polygon", "coordinates": [[[75.2307, 18.5432], [75.2429, 18.5434], [75.2642, 18.5087], [75.3171, 18.5184], [75.3023, 18.4981], [75.3065, 18.4342], [75.2881, 18.4077], [75.3095, 18.3919], [75.3215, 18.3964], [75.3303, 18.387], [75.3368, 18.3902], [75.3628, 18.3697], [75.3921, 18.3285], [75.4088, 18.3264], [75.3966, 18.3076], [75.4036, 18.2971], [75.3994, 18.2647], [75.4345, 18.2612], [75.4267, 18.2407], [75.43, 18.2191], [75.441, 18.2076], [75.4326, 18.1773], [75.4675, 18.1607], [75.4723, 18.1741], [75.4932, 18.1735], [75.4932, 18.1558], [75.5102, 18.159], [75.5353, 18.1338], [75.5528, 18.1443], [75.5489, 18.1631], [75.5565, 18.2006], [75.5767, 18.2396], [75.6345, 18.2474], [75.6352, 18.2639], [75.6206, 18.2738], [75.6533, 18.3301], [75.6912, 18.3238], [75.7052, 18.3382], [75.7215, 18.3372], [75.7332, 18.3601], [75.7293, 18.3857], [75.7101, 18.3956], [75.7298, 18.4337], [75.765, 18.4396], [75.7753, 18.4114], [75.7999, 18.3837], [75.8256, 18.3801], [75.8525, 18.3641], [75.8879, 18.3631], [75.9054, 18.3244], [75.9251, 18.3017], [75.928, 18.2601], [75.9487, 18.2378], [75.9398, 18.2114], [75.961, 18.1582], [75.943, 18.1226], [75.9622, 18.0889], [75.9934, 18.0928], [76.0005, 18.0715], [75.9924, 18.0608], [76.0166, 18.0386], [75.9989, 17.9935], [75.9862, 17.9891], [75.9843, 17.974], [75.9763, 17.9697], [75.9616, 17.9787], [75.9191, 17.9732], [75.9115, 17.9975], [75.9007, 18.0057], [75.8706, 18.0124], [75.853, 18.0056], [75.8404, 17.9776], [75.8475, 17.9774], [75.8391, 17.938], [75.8524, 17.919], [75.8463, 17.891], [75.8589, 17.8629], [75.8771, 17.845], [75.9202, 17.8312], [75.9403, 17.8507], [75.9689, 17.8176], [75.977, 17.8188], [75.9785, 17.8412], [76.0188, 17.8279], [76.0066, 17.7489], [76.0279, 17.7647], [76.0564, 17.7641], [76.0965, 17.7774], [76.1032, 17.7713], [76.1001, 17.76], [76.1224, 17.7678], [76.1454, 17.753], [76.1482, 17.7315], [76.1761, 17.7297], [76.1663, 17.7127], [76.1498, 17.7169], [76.1449, 17.7073], [76.1496, 17.6977], [76.1662, 17.6986], [76.1663, 17.6915], [76.1897, 17.681], [76.2392, 17.6965], [76.271, 17.7261], [76.2987, 17.7276], [76.3156, 17.7141], [76.3186, 17.6956], [76.3554, 17.6947], [76.3609, 17.6852], [76.3785, 17.684], [76.3805, 17.658], [76.4287, 17.6444], [76.4157, 17.6042], [76.3317, 17.5949], [76.34, 17.5426], [76.3609, 17.5363], [76.3661, 17.5222], [76.3463, 17.5115], [76.3435, 17.4944], [76.375, 17.4935], [76.35, 17.4721], [76.3308, 17.4688], [76.3337, 17.4323], [76.3732, 17.4344], [76.362, 17.3751], [76.4081, 17.3693], [76.4106, 17.3477], [76.393, 17.3363], [76.3817, 17.3118], [76.3523, 17.3106], [76.3436, 17.3499], [76.313, 17.3433], [76.3172, 17.3294], [76.2759, 17.3305], [76.2702, 17.3565], [76.25, 17.3579], [76.2444, 17.3747], [76.229, 17.3632], [76.1723, 17.3487], [76.1838, 17.311], [76.1758, 17.2972], [76.1638, 17.3003], [76.1631, 17.3409], [76.1212, 17.3663], [76.096, 17.3578], [76.0787, 17.3301], [76.0545, 17.3543], [76.0155, 17.3506], [76.0003, 17.3377], [75.9312, 17.3241], [75.8937, 17.3536], [75.8964, 17.395], [75.8872, 17.4173], [75.8784, 17.4165], [75.8789, 17.4003], [75.862, 17.3859], [75.856, 17.4077], [75.8247, 17.4228], [75.8151, 17.3738], [75.8023, 17.3701], [75.7823, 17.3788], [75.7698, 17.4068], [75.737, 17.4219], [75.7152, 17.4089], [75.6912, 17.4126], [75.6776, 17.458], [75.6356, 17.4775], [75.6101, 17.4195], [75.6158, 17.3919], [75.5785, 17.3829], [75.5848, 17.3498], [75.6131, 17.3423], [75.616, 17.3288], [75.606, 17.3033], [75.5587, 17.2834], [75.5171, 17.2378], [75.4659, 17.2375], [75.4693, 17.2499], [75.4244, 17.2635], [75.4056, 17.2096], [75.4083, 17.1818], [75.3698, 17.1895], [75.3723, 17.2134], [75.3642, 17.2342], [75.3364, 17.2311], [75.3335, 17.2173], [75.2915, 17.2138], [75.2872, 17.1912], [75.3079, 17.1694], [75.2988, 17.1447], [75.2733, 17.1471], [75.2721, 17.1818], [75.2357, 17.179], [75.2169, 17.1978], [75.2423, 17.2148], [75.2508, 17.2537], [75.2281, 17.2543], [75.207, 17.2675], [75.1948, 17.2652], [75.1831, 17.2351], [75.0918, 17.2477], [75.0789, 17.2369], [75.083, 17.2205], [75.021, 17.2238], [75.0117, 17.207], [74.9675, 17.1895], [74.9613, 17.1694], [74.9741, 17.1336], [74.9705, 17.1249], [74.9337, 17.1292], [74.9167, 17.1194], [74.9217, 17.1126], [74.8993, 17.12], [74.9071, 17.1316], [74.9299, 17.1354], [74.9272, 17.1535], [74.9094, 17.163], [74.9049, 17.181], [74.9004, 17.1741], [74.8924, 17.1783], [74.9017, 17.1923], [74.8765, 17.1889], [74.8709, 17.1939], [74.8767, 17.207], [74.8633, 17.2035], [74.8553, 17.2097], [74.8829, 17.2107], [74.8805, 17.2194], [74.9006, 17.2356], [74.9135, 17.273], [74.9416, 17.272], [74.9448, 17.2845], [74.9658, 17.2922], [74.9728, 17.3395], [75.011, 17.3668], [75.0015, 17.3905], [75.0039, 17.4058], [75.0279, 17.4074], [75.038, 17.4187], [75.0435, 17.4814], [75.0314, 17.4927], [74.9844, 17.4634], [74.9689, 17.49], [74.9459, 17.5095], [74.9481, 17.517], [74.9673, 17.5213], [74.9927, 17.5406], [74.9675, 17.5626], [74.9671, 17.5894], [74.9251, 17.5751], [74.9227, 17.5973], [74.9317, 17.616], [74.9143, 17.6187], [74.8931, 17.6742], [74.8818, 17.6776], [74.8709, 17.6948], [74.8776, 17.7252], [74.8449, 17.7244], [74.7846, 17.7699], [74.7693, 17.7581], [74.752, 17.7623], [74.7488, 17.7694], [74.7556, 17.7661], [74.7611, 17.7791], [74.7452, 17.787], [74.7526, 17.7968], [74.7188, 17.7825], [74.718, 17.7904], [74.7161, 17.7832], [74.7071, 17.7849], [74.7109, 17.7917], [74.7008, 17.7904], [74.7063, 17.8044], [74.6904, 17.8093], [74.6839, 17.8493], [74.6661, 17.8606], [74.6448, 17.8344], [74.6476, 17.8284], [74.6352, 17.8381], [74.6342, 17.8313], [74.6239, 17.833], [74.6248, 17.8434], [74.614, 17.8458], [74.6403, 17.8717], [74.6402, 17.8998], [74.6632, 17.929], [74.6732, 17.9747], [74.6699, 18.0001], [74.7149, 18.0288], [74.7527, 18.018], [74.7682, 18.0236], [74.812, 17.996], [74.8137, 18.0138], [74.8204, 18.0161], [74.8372, 17.9921], [74.8689, 17.9894], [74.8514, 17.9472], [74.8739, 17.9502], [74.9009, 17.9368], [74.9155, 17.9443], [74.9432, 17.9393], [74.9475, 17.9241], [74.9661, 17.9143], [75.0215, 17.9068], [75.0277, 17.8914], [75.0431, 17.9026], [75.0581, 17.9013], [75.0501, 17.9169], [75.0563, 17.9238], [75.0758, 17.9137], [75.093, 17.9225], [75.0881, 17.9381], [75.1032, 17.9417], [75.1145, 17.934], [75.1309, 17.9498], [75.1329, 17.9573], [75.1208, 17.9678], [75.1384, 17.969], [75.1235, 17.9973], [75.1125, 17.9925], [75.1061, 17.9726], [75.0742, 17.9752], [75.0544, 17.946], [75.0253, 17.9614], [75.0329, 17.9879], [75.0563, 18.0197], [75.0873, 18.0415], [75.0958, 18.0656], [75.1337, 18.0749], [75.141, 18.0911], [75.1664, 18.106], [75.1613, 18.1205], [75.0973, 18.1218], [75.0952, 18.1456], [75.1176, 18.1991], [75.1131, 18.2139], [75.1055, 18.2201], [75.0855, 18.2175], [75.063, 18.1972], [75.0257, 18.1871], [75.0123, 18.2117], [75.0484, 18.2531], [75.0484, 18.2618], [74.997, 18.2406], [74.9551, 18.2631], [74.8994, 18.2586], [74.881, 18.247], [74.8464, 18.2429], [74.7997, 18.284], [74.8086, 18.3011], [74.8411, 18.2946], [74.8507, 18.2996], [74.8383, 18.3389], [74.866, 18.3335], [74.8755, 18.3526], [74.9115, 18.3559], [74.9199, 18.3769], [74.9693, 18.3849], [74.9875, 18.3995], [75.0079, 18.4027], [75.02, 18.4365], [75.0539, 18.4295], [75.0626, 18.4198], [75.0822, 18.4203], [75.0961, 18.4336], [75.0962, 18.4561], [75.109, 18.4891], [75.129, 18.4937], [75.1382, 18.5261], [75.1757, 18.5219], [75.2039, 18.5298], [75.2184, 18.5543], [75.2274, 18.5473], [75.2307, 18.5432]]]}}, {"type": "Feature", "id": "wayanad", "properties": {"districtId": "wayanad", "districtName": "Wayanad", "state": "Kerala", "subdivision": "Kerala & Mahe", "elevation": 950, "terrain": "Orographic/Ghats", "centroidLat": 11.6854, "centroidLng": 76.132, "matchedGeoName": "Wayanad", "matchedGeoState": "Kerala"}, "geometry": {"type": "Polygon", "coordinates": [[[76.1079, 11.9706], [76.1081, 11.8512], [76.1165, 11.843], [76.1494, 11.861], [76.184, 11.8638], [76.2009, 11.8541], [76.2055, 11.8196], [76.2185, 11.8], [76.2444, 11.7953], [76.272, 11.8035], [76.2837, 11.7849], [76.3, 11.7762], [76.3105, 11.7439], [76.335, 11.7306], [76.356, 11.7399], [76.3723, 11.7362], [76.4077, 11.7533], [76.4056, 11.7334], [76.412, 11.7343], [76.4189, 11.7171], [76.3964, 11.7011], [76.4029, 11.6995], [76.4102, 11.6646], [76.4235, 11.6593], [76.4356, 11.6377], [76.4248, 11.6233], [76.3801, 11.6224], [76.3707, 11.5935], [76.3356, 11.5783], [76.3286, 11.5886], [76.2979, 11.5643], [76.2906, 11.5806], [76.271, 11.5929], [76.2257, 11.5644], [76.243, 11.5242], [76.1945, 11.4999], [76.1755, 11.4756], [76.1769, 11.4645], [76.1579, 11.4521], [76.1353, 11.4427], [76.1142, 11.4652], [76.0884, 11.4753], [76.0834, 11.499], [76.0706, 11.5138], [76.0352, 11.4949], [76.0107, 11.5083], [75.962, 11.5444], [75.9523, 11.555], [75.951, 11.5732], [75.9022, 11.5965], [75.8919, 11.6133], [75.8963, 11.6708], [75.9103, 11.6819], [75.8907, 11.6926], [75.8453, 11.6935], [75.8128, 11.729], [75.7903, 11.7364], [75.7935, 11.742], [75.7803, 11.7531], [75.7875, 11.7833], [75.7722, 11.7919], [75.7917, 11.8085], [75.7858, 11.835], [75.8026, 11.8488], [75.9212, 11.8338], [75.925, 11.8546], [75.908, 11.8668], [75.9302, 11.8818], [75.929, 11.9036], [75.9194, 11.9147], [75.9252, 11.9329], [75.9982, 11.9236], [76.004, 11.9319], [76.0296, 11.9328], [76.0728, 11.9613], [76.0913, 11.9616], [76.1079, 11.9706]]]}}, {"type": "Feature", "id": "idukki", "properties": {"districtId": "idukki", "districtName": "Idukki", "state": "Kerala", "subdivision": "Kerala & Mahe", "elevation": 1200, "terrain": "Orographic/Ghats", "centroidLat": 9.8497, "centroidLng": 76.9806, "matchedGeoName": "Idukki", "matchedGeoState": "Kerala"}, "geometry": {"type": "Polygon", "coordinates": [[[77.1731, 10.344], [77.2222, 10.3403], [77.2145, 10.3058], [77.2505, 10.2538], [77.2465, 10.2206], [77.27, 10.2243], [77.2804, 10.2073], [77.2644, 10.1797], [77.2598, 10.1191], [77.2533, 10.1114], [77.2251, 10.1185], [77.2033, 10.1036], [77.1946, 10.1062], [77.1881, 10.0957], [77.1952, 10.0735], [77.2481, 10.0202], [77.2409, 10.0001], [77.2498, 9.9728], [77.2614, 9.9637], [77.2499, 9.9425], [77.2347, 9.9428], [77.2044, 9.8943], [77.2065, 9.8778], [77.1991, 9.866], [77.2237, 9.849], [77.2089, 9.8145], [77.2271, 9.8063], [77.234, 9.7885], [77.2098, 9.7799], [77.2186, 9.76], [77.206, 9.7375], [77.2082, 9.7217], [77.1899, 9.7155], [77.1917, 9.6862], [77.1657, 9.6482], [77.1622, 9.6198], [77.1519, 9.606], [77.1746, 9.5972], [77.1959, 9.6042], [77.1966, 9.5957], [77.2228, 9.5728], [77.255, 9.565], [77.3043, 9.593], [77.3148, 9.5886], [77.3107, 9.5704], [77.3248, 9.5632], [77.3409, 9.5951], [77.3513, 9.588], [77.3432, 9.5848], [77.3453, 9.5673], [77.3359, 9.5568], [77.3488, 9.5462], [77.3505, 9.5263], [77.3707, 9.5087], [77.3868, 9.5167], [77.3962, 9.4965], [77.3855, 9.4862], [77.3786, 9.4508], [77.3636, 9.4433], [77.3516, 9.4497], [77.3343, 9.4311], [77.3217, 9.4057], [77.3276, 9.3898], [77.3113, 9.3279], [77.2841, 9.3275], [77.2835, 9.3009], [77.2668, 9.2909], [77.2741, 9.2632], [77.2309, 9.2799], [77.2232, 9.2736], [77.2211, 9.2836], [77.211, 9.2872], [77.2104, 9.3048], [77.2208, 9.3167], [77.2205, 9.3402], [77.2334, 9.3723], [77.2085, 9.4238], [77.1917, 9.4326], [77.1893, 9.4421], [77.174, 9.4413], [77.1657, 9.4617], [77.1537, 9.452], [77.1513, 9.4609], [77.1278, 9.4519], [77.1284, 9.4771], [77.1161, 9.4831], [77.1048, 9.4693], [77.089, 9.4698], [77.068, 9.4507], [77.0354, 9.448], [77.0523, 9.408], [77.0066, 9.3983], [76.9988, 9.4005], [76.9992, 9.4114], [76.9253, 9.4216], [76.927, 9.4367], [76.9697, 9.4586], [76.9704, 9.4766], [76.9523, 9.4981], [76.9335, 9.4827], [76.8921, 9.5153], [76.8884, 9.5278], [76.8754, 9.5289], [76.8704, 9.5702], [76.881, 9.5765], [76.8753, 9.6088], [76.8803, 9.6176], [76.891, 9.6248], [76.9178, 9.6062], [76.9225, 9.6115], [76.9081, 9.6299], [76.9151, 9.6427], [76.8915, 9.6671], [76.8738, 9.7085], [76.8407, 9.7256], [76.8003, 9.7755], [76.7699, 9.7968], [76.7441, 9.8069], [76.7291, 9.7965], [76.6595, 9.8358], [76.6504, 9.8314], [76.618, 9.8419], [76.6261, 9.8673], [76.6205, 9.9058], [76.6671, 9.9116], [76.6858, 9.9022], [76.6781, 9.9177], [76.7055, 9.9505], [76.6979, 9.9796], [76.7139, 9.9737], [76.7357, 9.9822], [76.753, 9.9742], [76.7591, 9.9924], [76.7536, 10.0036], [76.7714, 10.0272], [76.8171, 10.0058], [76.8273, 10.0159], [76.7815, 10.0339], [76.7699, 10.0523], [76.7413, 10.0648], [76.6609, 10.1336], [76.646, 10.1332], [76.6312, 10.1539], [76.64, 10.1838], [76.6636, 10.2097], [76.6771, 10.2595], [76.7381, 10.2701], [76.7588, 10.2625], [76.7942, 10.2776], [76.8213, 10.2684], [76.8287, 10.2762], [76.8831, 10.2505], [76.9055, 10.2248], [76.9278, 10.2296], [76.9708, 10.2087], [77.0067, 10.2364], [77.0386, 10.2482], [77.0425, 10.262], [77.0338, 10.2722], [77.0461, 10.2743], [77.0519, 10.2855], [77.1083, 10.3072], [77.1688, 10.346], [77.1731, 10.344]]]}}, {"type": "Feature", "id": "ernakulam", "properties": {"districtId": "ernakulam", "districtName": "Ernakulam (Kochi)", "state": "Kerala", "subdivision": "Kerala & Mahe", "elevation": 4, "terrain": "Coastal", "centroidLat": 9.9816, "centroidLng": 76.2999, "matchedGeoName": "Ernakulam", "matchedGeoState": "Kerala"}, "geometry": {"type": "MultiPolygon", "coordinates": [[[[76.3829, 9.8274], [76.3915, 9.8212], [76.3818, 9.8274], [76.3829, 9.8274]]], [[[76.3785, 9.8396], [76.3785, 9.839], [76.3787, 9.839], [76.3785, 9.8396]]], [[[76.3776, 9.8415], [76.3776, 9.8407], [76.3774, 9.8407], [76.3776, 9.8415]]], [[[76.3085, 9.9215], [76.3174, 9.8865], [76.3043, 9.9029], [76.3076, 9.9215], [76.3085, 9.9215]]], [[[76.249, 9.9701], [76.2599, 9.9624], [76.2668, 9.9329], [76.296, 9.9154], [76.2957, 9.8929], [76.2921, 9.9085], [76.2726, 9.8999], [76.2665, 9.9124], [76.2654, 9.8968], [76.2574, 9.9157], [76.2696, 9.8663], [76.274, 9.8743], [76.281, 9.8718], [76.2757, 9.894], [76.2796, 9.8879], [76.2862, 9.9007], [76.2971, 9.8546], [76.2752, 9.8418], [76.2707, 9.8235], [76.2371, 9.9579], [76.2382, 9.9665], [76.2485, 9.9701], [76.249, 9.9701]]], [[[76.2607, 9.9707], [76.2749, 9.9663], [76.2932, 9.9254], [76.2674, 9.9393], [76.2588, 9.9707], [76.2607, 9.9707]]], [[[76.2724, 9.9729], [76.2724, 9.9721], [76.2726, 9.9721], [76.2724, 9.9729]]], [[[76.2443, 9.981], [76.2443, 9.9785], [76.244, 9.9785], [76.2443, 9.981]]], [[[76.2682, 10.0029], [76.269, 9.9968], [76.2674, 10.0029], [76.2682, 10.0029]]], [[[76.2418, 10.0143], [76.2588, 9.9901], [76.2599, 9.981], [76.2496, 9.976], [76.2412, 10.0143], [76.2418, 10.0143]]], [[[76.2529, 10.0171], [76.2529, 10.0138], [76.2535, 10.0138], [76.2529, 10.0171]]], [[[76.2618, 10.0299], [76.2618, 10.0293], [76.2615, 10.0293], [76.2618, 10.0299]]], [[[76.266, 10.0307], [76.2649, 10.0185], [76.2579, 10.0237], [76.2657, 10.0307], [76.266, 10.0307]]], [[[76.2399, 10.1024], [76.2482, 10.0907], [76.2435, 10.0974], [76.2404, 10.0918], [76.239, 10.1024], [76.2399, 10.1024]]], [[[76.5844, 10.2799], [76.614, 10.2662], [76.6468, 10.2729], [76.6771, 10.2595], [76.6636, 10.2097], [76.64, 10.1838], [76.6312, 10.1539], [76.646, 10.1332], [76.6609, 10.1336], [76.7413, 10.0648], [76.7699, 10.0523], [76.7815, 10.0339], [76.8273, 10.0159], [76.8201, 10.0071], [76.7714, 10.0272], [76.7536, 10.0036], [76.7591, 9.9924], [76.753, 9.9742], [76.7357, 9.9822], [76.7139, 9.9737], [76.6979, 9.9796], [76.7055, 9.9505], [76.6781, 9.9177], [76.6858, 9.9022], [76.6671, 9.9116], [76.6255, 9.9105], [76.619, 9.9018], [76.626, 9.871], [76.6201, 9.8482], [76.6004, 9.8415], [76.6011, 9.8325], [76.5707, 9.8342], [76.569, 9.8154], [76.5551, 9.8153], [76.5462, 9.7957], [76.536, 9.7926], [76.5287, 9.8149], [76.511, 9.8168], [76.4977, 9.844], [76.45, 9.841], [76.4113, 9.8158], [76.3929, 9.8212], [76.3829, 9.829], [76.3846, 9.8443], [76.3715, 9.8424], [76.379, 9.8593], [76.3596, 9.9024], [76.3401, 9.9196], [76.3238, 9.9143], [76.3412, 9.9029], [76.3432, 9.8851], [76.3293, 9.9029], [76.3354, 9.884], [76.3187, 9.8888], [76.304, 9.9343], [76.3115, 9.9485], [76.3001, 9.9368], [76.3012, 9.9271], [76.2699, 9.9893], [76.2765, 9.9988], [76.2674, 10.0321], [76.2601, 10.0343], [76.2574, 10.0232], [76.2682, 9.9826], [76.2496, 10.0299], [76.2571, 10.039], [76.2663, 10.0374], [76.2551, 10.0476], [76.254, 10.0393], [76.2404, 10.071], [76.2513, 10.0518], [76.2574, 10.0549], [76.2518, 10.0513], [76.2571, 10.046], [76.2571, 10.0679], [76.2671, 10.0671], [76.2574, 10.0846], [76.2649, 10.0726], [76.2646, 10.0793], [76.259, 10.0913], [76.2526, 10.0837], [76.2257, 10.1271], [76.2351, 10.111], [76.2393, 10.0751], [76.2332, 10.0951], [76.2157, 10.1126], [76.2237, 10.1035], [76.2262, 10.1101], [76.2065, 10.1471], [76.2024, 10.1321], [76.2176, 10.0907], [76.2115, 10.1043], [76.2104, 10.0913], [76.2193, 10.0729], [76.2213, 10.0843], [76.2301, 10.0599], [76.2254, 10.054], [76.2199, 10.0688], [76.2199, 10.0562], [76.2387, 10.0304], [76.2304, 10.0168], [76.2371, 10.016], [76.2454, 9.9729], [76.2246, 9.9765], [76.1685, 10.1821], [76.176, 10.1832], [76.1932, 10.1624], [76.2026, 10.139], [76.204, 10.1518], [76.1996, 10.149], [76.1771, 10.1835], [76.2024, 10.1894], [76.2111, 10.2], [76.2541, 10.1917], [76.2526, 10.1816], [76.2657, 10.1673], [76.2958, 10.1778], [76.3038, 10.1737], [76.3025, 10.1985], [76.3244, 10.2047], [76.3331, 10.2256], [76.3645, 10.2346], [76.3918, 10.2693], [76.4019, 10.2716], [76.4066, 10.2886], [76.5455, 10.275], [76.5617, 10.2757], [76.5559, 10.2857], [76.5676, 10.2943], [76.5815, 10.2827], [76.5844, 10.2799]]]]}}, {"type": "Feature", "id": "thiruvananthapuram", "properties": {"districtId": "thiruvananthapuram", "districtName": "Thiruvananthapuram", "state": "Kerala", "subdivision": "Kerala & Mahe", "elevation": 10, "terrain": "Coastal", "centroidLat": 8.5241, "centroidLng": 76.9366, "matchedGeoName": "Thiruvananthapuram", "matchedGeoState": "Kerala"}, "geometry": {"type": "Polygon", "coordinates": [[[76.785, 8.8433], [76.8006, 8.8498], [76.811, 8.8352], [76.8314, 8.8271], [76.8382, 8.8097], [76.87, 8.7973], [76.8853, 8.8027], [76.9029, 8.7838], [76.8987, 8.7707], [76.9178, 8.7529], [76.9568, 8.7647], [76.9639, 8.7774], [76.989, 8.7624], [77.0121, 8.7659], [76.9961, 8.8004], [77.0071, 8.8073], [77.0172, 8.8332], [77.0275, 8.8364], [77.0903, 8.8207], [77.183, 8.7611], [77.1765, 8.735], [77.1553, 8.7376], [77.1617, 8.7152], [77.1793, 8.6996], [77.1903, 8.6549], [77.2283, 8.6129], [77.2284, 8.5978], [77.2515, 8.571], [77.2652, 8.5374], [77.2475, 8.5014], [77.2226, 8.4883], [77.2064, 8.5044], [77.1865, 8.4934], [77.2095, 8.4377], [77.1887, 8.4347], [77.1798, 8.4091], [77.1537, 8.3774], [77.1348, 8.3785], [77.1432, 8.3623], [77.1358, 8.3457], [77.1475, 8.3546], [77.1546, 8.3514], [77.1511, 8.3309], [77.1597, 8.3125], [77.1498, 8.3219], [77.1219, 8.3229], [77.1009, 8.3117], [77.1047, 8.3016], [77.0907, 8.2975], [77.0088, 8.3571], [76.9954, 8.3763], [76.9896, 8.3729], [76.9749, 8.3851], [76.9599, 8.4218], [76.6996, 8.7376], [76.6766, 8.7757], [76.6778, 8.7834], [76.691, 8.7818], [76.7061, 8.7938], [76.7438, 8.7871], [76.7573, 8.8005], [76.776, 8.8007], [76.7691, 8.8117], [76.778, 8.8191], [76.7619, 8.8355], [76.7635, 8.8516], [76.7818, 8.8468], [76.785, 8.8433]]]}}, {"type": "Feature", "id": "palakkad", "properties": {"districtId": "palakkad", "districtName": "Palakkad", "state": "Kerala", "subdivision": "Kerala & Mahe", "elevation": 84, "terrain": "Plains", "centroidLat": 10.7867, "centroidLng": 76.6548, "matchedGeoName": "Palakkad", "matchedGeoState": "Kerala"}, "geometry": {"type": "Polygon", "coordinates": [[[76.7205, 11.2116], [76.7265, 11.2065], [76.718, 11.1983], [76.7212, 11.1845], [76.689, 11.1651], [76.6912, 11.1445], [76.6967, 11.1327], [76.7098, 11.1403], [76.7222, 11.1225], [76.7387, 11.1213], [76.7341, 11.0934], [76.748, 11.0751], [76.7345, 11.0639], [76.7371, 11.0475], [76.7511, 11.0468], [76.7672, 11.0322], [76.79, 11.0497], [76.7925, 11.0424], [76.7818, 11.029], [76.757, 11.0246], [76.7065, 11.0314], [76.6798, 10.9994], [76.6778, 10.9797], [76.6604, 10.9605], [76.6492, 10.9242], [76.7327, 10.881], [76.773, 10.8816], [76.8176, 10.8618], [76.8452, 10.8265], [76.8371, 10.8155], [76.8404, 10.8077], [76.8883, 10.7999], [76.8975, 10.7708], [76.8804, 10.7261], [76.8837, 10.7074], [76.875, 10.7067], [76.8555, 10.6753], [76.8702, 10.6641], [76.8726, 10.6294], [76.805, 10.6263], [76.8086, 10.5945], [76.8297, 10.5851], [76.8245, 10.5376], [76.8314, 10.5246], [76.8073, 10.4149], [76.815, 10.4018], [76.8215, 10.4034], [76.8157, 10.3865], [76.8393, 10.3597], [76.8268, 10.3303], [76.8062, 10.34], [76.7936, 10.3301], [76.743, 10.3286], [76.7539, 10.3546], [76.7091, 10.3658], [76.6776, 10.3546], [76.6478, 10.3774], [76.6454, 10.3694], [76.6346, 10.3743], [76.6191, 10.3682], [76.5751, 10.4279], [76.5497, 10.4243], [76.547, 10.436], [76.5281, 10.4405], [76.514, 10.459], [76.4664, 10.4795], [76.4441, 10.511], [76.4244, 10.5248], [76.43, 10.547], [76.4129, 10.5689], [76.4021, 10.5654], [76.3939, 10.5869], [76.4056, 10.5882], [76.4199, 10.608], [76.4098, 10.6211], [76.4154, 10.64], [76.4273, 10.6432], [76.433, 10.6559], [76.4425, 10.652], [76.4347, 10.6892], [76.4493, 10.6912], [76.4698, 10.725], [76.4608, 10.7442], [76.3934, 10.7383], [76.3738, 10.7614], [76.3556, 10.7565], [76.3469, 10.737], [76.316, 10.7375], [76.2788, 10.7501], [76.2427, 10.7403], [76.2332, 10.7656], [76.1831, 10.7767], [76.1951, 10.7613], [76.1941, 10.7466], [76.182, 10.7412], [76.1544, 10.6979], [76.1457, 10.7086], [76.1233, 10.7135], [76.1163, 10.7032], [76.0956, 10.7159], [76.0615, 10.7208], [76.0555, 10.7383], [76.0401, 10.7364], [76.0324, 10.7467], [76.035, 10.7867], [76.0416, 10.7906], [76.0189, 10.8151], [76.0332, 10.8371], [76.0599, 10.8303], [76.0909, 10.8346], [76.0971, 10.862], [76.1049, 10.8592], [76.1106, 10.8735], [76.1228, 10.8718], [76.1212, 10.8888], [76.1419, 10.8827], [76.155, 10.9067], [76.1666, 10.899], [76.1746, 10.9032], [76.1803, 10.8914], [76.1909, 10.89], [76.2105, 10.9051], [76.224, 10.8788], [76.243, 10.8797], [76.2619, 10.9096], [76.2896, 10.9118], [76.3239, 10.8985], [76.3144, 10.9275], [76.3211, 10.9714], [76.3543, 10.9678], [76.3617, 10.9891], [76.3276, 10.9913], [76.3178, 10.9983], [76.3215, 11.0148], [76.2807, 11.0137], [76.2782, 11.0299], [76.2885, 11.0423], [76.3258, 11.0477], [76.3263, 11.0648], [76.3434, 11.0856], [76.404, 11.1073], [76.4087, 11.1336], [76.4075, 11.1633], [76.3978, 11.1759], [76.4025, 11.1982], [76.438, 11.1945], [76.4527, 11.1802], [76.4665, 11.1861], [76.4659, 11.1987], [76.4876, 11.2028], [76.506, 11.202], [76.5212, 11.1903], [76.5933, 11.1975], [76.623, 11.1857], [76.6682, 11.2107], [76.6794, 11.227], [76.697, 11.2313], [76.7104, 11.2183], [76.7205, 11.2116]]]}}, {"type": "Feature", "id": "kozhikode", "properties": {"districtId": "kozhikode", "districtName": "Kozhikode", "state": "Kerala", "subdivision": "Kerala & Mahe", "elevation": 1, "terrain": "Coastal", "centroidLat": 11.2588, "centroidLng": 75.7804, "matchedGeoName": "Kozhikode", "matchedGeoState": "Kerala"}, "geometry": {"type": "MultiPolygon", "coordinates": [[[[75.8382, 11.1343], [75.8315, 11.1265], [75.8374, 11.1343], [75.8382, 11.1343]]], [[[75.8112, 11.1618], [75.8112, 11.1615], [75.8115, 11.1615], [75.8112, 11.1618]]], [[[75.7875, 11.7833], [75.7803, 11.7531], [75.7935, 11.742], [75.7903, 11.7364], [75.8128, 11.729], [75.8453, 11.6935], [75.8907, 11.6926], [75.9103, 11.6819], [75.8963, 11.6708], [75.8919, 11.6133], [75.9022, 11.5965], [75.951, 11.5732], [75.9523, 11.555], [75.962, 11.5444], [76.0352, 11.4949], [76.0706, 11.5138], [76.0834, 11.499], [76.0884, 11.4753], [76.1142, 11.4652], [76.1353, 11.4427], [76.1374, 11.4202], [76.1343, 11.4125], [76.1258, 11.4185], [76.111, 11.4004], [76.0989, 11.4019], [76.0942, 11.3895], [76.0865, 11.3462], [76.0914, 11.3339], [76.1106, 11.3296], [76.1086, 11.3109], [76.0833, 11.3035], [76.0643, 11.2876], [76.0651, 11.2783], [76.0384, 11.2591], [76.01, 11.2632], [75.9869, 11.2459], [75.9682, 11.2604], [75.9518, 11.2446], [75.924, 11.2409], [75.9118, 11.2314], [75.8958, 11.2374], [75.8539, 11.1879], [75.8827, 11.1796], [75.8833, 11.1735], [75.8599, 11.1616], [75.8496, 11.1432], [75.8249, 11.1254], [75.8015, 11.1593], [75.8288, 11.1582], [75.8124, 11.1624], [75.829, 11.1807], [75.814, 11.1793], [75.8021, 11.1626], [75.7476, 11.3185], [75.7337, 11.334], [75.7357, 11.3532], [75.6826, 11.4482], [75.6551, 11.466], [75.6343, 11.4615], [75.6174, 11.4771], [75.5904, 11.561], [75.6001, 11.5446], [75.5946, 11.571], [75.5857, 11.5863], [75.5882, 11.569], [75.5299, 11.7015], [75.552, 11.696], [75.5599, 11.6745], [75.5695, 11.6692], [75.5846, 11.682], [75.5988, 11.6821], [75.5881, 11.7096], [75.6058, 11.7118], [75.6237, 11.7307], [75.6636, 11.7528], [75.6898, 11.792], [75.7123, 11.7891], [75.7284, 11.7739], [75.7501, 11.7788], [75.7486, 11.7976], [75.7834, 11.787], [75.7875, 11.7833]]]]}}, {"type": "Feature", "id": "bengaluru urban", "properties": {"districtId": "bengaluru urban", "districtName": "Bengaluru Urban", "state": "Karnataka", "subdivision": "South Interior Karnataka", "elevation": 920, "terrain": "Plateau", "centroidLat": 12.9716, "centroidLng": 77.5946, "matchedGeoName": "Bangalore Urban", "matchedGeoState": "Karnataka"}, "geometry": {"type": "Polygon", "coordinates": [[[77.5615, 13.2046], [77.5619, 13.1926], [77.5902, 13.1806], [77.6116, 13.1964], [77.6449, 13.1922], [77.6497, 13.1776], [77.6805, 13.1835], [77.6817, 13.1892], [77.6927, 13.1782], [77.7202, 13.1791], [77.7202, 13.1507], [77.7323, 13.1132], [77.7254, 13.1056], [77.7527, 13.1035], [77.755, 13.0565], [77.7755, 13.0275], [77.7663, 12.9677], [77.7767, 12.9559], [77.7586, 12.951], [77.7648, 12.9395], [77.7576, 12.9288], [77.7917, 12.9098], [77.806, 12.9188], [77.8256, 12.859], [77.8136, 12.844], [77.7849, 12.8338], [77.788, 12.8236], [77.801, 12.8208], [77.8007, 12.8056], [77.7914, 12.7963], [77.7995, 12.7869], [77.7716, 12.7598], [77.7829, 12.7388], [77.7531, 12.7251], [77.7517, 12.7184], [77.763, 12.7145], [77.7502, 12.6872], [77.7336, 12.6915], [77.7273, 12.6829], [77.7314, 12.664], [77.7153, 12.663], [77.7038, 12.6737], [77.6955, 12.6512], [77.6784, 12.649], [77.6678, 12.6506], [77.6703, 12.6712], [77.6543, 12.6742], [77.5903, 12.6575], [77.5893, 12.6483], [77.5855, 12.6555], [77.6086, 12.6968], [77.5877, 12.71], [77.561, 12.69], [77.55, 12.7129], [77.55, 12.7215], [77.5647, 12.7245], [77.5683, 12.7429], [77.5888, 12.7473], [77.5852, 12.7734], [77.5736, 12.7778], [77.5644, 12.7708], [77.5593, 12.7501], [77.5483, 12.7713], [77.5548, 12.777], [77.5459, 12.7797], [77.5499, 12.791], [77.5329, 12.7899], [77.542, 12.7775], [77.5353, 12.767], [77.5433, 12.7647], [77.536, 12.7444], [77.53, 12.7459], [77.5124, 12.7234], [77.5117, 12.7351], [77.4975, 12.7269], [77.4812, 12.7343], [77.4659, 12.7576], [77.4698, 12.7704], [77.4629, 12.7843], [77.4765, 12.7905], [77.473, 12.7992], [77.4447, 12.8097], [77.4362, 12.7989], [77.425, 12.808], [77.429, 12.8145], [77.4147, 12.8175], [77.4296, 12.8311], [77.4301, 12.8413], [77.413, 12.8601], [77.4221, 12.8687], [77.4001, 12.8658], [77.3942, 12.8555], [77.3887, 12.8609], [77.3696, 12.8452], [77.3583, 12.8626], [77.3403, 12.8594], [77.3293, 12.9007], [77.3372, 12.9332], [77.325, 12.9389], [77.3222, 12.9659], [77.3472, 12.9656], [77.3717, 12.9859], [77.3651, 13.0075], [77.3704, 13.0211], [77.3855, 13.0202], [77.3903, 13.0459], [77.379, 13.0431], [77.3767, 13.0566], [77.4219, 13.0597], [77.4113, 13.0964], [77.3966, 13.1049], [77.3977, 13.1162], [77.4215, 13.1555], [77.46, 13.1543], [77.4715, 13.2129], [77.504, 13.2158], [77.5133, 13.201], [77.5391, 13.2232], [77.5508, 13.2233], [77.5488, 13.206], [77.5615, 13.2046]]]}}, {"type": "Feature", "id": "dakshina kannada", "properties": {"districtId": "dakshina kannada", "districtName": "Dakshina Kannada (Mangaluru)", "state": "Karnataka", "subdivision": "Coastal Karnataka", "elevation": 22, "terrain": "Coastal", "centroidLat": 12.9141, "centroidLng": 74.856, "matchedGeoName": "Dakshin Kannad", "matchedGeoState": "Karnataka"}, "geometry": {"type": "Polygon", "coordinates": [[[75.3513, 13.1788], [75.3761, 13.1768], [75.4047, 13.1523], [75.4074, 13.1056], [75.4233, 13.1022], [75.4327, 13.1154], [75.4407, 13.1005], [75.4524, 13.104], [75.4679, 13.0919], [75.471, 13.0725], [75.4786, 13.073], [75.4858, 13.0876], [75.5113, 13.0637], [75.524, 13.0435], [75.5191, 13.024], [75.5304, 13.0014], [75.5141, 12.9741], [75.5529, 12.9399], [75.5607, 12.8627], [75.601, 12.8711], [75.6023, 12.8617], [75.6207, 12.8521], [75.6119, 12.7931], [75.6383, 12.7647], [75.6345, 12.7568], [75.6569, 12.7452], [75.6483, 12.7149], [75.6248, 12.7022], [75.6308, 12.6867], [75.6699, 12.6952], [75.6459, 12.6613], [75.64, 12.6244], [75.6512, 12.6163], [75.6613, 12.5894], [75.6679, 12.5446], [75.6417, 12.5327], [75.6149, 12.5052], [75.6026, 12.5068], [75.5857, 12.53], [75.5547, 12.4959], [75.5633, 12.4815], [75.5263, 12.4925], [75.5218, 12.4842], [75.4938, 12.4772], [75.489, 12.455], [75.4628, 12.4669], [75.4609, 12.4802], [75.4697, 12.4927], [75.4339, 12.5232], [75.4145, 12.4967], [75.4042, 12.4896], [75.3973, 12.4978], [75.3831, 12.4927], [75.37, 12.4835], [75.3721, 12.4688], [75.3409, 12.456], [75.3348, 12.4902], [75.3049, 12.4968], [75.3047, 12.5173], [75.2811, 12.5181], [75.2709, 12.5535], [75.2914, 12.5749], [75.3162, 12.5687], [75.3285, 12.5771], [75.3279, 12.5852], [75.3083, 12.5879], [75.3015, 12.5991], [75.2911, 12.5966], [75.2767, 12.6117], [75.2363, 12.5618], [75.2229, 12.5626], [75.2108, 12.584], [75.2034, 12.5806], [75.2095, 12.5973], [75.1987, 12.6062], [75.2014, 12.6251], [75.1826, 12.6274], [75.1592, 12.6171], [75.143, 12.6333], [75.1613, 12.6641], [75.1506, 12.6763], [75.1319, 12.6708], [75.1127, 12.6759], [75.1044, 12.6916], [75.0861, 12.6978], [75.0831, 12.6664], [75.0703, 12.658], [75.0478, 12.6601], [75.0447, 12.6874], [75.0568, 12.6867], [75.0497, 12.7147], [75.0381, 12.7186], [75.0071, 12.7092], [75.0031, 12.7137], [75.0122, 12.7228], [74.993, 12.7331], [74.9848, 12.7299], [75.0086, 12.7604], [75.0053, 12.7855], [74.9923, 12.7905], [74.9819, 12.7752], [74.9542, 12.7793], [74.8856, 12.7488], [74.8637, 12.7604], [74.821, 12.8524], [74.8068, 12.9193], [74.821, 12.9293], [74.8024, 12.9312], [74.7746, 13.0776], [74.7846, 13.0593], [74.7807, 13.0991], [74.7962, 13.0937], [74.7966, 13.1122], [74.813, 13.1102], [74.8284, 13.1244], [74.8642, 13.1221], [74.8749, 13.0932], [74.8915, 13.0915], [74.8926, 13.0588], [74.885, 13.0438], [74.8972, 13.0263], [74.9104, 13.0206], [74.9062, 13.0358], [74.9332, 13.0303], [74.9362, 13.0107], [74.9289, 13.0046], [74.9416, 13.0005], [74.9477, 13.0118], [74.9654, 13.0094], [74.9784, 13.0229], [74.9994, 13.0113], [74.9968, 12.9997], [74.9874, 12.9971], [74.9902, 12.9848], [75.0145, 12.9799], [75.0301, 12.9933], [75.0307, 13.0118], [75.0478, 13.0162], [75.0684, 13.0416], [75.0771, 13.041], [75.0834, 13.0635], [75.118, 13.1046], [75.1274, 13.128], [75.1478, 13.1227], [75.1619, 13.129], [75.2018, 13.177], [75.2105, 13.1535], [75.2362, 13.1341], [75.2699, 13.1227], [75.2856, 13.1303], [75.2949, 13.1214], [75.3135, 13.1295], [75.3285, 13.1658], [75.3486, 13.1758], [75.3513, 13.1788]]]}}, {"type": "Feature", "id": "uttara kannada", "properties": {"districtId": "uttara kannada", "districtName": "Uttara Kannada (Karwar)", "state": "Karnataka", "subdivision": "Coastal Karnataka", "elevation": 10, "terrain": "Coastal", "centroidLat": 14.8185, "centroidLng": 74.1416, "matchedGeoName": "Uttar Kannand", "matchedGeoState": "Karnataka"}, "geometry": {"type": "MultiPolygon", "coordinates": [[[[74.4829, 14.0112], [74.4815, 14.0049], [74.4805, 14.0112], [74.4829, 14.0112]]], [[[74.3262, 14.0207], [74.3276, 14.0112], [74.3246, 14.0207], [74.3262, 14.0207]]], [[[74.4032, 14.3154], [74.4032, 14.3151], [74.404, 14.3151], [74.4032, 14.3154]]], [[[74.3651, 14.5526], [74.3782, 14.546], [74.3674, 14.5412], [74.364, 14.5526], [74.3651, 14.5526]]], [[[74.2538, 14.706], [74.2538, 14.7057], [74.2543, 14.7057], [74.2538, 14.706]]], [[[74.2407, 14.7113], [74.2407, 14.711], [74.241, 14.711], [74.2407, 14.7113]]], [[[74.1554, 14.7418], [74.1554, 14.7415], [74.156, 14.7415], [74.1554, 14.7418]]], [[[74.1113, 14.7615], [74.1199, 14.7532], [74.1098, 14.754], [74.1101, 14.7615], [74.1113, 14.7615]]], [[[74.0879, 14.796], [74.0879, 14.7957], [74.0888, 14.7957], [74.0879, 14.796]]], [[[74.0565, 14.8171], [74.0565, 14.8168], [74.0568, 14.8168], [74.0565, 14.8171]]], [[[74.064, 14.8212], [74.064, 14.821], [74.0646, 14.821], [74.064, 14.8212]]], [[[74.0593, 14.8215], [74.0593, 14.8212], [74.0618, 14.8212], [74.0593, 14.8215]]], [[[74.094, 14.8385], [74.094, 14.8382], [74.0943, 14.8382], [74.094, 14.8385]]], [[[74.0985, 14.846], [74.0985, 14.8457], [74.0987, 14.8457], [74.0985, 14.846]]], [[[74.0971, 14.8785], [74.0971, 14.8779], [74.0974, 14.8779], [74.0971, 14.8785]]], [[[74.3276, 15.5152], [74.3464, 15.5165], [74.3814, 15.4796], [74.3921, 15.4831], [74.4173, 15.4732], [74.4263, 15.4596], [74.4322, 15.3946], [74.4551, 15.4063], [74.4603, 15.4], [74.4731, 15.4113], [74.4853, 15.3934], [74.5494, 15.4148], [74.6191, 15.3562], [74.6427, 15.3714], [74.6563, 15.3923], [74.6962, 15.3966], [74.7036, 15.4074], [74.7583, 15.4073], [74.7712, 15.4136], [74.7695, 15.3965], [74.7865, 15.3913], [74.7944, 15.377], [74.825, 15.3812], [74.833, 15.3722], [74.8258, 15.3641], [74.8301, 15.3407], [74.8385, 15.3307], [74.8588, 15.3378], [74.881, 15.3122], [74.8797, 15.2978], [74.8932, 15.3045], [74.9008, 15.2984], [74.9124, 15.2479], [74.8767, 15.2102], [74.8805, 15.1904], [74.8536, 15.1663], [74.8324, 15.1305], [74.857, 15.1181], [74.8621, 15.1008], [74.8953, 15.0952], [74.8836, 15.0695], [74.8936, 15.0451], [74.9104, 15.0465], [74.9146, 15.0347], [74.9429, 15.0489], [74.9436, 15.0633], [75.0254, 15.0658], [75.0588, 15.0778], [75.0653, 15.0685], [75.0838, 15.0695], [75.0721, 15.0127], [75.089, 14.9533], [75.1033, 14.9519], [75.1083, 14.9291], [75.0731, 14.9149], [75.0787, 14.8657], [75.0725, 14.8328], [75.0968, 14.8056], [75.0604, 14.8084], [75.0736, 14.7765], [75.0448, 14.7656], [75.0488, 14.7346], [75.0205, 14.7121], [75.0347, 14.7035], [75.0367, 14.6613], [75.0535, 14.6453], [75.0293, 14.605], [75.0266, 14.5607], [75.0452, 14.5424], [75.0646, 14.5384], [75.0414, 14.523], [75.0449, 14.4974], [75.0173, 14.4916], [74.9943, 14.4724], [74.9899, 14.4836], [74.9958, 14.5006], [74.9792, 14.5181], [74.986, 14.5219], [74.9815, 14.5491], [74.9602, 14.5474], [74.9414, 14.5176], [74.9336, 14.5255], [74.9086, 14.5261], [74.8954, 14.4761], [74.9242, 14.458], [74.896, 14.4606], [74.8807, 14.4458], [74.8888, 14.4279], [74.9242, 14.4293], [74.9372, 14.4048], [74.9514, 14.3995], [74.9554, 14.3763], [74.944, 14.3584], [74.9755, 14.3365], [74.9796, 14.3173], [74.9375, 14.3198], [74.9204, 14.3096], [74.9129, 14.2857], [74.9174, 14.275], [74.9319, 14.2773], [74.943, 14.2577], [74.9402, 14.246], [74.926, 14.2305], [74.9028, 14.2294], [74.899, 14.2186], [74.885, 14.2138], [74.8767, 14.2401], [74.8714, 14.2186], [74.8595, 14.2103], [74.8369, 14.2274], [74.7703, 14.235], [74.7341, 14.2637], [74.7205, 14.2307], [74.7322, 14.1752], [74.7526, 14.1549], [74.7497, 14.147], [74.729, 14.1515], [74.7071, 14.1711], [74.6943, 14.1673], [74.6702, 14.1842], [74.6549, 14.1696], [74.6304, 14.1616], [74.6328, 14.1431], [74.6476, 14.1408], [74.6504, 14.1146], [74.6592, 14.1117], [74.6437, 14.0941], [74.6616, 14.066], [74.6595, 14.0406], [74.6809, 14.0347], [74.6711, 13.981], [74.6504, 13.9562], [74.6531, 13.9398], [74.6354, 13.945], [74.6287, 13.9354], [74.6112, 13.938], [74.6058, 13.9318], [74.6015, 13.9407], [74.5861, 13.9226], [74.569, 13.9476], [74.5488, 13.9485], [74.5385, 13.9654], [74.5315, 13.9649], [74.5146, 13.9862], [74.5015, 14.0226], [74.5179, 14.0271], [74.504, 14.0418], [74.501, 14.0271], [74.4926, 14.0785], [74.4879, 14.0926], [74.4804, 14.0932], [74.4879, 14.1104], [74.471, 14.1835], [74.4418, 14.2238], [74.4135, 14.3157], [74.3962, 14.4096], [74.3818, 14.4213], [74.3729, 14.4699], [74.3538, 14.5029], [74.3693, 14.5276], [74.3796, 14.5246], [74.3732, 14.5371], [74.3843, 14.5238], [74.3935, 14.5293], [74.384, 14.5307], [74.3832, 14.5518], [74.3646, 14.5538], [74.3776, 14.5724], [74.3565, 14.5626], [74.3604, 14.5501], [74.3543, 14.5429], [74.3404, 14.5687], [74.3354, 14.5649], [74.3526, 14.541], [74.356, 14.5221], [74.3412, 14.5138], [74.3096, 14.5207], [74.3138, 14.5446], [74.2907, 14.596], [74.2946, 14.6015], [74.2696, 14.6268], [74.284, 14.631], [74.2779, 14.6579], [74.2829, 14.6635], [74.2754, 14.6604], [74.2818, 14.6779], [74.2693, 14.7024], [74.2568, 14.706], [74.2674, 14.7132], [74.2496, 14.7396], [74.2326, 14.7479], [74.2282, 14.7371], [74.2071, 14.7376], [74.2049, 14.7179], [74.1924, 14.7257], [74.1935, 14.7351], [74.1813, 14.7485], [74.1635, 14.7532], [74.1668, 14.7665], [74.1532, 14.746], [74.1574, 14.7607], [74.1429, 14.7779], [74.119, 14.7749], [74.119, 14.786], [74.1101, 14.7846], [74.109, 14.7932], [74.0926, 14.8032], [74.1132, 14.8076], [74.1118, 14.7968], [74.121, 14.8021], [74.1246, 14.8374], [74.1304, 14.8399], [74.131, 14.8462], [74.1146, 14.8532], [74.1246, 14.8451], [74.1121, 14.8468], [74.0993, 14.8804], [74.0974, 14.8957], [74.1042, 14.9038], [74.1394, 14.9205], [74.1754, 14.9089], [74.1661, 14.9394], [74.1804, 14.953], [74.2042, 14.9379], [74.2031, 14.9274], [74.2118, 14.9214], [74.2247, 14.9413], [74.2417, 14.9465], [74.2439, 14.9575], [74.2621, 14.9576], [74.2701, 14.9666], [74.2739, 14.9752], [74.2617, 14.9908], [74.3023, 15.0399], [74.2783, 15.0959], [74.2931, 15.12], [74.2896, 15.1431], [74.3014, 15.1499], [74.3219, 15.1841], [74.3067, 15.2232], [74.2635, 15.2419], [74.2575, 15.2576], [74.2679, 15.2584], [74.283, 15.2813], [74.3341, 15.2829], [74.3417, 15.2929], [74.3233, 15.3296], [74.3284, 15.3673], [74.2826, 15.3886], [74.2756, 15.4239], [74.2825, 15.4431], [74.2563, 15.4895], [74.2608, 15.5008], [74.2916, 15.5228], [74.3276, 15.5152]]]]}}, {"type": "Feature", "id": "shivamogga", "properties": {"districtId": "shivamogga", "districtName": "Shivamogga (Agumbe)", "state": "Karnataka", "subdivision": "South Interior Karnataka", "elevation": 580, "terrain": "Orographic/Ghats", "centroidLat": 13.9299, "centroidLng": 75.5681, "matchedGeoName": "Shimoga", "matchedGeoState": "Karnataka"}, "geometry": {"type": "Polygon", "coordinates": [[[75.1255, 14.6268], [75.1451, 14.6281], [75.1483, 14.6142], [75.1649, 14.6137], [75.1689, 14.6296], [75.1955, 14.6191], [75.208, 14.632], [75.2135, 14.6194], [75.2072, 14.5937], [75.1838, 14.5946], [75.1865, 14.5819], [75.211, 14.5704], [75.2304, 14.5799], [75.23, 14.559], [75.2392, 14.5532], [75.2493, 14.576], [75.2666, 14.5756], [75.298, 14.5348], [75.2705, 14.5218], [75.2713, 14.5091], [75.3215, 14.5076], [75.3481, 14.4792], [75.3448, 14.4306], [75.3592, 14.4255], [75.3638, 14.4351], [75.382, 14.4278], [75.3789, 14.4063], [75.3602, 14.4051], [75.3497, 14.3837], [75.4774, 14.313], [75.4769, 14.341], [75.4883, 14.3351], [75.49, 14.3428], [75.4996, 14.3394], [75.5027, 14.3027], [75.5342, 14.2814], [75.5263, 14.198], [75.5163, 14.1991], [75.5078, 14.2124], [75.4532, 14.1997], [75.4853, 14.1699], [75.4608, 14.1691], [75.4436, 14.1576], [75.4014, 14.1202], [75.4004, 14.1103], [75.4516, 14.0907], [75.4933, 14.0982], [75.5159, 14.0921], [75.5855, 14.0529], [75.5942, 14.0577], [75.6059, 14.0523], [75.6173, 14.0715], [75.6351, 14.0742], [75.6648, 14.0612], [75.7218, 14.07], [75.7343, 14.0565], [75.7022, 14.0488], [75.6756, 14.0185], [75.6737, 13.9897], [75.7077, 13.9391], [75.7117, 13.9107], [75.6743, 13.9072], [75.6699, 13.8912], [75.6558, 13.893], [75.6607, 13.8826], [75.6504, 13.8633], [75.6103, 13.8391], [75.6044, 13.7925], [75.5913, 13.7909], [75.6041, 13.7849], [75.6053, 13.7563], [75.5724, 13.752], [75.5634, 13.737], [75.5403, 13.725], [75.5055, 13.7611], [75.4994, 13.7555], [75.4911, 13.7638], [75.4618, 13.7385], [75.4556, 13.7202], [75.4029, 13.6991], [75.3837, 13.707], [75.4146, 13.6497], [75.407, 13.6218], [75.3976, 13.6253], [75.3888, 13.6098], [75.3736, 13.6232], [75.3657, 13.6183], [75.3694, 13.5954], [75.3441, 13.5777], [75.321, 13.588], [75.296, 13.5804], [75.2771, 13.5599], [75.244, 13.6013], [75.223, 13.5999], [75.212, 13.5814], [75.2262, 13.5662], [75.2175, 13.5571], [75.225, 13.5481], [75.2243, 13.5236], [75.2077, 13.5221], [75.2031, 13.5084], [75.1771, 13.4975], [75.1707, 13.5023], [75.138, 13.4704], [75.1407, 13.4591], [75.1128, 13.4582], [75.1028, 13.4879], [75.0807, 13.4921], [75.0716, 13.52], [75.0604, 13.5186], [75.0636, 13.525], [75.0502, 13.5367], [75.036, 13.5694], [75.0559, 13.5824], [75.0622, 13.5971], [75.0575, 13.6075], [75.0373, 13.6111], [75.0186, 13.6328], [75.0158, 13.6587], [75.0283, 13.6675], [75.0136, 13.6783], [75.0208, 13.6955], [74.9932, 13.7092], [74.9986, 13.7376], [74.9352, 13.7681], [74.9378, 13.787], [74.9165, 13.8536], [74.8911, 13.8642], [74.8701, 13.856], [74.8582, 13.8816], [74.8245, 13.9052], [74.7975, 13.9034], [74.7945, 13.9107], [74.7791, 13.9127], [74.7201, 13.9035], [74.7143, 13.9256], [74.6962, 13.9327], [74.7045, 13.9363], [74.7042, 13.9468], [74.6711, 13.981], [74.6809, 14.0347], [74.6595, 14.0406], [74.6616, 14.066], [74.6437, 14.0941], [74.6592, 14.1117], [74.6504, 14.1146], [74.6476, 14.1408], [74.6328, 14.1431], [74.6304, 14.1616], [74.6549, 14.1696], [74.6702, 14.1842], [74.6943, 14.1673], [74.7071, 14.1711], [74.729, 14.1515], [74.7517, 14.148], [74.7322, 14.1752], [74.7205, 14.2307], [74.7341, 14.2637], [74.7703, 14.235], [74.8369, 14.2274], [74.8595, 14.2103], [74.8714, 14.2186], [74.8733, 14.2391], [74.8835, 14.2328], [74.8808, 14.2135], [74.899, 14.2186], [74.9028, 14.2294], [74.9212, 14.2278], [74.9322, 14.2353], [74.943, 14.2577], [74.9319, 14.2773], [74.9174, 14.275], [74.9129, 14.2857], [74.9204, 14.3096], [74.9375, 14.3198], [74.9809, 14.32], [74.9755, 14.3365], [74.944, 14.3584], [74.9554, 14.3763], [74.9514, 14.3995], [74.9372, 14.4048], [74.9242, 14.4293], [74.8888, 14.4279], [74.8842, 14.4336], [74.8807, 14.4458], [74.8901, 14.4572], [74.9242, 14.458], [74.8954, 14.4761], [74.9086, 14.5261], [74.9336, 14.5255], [74.9414, 14.5176], [74.9602, 14.5474], [74.9746, 14.5507], [74.9815, 14.5491], [74.986, 14.5219], [74.9792, 14.5181], [74.9958, 14.5006], [74.9899, 14.4836], [74.9943, 14.4724], [75.0173, 14.4916], [75.0449, 14.4974], [75.0414, 14.523], [75.0646, 14.5384], [75.0452, 14.5424], [75.0266, 14.5607], [75.0331, 14.6131], [75.0535, 14.6453], [75.0772, 14.6501], [75.1167, 14.6348], [75.1255, 14.6268]]]}}, {"type": "Feature", "id": "north goa", "properties": {"districtId": "north goa", "districtName": "North Goa (Panaji)", "state": "Goa", "subdivision": "Konkan & Goa", "elevation": 7, "terrain": "Coastal", "centroidLat": 15.4909, "centroidLng": 73.8278, "matchedGeoName": "North Goa", "matchedGeoState": "Goa"}, "geometry": {"type": "Polygon", "coordinates": [[[73.8799, 15.7792], [73.8869, 15.7703], [73.8802, 15.7526], [73.8859, 15.7473], [73.9454, 15.7415], [73.9589, 15.7113], [73.9572, 15.6967], [73.9713, 15.6873], [73.9757, 15.6598], [73.9693, 15.6443], [73.976, 15.6289], [74.0024, 15.6091], [74.0279, 15.6046], [74.0393, 15.6209], [74.0806, 15.6262], [74.126, 15.6503], [74.1734, 15.6521], [74.1754, 15.6702], [74.1901, 15.681], [74.1977, 15.6789], [74.1963, 15.6649], [74.2115, 15.661], [74.2132, 15.649], [74.2288, 15.653], [74.2241, 15.6589], [74.2316, 15.6665], [74.245, 15.6656], [74.2553, 15.6542], [74.2525, 15.6238], [74.2625, 15.6229], [74.2685, 15.6096], [74.2543, 15.5658], [74.2699, 15.5612], [74.2873, 15.526], [74.2563, 15.4895], [74.2053, 15.465], [74.1836, 15.4362], [74.1338, 15.4353], [74.1169, 15.4168], [74.1138, 15.4244], [74.1052, 15.4229], [74.08, 15.4091], [74.0845, 15.3895], [74.0968, 15.3864], [74.1107, 15.3658], [74.1117, 15.3453], [74.092, 15.3237], [74.1009, 15.2958], [74.1146, 15.2834], [74.11, 15.2687], [74.0834, 15.2733], [74.078, 15.2902], [74.0485, 15.3034], [74.022, 15.3017], [74.013, 15.345], [73.9675, 15.3688], [73.9578, 15.3975], [73.9316, 15.4021], [73.9486, 15.4053], [73.9344, 15.4133], [73.9442, 15.4339], [73.9161, 15.4143], [73.9061, 15.4153], [73.8843, 15.4327], [73.8615, 15.4285], [73.849, 15.4521], [73.8407, 15.4476], [73.8121, 15.4557], [73.8032, 15.4499], [73.7879, 15.4613], [73.8046, 15.4651], [73.8054, 15.4949], [73.7887, 15.4999], [73.7751, 15.4899], [73.7646, 15.4946], [73.7513, 15.5571], [73.741, 15.5635], [73.7312, 15.5904], [73.731, 15.6082], [73.7451, 15.6054], [73.7549, 15.6174], [73.746, 15.6268], [73.736, 15.6143], [73.7226, 15.6301], [73.6901, 15.7185], [73.6793, 15.7224], [73.6919, 15.7269], [73.737, 15.7173], [73.7582, 15.7328], [73.7932, 15.7237], [73.8204, 15.7399], [73.833, 15.7378], [73.8388, 15.7609], [73.8655, 15.7975], [73.8759, 15.7932], [73.8751, 15.7829], [73.8799, 15.7792]]]}}, {"type": "Feature", "id": "chennai", "properties": {"districtId": "chennai", "districtName": "Chennai", "state": "Tamil Nadu", "subdivision": "Tamil Nadu, Puducherry & Karaikal", "elevation": 6, "terrain": "Coastal", "centroidLat": 13.0827, "centroidLng": 80.2707, "matchedGeoName": "Chennai", "matchedGeoState": "Tamil Nadu"}, "geometry": {"type": "Polygon", "coordinates": [[[80.2497, 13.1264], [80.2979, 13.1265], [80.3051, 13.1071], [80.3018, 13.1129], [80.2957, 13.0935], [80.306, 13.1004], [80.2851, 13.0688], [80.2776, 13.0162], [80.2668, 13.0132], [80.2771, 13.011], [80.2624, 12.9545], [80.2435, 12.9585], [80.2347, 12.9692], [80.2098, 12.9518], [80.191, 12.9695], [80.2013, 12.9911], [80.1877, 13.007], [80.1979, 13.0117], [80.1745, 13.0138], [80.1731, 13.0607], [80.1834, 13.0744], [80.1801, 13.0904], [80.1897, 13.1119], [80.23, 13.1133], [80.2292, 13.1273], [80.2458, 13.1338], [80.2459, 13.1276], [80.2497, 13.1264]]]}}, {"type": "Feature", "id": "nilgiris", "properties": {"districtId": "nilgiris", "districtName": "Nilgiris (Udhagamandalam)", "state": "Tamil Nadu", "subdivision": "Tamil Nadu, Puducherry & Karaikal", "elevation": 2240, "terrain": "Orographic/Ghats", "centroidLat": 11.4102, "centroidLng": 76.695, "matchedGeoName": "Nilgiris", "matchedGeoState": "Tamil Nadu"}, "geometry": {"type": "Polygon", "coordinates": [[[76.5247, 11.686], [76.5404, 11.6705], [76.5536, 11.6129], [76.5748, 11.6057], [76.6079, 11.6004], [76.7463, 11.6105], [76.8165, 11.5972], [76.8492, 11.5668], [76.8801, 11.562], [76.8996, 11.568], [76.9081, 11.5547], [76.9138, 11.5682], [76.9307, 11.5678], [76.9634, 11.5558], [76.9702, 11.5447], [76.9972, 11.5353], [77.0058, 11.5142], [76.9867, 11.5004], [76.9836, 11.47], [77.005, 11.4374], [76.9971, 11.4237], [76.974, 11.4295], [76.9685, 11.4023], [76.9736, 11.3918], [76.9664, 11.3842], [76.9377, 11.3632], [76.9236, 11.3662], [76.9277, 11.3572], [76.9436, 11.3584], [76.9422, 11.3535], [76.9118, 11.3515], [76.8984, 11.3394], [76.882, 11.3565], [76.8773, 11.3404], [76.8694, 11.3485], [76.8467, 11.336], [76.8415, 11.325], [76.8526, 11.2977], [76.8457, 11.2838], [76.833, 11.2783], [76.8, 11.2871], [76.7797, 11.269], [76.7634, 11.2797], [76.7567, 11.2753], [76.7586, 11.2533], [76.7295, 11.2369], [76.7002, 11.2542], [76.6917, 11.2472], [76.697, 11.2313], [76.6794, 11.227], [76.6682, 11.2107], [76.623, 11.1857], [76.5933, 11.1975], [76.5212, 11.1903], [76.506, 11.202], [76.4876, 11.2028], [76.4659, 11.1987], [76.4665, 11.1861], [76.4527, 11.1802], [76.438, 11.1945], [76.4464, 11.2305], [76.5135, 11.262], [76.5219, 11.2812], [76.5402, 11.2923], [76.5285, 11.3034], [76.5398, 11.321], [76.5382, 11.3516], [76.5095, 11.3466], [76.5101, 11.3612], [76.4484, 11.3814], [76.4082, 11.4148], [76.4104, 11.4336], [76.3906, 11.428], [76.3337, 11.4587], [76.3209, 11.4447], [76.298, 11.4589], [76.289, 11.4563], [76.2781, 11.4745], [76.2661, 11.4687], [76.2579, 11.4732], [76.2401, 11.4596], [76.2448, 11.4943], [76.2332, 11.5187], [76.2425, 11.5288], [76.2257, 11.5644], [76.271, 11.5929], [76.2906, 11.5806], [76.2979, 11.5643], [76.3286, 11.5886], [76.3356, 11.5783], [76.3501, 11.5827], [76.3707, 11.5935], [76.3801, 11.6224], [76.4248, 11.6233], [76.4356, 11.6377], [76.4235, 11.6593], [76.4514, 11.6551], [76.4738, 11.6842], [76.4853, 11.6823], [76.5042, 11.698], [76.5131, 11.6942], [76.5247, 11.686]]]}}, {"type": "Feature", "id": "coimbatore", "properties": {"districtId": "coimbatore", "districtName": "Coimbatore", "state": "Tamil Nadu", "subdivision": "Tamil Nadu, Puducherry & Karaikal", "elevation": 411, "terrain": "Plains", "centroidLat": 11.0168, "centroidLng": 76.9558, "matchedGeoName": "Coimbatore", "matchedGeoState": "Tamil Nadu"}, "geometry": {"type": "Polygon", "coordinates": [[[77.1, 11.3814], [77.1012, 11.3684], [77.1161, 11.3685], [77.1289, 11.3266], [77.1487, 11.3186], [77.155, 11.3047], [77.1694, 11.3037], [77.1653, 11.33], [77.1845, 11.3244], [77.1848, 11.3329], [77.2195, 11.3397], [77.2088, 11.3281], [77.2253, 11.3165], [77.2228, 11.3047], [77.207, 11.2947], [77.1891, 11.2979], [77.1904, 11.2881], [77.23, 11.2923], [77.2297, 11.3132], [77.2413, 11.3129], [77.2414, 11.2992], [77.2723, 11.3308], [77.2807, 11.3189], [77.273, 11.3059], [77.2739, 11.2795], [77.3014, 11.2693], [77.2852, 11.2618], [77.2916, 11.2562], [77.3199, 11.2456], [77.3354, 11.2774], [77.3204, 11.3051], [77.3528, 11.3064], [77.35, 11.2942], [77.3759, 11.2465], [77.3612, 11.2273], [77.3613, 11.2128], [77.3929, 11.189], [77.389, 11.1484], [77.3812, 11.1463], [77.3846, 11.1209], [77.3721, 11.1259], [77.3632, 11.1174], [77.3829, 11.1102], [77.4116, 11.1183], [77.4385, 11.1115], [77.4399, 11.0844], [77.4516, 11.081], [77.4627, 11.0349], [77.4874, 11.0326], [77.4894, 11.0078], [77.4758, 10.9949], [77.4615, 10.944], [77.4004, 10.9168], [77.4092, 10.9026], [77.361, 10.8932], [77.3649, 10.8698], [77.2773, 10.8446], [77.2862, 10.8043], [77.2647, 10.7924], [77.2633, 10.7828], [77.2849, 10.7687], [77.2893, 10.7428], [77.301, 10.7396], [77.309, 10.6806], [77.3357, 10.6866], [77.3514, 10.6425], [77.3845, 10.6426], [77.3882, 10.6268], [77.404, 10.6157], [77.3742, 10.5857], [77.3542, 10.5339], [77.3644, 10.5154], [77.3914, 10.5127], [77.3869, 10.4888], [77.3666, 10.4815], [77.3711, 10.4399], [77.3393, 10.4363], [77.3199, 10.4459], [77.311, 10.4404], [77.3134, 10.4243], [77.3072, 10.4248], [77.2999, 10.3528], [77.3011, 10.3457], [77.3221, 10.3441], [77.3122, 10.3099], [77.3327, 10.2801], [77.3336, 10.2533], [77.3114, 10.2626], [77.2949, 10.2347], [77.2829, 10.2417], [77.2748, 10.2205], [77.2465, 10.2206], [77.2505, 10.2538], [77.2145, 10.3058], [77.2222, 10.3403], [77.189, 10.3462], [77.163, 10.3463], [77.1083, 10.3072], [77.0519, 10.2855], [77.0461, 10.2743], [77.0338, 10.2722], [77.0425, 10.262], [77.0386, 10.2482], [77.0067, 10.2364], [76.9708, 10.2087], [76.9278, 10.2296], [76.9055, 10.2248], [76.8923, 10.2327], [76.8846, 10.2551], [76.8623, 10.2671], [76.8643, 10.29], [76.8385, 10.2776], [76.8197, 10.2952], [76.8257, 10.3342], [76.8393, 10.3597], [76.8157, 10.3865], [76.8215, 10.4034], [76.815, 10.4018], [76.8073, 10.4149], [76.8314, 10.5246], [76.8245, 10.5376], [76.8297, 10.5851], [76.8086, 10.5945], [76.805, 10.6263], [76.8726, 10.6294], [76.8702, 10.6641], [76.8555, 10.6753], [76.875, 10.7067], [76.8837, 10.7074], [76.8804, 10.7261], [76.8975, 10.7708], [76.8883, 10.7999], [76.8404, 10.8077], [76.8371, 10.8155], [76.8452, 10.8265], [76.8176, 10.8618], [76.773, 10.8816], [76.7327, 10.881], [76.6492, 10.9242], [76.6604, 10.9605], [76.6778, 10.9797], [76.6798, 10.9994], [76.7065, 11.0314], [76.757, 11.0246], [76.7818, 11.029], [76.7934, 11.047], [76.7672, 11.0322], [76.7511, 11.0468], [76.7371, 11.0475], [76.7345, 11.0639], [76.748, 11.0751], [76.7341, 11.0934], [76.7387, 11.1213], [76.7222, 11.1225], [76.7098, 11.1403], [76.6967, 11.1327], [76.686, 11.1577], [76.7064, 11.1796], [76.7212, 11.1845], [76.718, 11.1983], [76.7265, 11.2065], [76.6928, 11.2333], [76.6917, 11.2472], [76.7002, 11.2542], [76.7295, 11.2369], [76.7586, 11.2533], [76.7567, 11.2753], [76.7634, 11.2797], [76.7797, 11.269], [76.8, 11.2871], [76.833, 11.2783], [76.8457, 11.2838], [76.8526, 11.2977], [76.8411, 11.3305], [76.8694, 11.3485], [76.8773, 11.3404], [76.882, 11.3565], [76.8984, 11.3394], [76.9118, 11.3515], [76.9422, 11.3535], [76.9436, 11.3584], [76.9277, 11.3572], [76.9236, 11.3662], [76.9377, 11.3632], [76.9539, 11.3744], [77.0051, 11.359], [77.0152, 11.3627], [77.012, 11.3768], [77.0216, 11.3747], [77.0379, 11.3921], [77.057, 11.3928], [77.0583, 11.373], [77.0877, 11.3963], [77.0981, 11.3968], [77.0981, 11.3864], [77.1, 11.3814]]]}}, {"type": "Feature", "id": "madurai", "properties": {"districtId": "madurai", "districtName": "Madurai", "state": "Tamil Nadu", "subdivision": "Tamil Nadu, Puducherry & Karaikal", "elevation": 101, "terrain": "Plains", "centroidLat": 9.9252, "centroidLng": 78.1198, "matchedGeoName": "Madurai", "matchedGeoState": "Tamil Nadu"}, "geometry": {"type": "Polygon", "coordinates": [[[78.364, 10.2971], [78.3733, 10.2904], [78.3644, 10.2792], [78.3696, 10.2576], [78.3876, 10.2632], [78.407, 10.2562], [78.4066, 10.2446], [78.3782, 10.2296], [78.3817, 10.2135], [78.3958, 10.2004], [78.3792, 10.1657], [78.3832, 10.1525], [78.3979, 10.1469], [78.3868, 10.1248], [78.4099, 10.1185], [78.4126, 10.1102], [78.4168, 10.1223], [78.435, 10.1066], [78.4428, 10.112], [78.4544, 10.1027], [78.4405, 10.088], [78.4439, 10.0573], [78.4118, 10.0399], [78.4149, 10.0244], [78.4289, 10.0205], [78.4446, 9.9983], [78.4328, 9.9748], [78.4405, 9.9556], [78.3768, 9.9406], [78.3601, 9.9506], [78.3558, 9.9206], [78.3302, 9.9257], [78.302, 9.9111], [78.2958, 9.8532], [78.2818, 9.849], [78.2716, 9.8574], [78.2361, 9.8606], [78.2512, 9.8368], [78.2423, 9.8223], [78.2227, 9.8345], [78.2302, 9.8466], [78.1865, 9.8631], [78.1628, 9.8552], [78.144, 9.8636], [78.1359, 9.8576], [78.1367, 9.839], [78.1095, 9.8427], [78.1149, 9.8015], [78.1518, 9.8175], [78.1708, 9.8031], [78.1757, 9.7953], [78.1618, 9.7616], [78.1457, 9.7625], [78.1535, 9.7863], [78.1291, 9.7951], [78.1227, 9.7494], [78.1108, 9.7514], [78.092, 9.7736], [78.075, 9.7681], [78.087, 9.7552], [78.0844, 9.7436], [78.0678, 9.7477], [78.0645, 9.7373], [78.0552, 9.7411], [78.046, 9.7297], [78.0575, 9.7198], [78.0528, 9.7128], [78.0717, 9.6709], [78.0661, 9.6509], [78.0434, 9.6487], [78.0444, 9.6594], [78.0235, 9.6653], [77.9979, 9.6282], [77.9859, 9.6379], [77.9578, 9.6194], [77.9365, 9.6373], [77.9082, 9.6354], [77.8848, 9.6139], [77.8742, 9.6312], [77.8304, 9.6397], [77.8266, 9.6249], [77.7798, 9.638], [77.7758, 9.6282], [77.7592, 9.63], [77.746, 9.6733], [77.6944, 9.6936], [77.6921, 9.6803], [77.6789, 9.6867], [77.6684, 9.6677], [77.6527, 9.6666], [77.6357, 9.6718], [77.6277, 9.6953], [77.6142, 9.6965], [77.6006, 9.6846], [77.5949, 9.6879], [77.5702, 9.6561], [77.5629, 9.6585], [77.5347, 9.6348], [77.5283, 9.636], [77.5278, 9.65], [77.5112, 9.6382], [77.4777, 9.5626], [77.462, 9.5531], [77.448, 9.5693], [77.4896, 9.6267], [77.4888, 9.6398], [77.5205, 9.6664], [77.5533, 9.738], [77.5841, 9.7668], [77.6024, 9.797], [77.6118, 9.8259], [77.6024, 9.8277], [77.6066, 9.8534], [77.6337, 9.8807], [77.6415, 9.9084], [77.6521, 9.9016], [77.6602, 9.9147], [77.6585, 9.9493], [77.6671, 9.9588], [77.6773, 9.9575], [77.6824, 10.0027], [77.7053, 10.0076], [77.7343, 10.0337], [77.7467, 10.036], [77.7483, 10.045], [77.7663, 10.0393], [77.7866, 10.0539], [77.8387, 10.0646], [77.8506, 10.0625], [77.8606, 10.0484], [77.8793, 10.061], [77.9041, 10.0634], [77.9037, 10.0722], [77.9316, 10.0796], [77.9219, 10.0845], [77.921, 10.0959], [77.9385, 10.1176], [77.9316, 10.1226], [77.9367, 10.1293], [77.9586, 10.1202], [77.9839, 10.148], [78.0029, 10.1486], [78.0143, 10.1682], [78.0557, 10.1673], [78.1052, 10.1776], [78.1333, 10.1631], [78.147, 10.1288], [78.1438, 10.0992], [78.1536, 10.0806], [78.1873, 10.0671], [78.1849, 10.0582], [78.1952, 10.0529], [78.1992, 10.0635], [78.2428, 10.0738], [78.2673, 10.1364], [78.2645, 10.1522], [78.2427, 10.1485], [78.2409, 10.1547], [78.3122, 10.2139], [78.3175, 10.288], [78.3483, 10.2809], [78.3567, 10.2869], [78.3551, 10.2955], [78.364, 10.2971]]]}}, {"type": "Feature", "id": "hyderabad", "properties": {"districtId": "hyderabad", "districtName": "Hyderabad", "state": "Telangana", "subdivision": "Telangana", "elevation": 542, "terrain": "Plateau", "centroidLat": 17.385, "centroidLng": 78.4867, "matchedGeoName": "Hyderabad", "matchedGeoState": "Andhra Pradesh"}, "geometry": {"type": "Polygon", "coordinates": [[[78.5058, 17.4502], [78.5343, 17.4585], [78.5163, 17.3947], [78.5235, 17.3664], [78.5095, 17.3457], [78.5094, 17.3253], [78.4704, 17.2971], [78.4446, 17.3197], [78.4444, 17.3416], [78.4167, 17.342], [78.3955, 17.3524], [78.3841, 17.395], [78.3945, 17.4198], [78.4153, 17.4296], [78.444, 17.3971], [78.443, 17.4235], [78.473, 17.469], [78.4931, 17.4665], [78.5058, 17.4502]]]}}, {"type": "Feature", "id": "visakhapatnam", "properties": {"districtId": "visakhapatnam", "districtName": "Visakhapatnam", "state": "Andhra Pradesh", "subdivision": "Coastal Andhra Pradesh & Yanam", "elevation": 11, "terrain": "Coastal", "centroidLat": 17.6868, "centroidLng": 83.2185, "matchedGeoName": "Vishakhapatnam", "matchedGeoState": "Andhra Pradesh"}, "geometry": {"type": "MultiPolygon", "coordinates": [[[[83.1721, 17.569], [83.1721, 17.5688], [83.1724, 17.5688], [83.1721, 17.569]]], [[[83.3057, 17.6846], [83.3057, 17.6835], [83.3054, 17.6835], [83.3057, 17.6846]]], [[[83.3121, 17.6849], [83.2993, 17.679], [83.3112, 17.6849], [83.3121, 17.6849]]], [[[83.2699, 17.7087], [83.2699, 17.7082], [83.2688, 17.7082], [83.2699, 17.7087]]], [[[82.4992, 18.5018], [82.5074, 18.5081], [82.5231, 18.5039], [82.5195, 18.4825], [82.5275, 18.4682], [82.5161, 18.4559], [82.5302, 18.4343], [82.5384, 18.4432], [82.5538, 18.4377], [82.5323, 18.3934], [82.599, 18.3716], [82.5986, 18.354], [82.6113, 18.3465], [82.5965, 18.3409], [82.6021, 18.3173], [82.5897, 18.3195], [82.5764, 18.3068], [82.591, 18.292], [82.5807, 18.2701], [82.6269, 18.2287], [82.6453, 18.2404], [82.6449, 18.2571], [82.6588, 18.2866], [82.6981, 18.2963], [82.7109, 18.3128], [82.7343, 18.3133], [82.751, 18.3283], [82.7671, 18.3311], [82.7842, 18.3542], [82.7779, 18.3709], [82.7933, 18.395], [82.7812, 18.3995], [82.7762, 18.4197], [82.7992, 18.4394], [82.8184, 18.4385], [82.8449, 18.4098], [82.8486, 18.415], [82.87, 18.4062], [82.8846, 18.4128], [82.891, 18.3922], [82.8849, 18.3786], [82.8919, 18.3669], [82.9027, 18.3559], [82.9276, 18.361], [82.9327, 18.3514], [82.9764, 18.3549], [82.992, 18.375], [83.0172, 18.3845], [83.0395, 18.3701], [83.0562, 18.3773], [83.0815, 18.4056], [83.0933, 18.4062], [83.0642, 18.3652], [83.0654, 18.3259], [83.0737, 18.3082], [83.094, 18.3501], [83.1468, 18.3324], [83.1646, 18.3004], [83.2047, 18.3243], [83.2189, 18.3252], [83.2114, 18.2947], [83.2602, 18.2658], [83.2635, 18.2074], [83.2456, 18.2176], [83.2384, 18.1921], [83.2141, 18.2014], [83.2101, 18.181], [83.1993, 18.1821], [83.1748, 18.2199], [83.1504, 18.2433], [83.1295, 18.2514], [83.1295, 18.2396], [83.1473, 18.2167], [83.1433, 18.1969], [83.1551, 18.1746], [83.123, 18.1693], [83.1177, 18.205], [83.0957, 18.2121], [83.0926, 18.2025], [83.1055, 18.1694], [83.0991, 18.147], [83.133, 18.1577], [83.1466, 18.1538], [83.1441, 18.1449], [83.0931, 18.1238], [83.0926, 18.0923], [83.072, 18.0793], [83.0494, 18.0775], [83.0066, 18.0232], [82.9915, 17.9906], [83.0008, 17.9589], [83.0966, 17.9219], [83.1152, 17.8915], [83.1156, 17.8601], [83.1302, 17.8597], [83.1357, 17.8339], [83.1474, 17.82], [83.1575, 17.8338], [83.1917, 17.8346], [83.1992, 17.8607], [83.2224, 17.8589], [83.2268, 17.8852], [83.2468, 17.9018], [83.2256, 17.917], [83.225, 17.9355], [83.3021, 17.9734], [83.3144, 17.9913], [83.3062, 18.0119], [83.3508, 18.0465], [83.3969, 18.038], [83.399, 18.0092], [83.4093, 17.9964], [83.4084, 17.977], [83.372, 17.9212], [83.3758, 17.9028], [83.3967, 17.8939], [83.3975, 17.912], [83.4203, 17.9311], [83.4774, 17.9185], [83.4601, 17.9046], [83.4574, 17.9207], [83.4546, 17.8876], [83.4099, 17.8435], [83.416, 17.8337], [83.4101, 17.8104], [83.3846, 17.7771], [83.349, 17.7507], [83.3446, 17.7251], [83.3024, 17.6976], [83.3082, 17.6976], [83.3065, 17.6882], [83.3012, 17.696], [83.2824, 17.6893], [83.2726, 17.7118], [83.2635, 17.711], [83.2824, 17.6876], [83.2982, 17.6865], [83.2954, 17.6751], [83.2354, 17.629], [83.2382, 17.6118], [83.2135, 17.591], [83.1757, 17.5754], [83.1624, 17.5613], [83.0182, 17.506], [82.9949, 17.4746], [82.9454, 17.4513], [82.8779, 17.4201], [82.8726, 17.4235], [82.8796, 17.4363], [82.8699, 17.4157], [82.7387, 17.361], [82.6124, 17.2921], [82.6076, 17.2962], [82.6093, 17.2899], [82.5376, 17.2463], [82.53, 17.2644], [82.5155, 17.2751], [82.5145, 17.291], [82.5302, 17.321], [82.5469, 17.3283], [82.5544, 17.3431], [82.5448, 17.3815], [82.5496, 17.3953], [82.5953, 17.4526], [82.5547, 17.4941], [82.5484, 17.5153], [82.5055, 17.4994], [82.4909, 17.5055], [82.481, 17.4968], [82.4617, 17.5284], [82.4604, 17.5101], [82.4478, 17.5029], [82.4475, 17.4776], [82.4027, 17.4629], [82.3632, 17.4792], [82.3611, 17.5093], [82.3432, 17.4886], [82.3235, 17.5062], [82.3295, 17.5225], [82.323, 17.5495], [82.3355, 17.575], [82.3065, 17.5797], [82.2593, 17.6134], [82.2085, 17.6288], [82.1696, 17.6015], [82.1458, 17.6118], [82.128, 17.6409], [82.093, 17.6449], [82.0568, 17.629], [82.0299, 17.6276], [82.0067, 17.6095], [81.9945, 17.6273], [82.0015, 17.6389], [81.9968, 17.6524], [82.0105, 17.6556], [82.022, 17.6784], [82.0253, 17.7135], [82.0063, 17.7416], [82.0088, 17.7511], [81.9722, 17.758], [81.9555, 17.7475], [81.9648, 17.7374], [81.9279, 17.7313], [81.8738, 17.7327], [81.8582, 17.7437], [81.9205, 17.7999], [81.9588, 17.8116], [81.9795, 17.8409], [82.0108, 17.8334], [82.0125, 17.8474], [81.9947, 17.8773], [82.0228, 17.9285], [81.9731, 18.0057], [82.0017, 18.0237], [82.0066, 18.0492], [82.0247, 18.0579], [82.0597, 18.0451], [82.0656, 18.0489], [82.059, 18.0585], [82.0722, 18.0656], [82.0924, 18.0528], [82.1133, 18.0578], [82.1292, 18.0487], [82.1324, 18.0356], [82.1423, 18.0436], [82.1637, 18.0416], [82.1774, 18.0106], [82.237, 17.992], [82.2417, 17.9798], [82.2673, 17.9864], [82.2708, 18.0107], [82.2582, 18.0349], [82.267, 18.0483], [82.2979, 18.062], [82.2965, 18.0461], [82.3132, 18.0348], [82.3173, 18.0485], [82.3298, 18.0404], [82.3363, 18.0473], [82.3436, 18.075], [82.3322, 18.0941], [82.3334, 18.1424], [82.3576, 18.1251], [82.3652, 18.1397], [82.3487, 18.1618], [82.3103, 18.1746], [82.3061, 18.1957], [82.3328, 18.2158], [82.3213, 18.2225], [82.331, 18.2334], [82.3369, 18.2662], [82.3719, 18.2741], [82.393, 18.3064], [82.3844, 18.3187], [82.3487, 18.3062], [82.3344, 18.3171], [82.3764, 18.3533], [82.3844, 18.3691], [82.3613, 18.4099], [82.474, 18.5368], [82.4853, 18.5337], [82.4757, 18.5294], [82.4815, 18.5151], [82.4988, 18.5033], [82.4992, 18.5018]]]]}}, {"type": "Feature", "id": "vijayawada", "properties": {"districtId": "vijayawada", "districtName": "NTR (Vijayawada)", "state": "Andhra Pradesh", "subdivision": "Coastal Andhra Pradesh & Yanam", "elevation": 23, "terrain": "Plains", "centroidLat": 16.5062, "centroidLng": 80.648, "matchedGeoName": "Krishna", "matchedGeoState": "Andhra Pradesh"}, "geometry": {"type": "MultiPolygon", "coordinates": [[[[81.0279, 15.7657], [81.0218, 15.7574], [81.0276, 15.7657], [81.0279, 15.7657]]], [[[81.5418, 16.3554], [81.5451, 16.3482], [81.5132, 16.3501], [81.5399, 16.3554], [81.5418, 16.3554]]], [[[81.5351, 16.356], [81.5351, 16.3557], [81.5354, 16.3557], [81.5351, 16.356]]], [[[80.5951, 17.1196], [80.6298, 17.11], [80.6252, 17.1017], [80.6566, 17.0878], [80.6378, 17.0719], [80.6339, 17.0589], [80.6396, 17.0551], [80.684, 17.0687], [80.7257, 17.0646], [80.8232, 17.0378], [80.8325, 17.0257], [80.8717, 17.0586], [80.9341, 17.056], [80.9514, 17.0396], [80.9531, 17.0101], [80.9335, 16.9824], [80.9275, 16.9478], [80.955, 16.8978], [80.9909, 16.8606], [80.9996, 16.8312], [81.027, 16.8071], [81.0298, 16.7886], [81.0047, 16.7546], [81.0034, 16.7337], [80.9909, 16.7127], [80.9741, 16.7076], [80.9832, 16.6718], [81.01, 16.6551], [81.007, 16.6412], [80.9907, 16.6307], [80.9611, 16.6597], [80.9476, 16.6618], [80.9459, 16.6551], [80.9626, 16.6234], [80.9949, 16.5882], [81.0014, 16.5518], [81.0116, 16.5497], [81.0775, 16.5773], [81.0818, 16.5815], [81.0721, 16.592], [81.0831, 16.6024], [81.1024, 16.5882], [81.1252, 16.5965], [81.1409, 16.5878], [81.1542, 16.6111], [81.1712, 16.6136], [81.2121, 16.5683], [81.227, 16.5681], [81.2293, 16.5822], [81.2597, 16.6], [81.276, 16.6572], [81.3062, 16.6816], [81.3244, 16.6682], [81.3154, 16.614], [81.3431, 16.5954], [81.3357, 16.5609], [81.3454, 16.5568], [81.33, 16.5148], [81.3212, 16.5094], [81.3304, 16.5035], [81.3519, 16.5077], [81.3618, 16.4989], [81.3591, 16.4777], [81.3693, 16.4516], [81.4279, 16.4029], [81.4451, 16.4071], [81.4684, 16.3959], [81.4822, 16.3751], [81.5398, 16.3796], [81.5707, 16.3494], [81.5601, 16.3457], [81.5362, 16.359], [81.4076, 16.3437], [81.4013, 16.3521], [81.3974, 16.344], [81.3829, 16.3618], [81.3693, 16.3621], [81.3457, 16.3307], [81.3799, 16.3599], [81.3924, 16.3418], [81.3285, 16.3179], [81.2654, 16.2813], [81.2182, 16.2099], [81.2024, 16.1454], [81.1826, 16.1435], [81.2015, 16.1432], [81.2007, 16.136], [81.141, 16.0182], [81.1457, 15.9738], [81.1315, 15.9729], [81.0879, 15.9299], [80.9932, 15.8213], [80.9951, 15.8026], [81.0121, 15.7763], [81.0062, 15.7579], [80.939, 15.7182], [80.9318, 15.724], [80.8476, 15.7096], [80.8221, 15.7129], [80.809, 15.7318], [80.8285, 15.7575], [80.8417, 15.8084], [80.8962, 15.9129], [80.8955, 15.9899], [80.88, 16.0639], [80.8686, 16.0766], [80.8597, 16.1101], [80.8595, 16.1324], [80.7851, 16.2962], [80.6361, 16.4902], [80.4996, 16.5766], [80.4387, 16.5949], [80.3799, 16.5942], [80.3557, 16.6121], [80.219, 16.6155], [80.1375, 16.6555], [80.1287, 16.6702], [80.1406, 16.6968], [80.1396, 16.7478], [80.1118, 16.8211], [80.0787, 16.8237], [80.0697, 16.8136], [80.0418, 16.8261], [80.0331, 16.8524], [79.9917, 16.8633], [80.0096, 16.9073], [80.0371, 16.9365], [80.0459, 16.9653], [80.0842, 16.9632], [80.0877, 16.9874], [80.1058, 16.9813], [80.1339, 16.9854], [80.1821, 17.0449], [80.1943, 17.0425], [80.2013, 17.0131], [80.2178, 17.0196], [80.2357, 17.0023], [80.2622, 17.0106], [80.3014, 16.9559], [80.3192, 16.8709], [80.3373, 16.8671], [80.335, 16.8557], [80.3586, 16.8549], [80.3729, 16.8111], [80.3991, 16.8316], [80.3997, 16.8497], [80.4526, 16.8153], [80.4564, 16.79], [80.511, 16.7699], [80.5628, 16.7628], [80.6041, 16.7878], [80.5546, 16.8248], [80.564, 16.8426], [80.565, 16.869], [80.5867, 16.8739], [80.5812, 16.8968], [80.5903, 16.9116], [80.5842, 16.9265], [80.5695, 16.9269], [80.5317, 16.9502], [80.5207, 16.9364], [80.4913, 16.9482], [80.4878, 16.9174], [80.4425, 16.9449], [80.3582, 16.9706], [80.3712, 16.9958], [80.3879, 17.0073], [80.367, 17.0566], [80.3901, 17.0762], [80.3973, 17.0739], [80.4009, 17.0542], [80.4205, 17.0249], [80.4462, 17.017], [80.4529, 17.037], [80.4717, 17.0381], [80.4822, 17.0503], [80.4961, 17.1079], [80.5194, 17.1082], [80.5491, 17.1236], [80.5602, 17.138], [80.5803, 17.131], [80.5951, 17.1196]]]]}}, {"type": "Feature", "id": "ahmedabad", "properties": {"districtId": "ahmedabad", "districtName": "Ahmedabad", "state": "Gujarat", "subdivision": "Gujarat Region", "elevation": 53, "terrain": "Plains", "centroidLat": 23.0225, "centroidLng": 72.5714, "matchedGeoName": "Ahmadabad", "matchedGeoState": "Gujarat"}, "geometry": {"type": "Polygon", "coordinates": [[[72.0434, 23.503], [72.0348, 23.4752], [72.0619, 23.4414], [72.107, 23.4567], [72.1168, 23.4477], [72.1755, 23.4387], [72.1961, 23.4108], [72.2175, 23.421], [72.2236, 23.4325], [72.2431, 23.4216], [72.2554, 23.4485], [72.2704, 23.4585], [72.2902, 23.4411], [72.2889, 23.4263], [72.3064, 23.4118], [72.2958, 23.3903], [72.2696, 23.3681], [72.2725, 23.3444], [72.2519, 23.3229], [72.2167, 23.3064], [72.2072, 23.2749], [72.1872, 23.2723], [72.1933, 23.2132], [72.1783, 23.1891], [72.1962, 23.1419], [72.1722, 23.1355], [72.1656, 23.1113], [72.1722, 23.1016], [72.1988, 23.1028], [72.2061, 23.1146], [72.231, 23.1201], [72.2473, 23.1155], [72.2686, 23.1026], [72.2685, 23.0857], [72.292, 23.0779], [72.3026, 23.0387], [72.3329, 23.0599], [72.3148, 23.0837], [72.3175, 23.0932], [72.3447, 23.1059], [72.3642, 23.0853], [72.3775, 23.0881], [72.3909, 23.0759], [72.3969, 23.0509], [72.4142, 23.0659], [72.436, 23.0639], [72.4403, 23.043], [72.4545, 23.0434], [72.4573, 23.0578], [72.4808, 23.0629], [72.4672, 23.0808], [72.5067, 23.0981], [72.496, 23.1434], [72.5118, 23.1424], [72.5183, 23.1557], [72.5368, 23.1464], [72.5478, 23.1634], [72.5551, 23.1616], [72.5496, 23.1319], [72.5731, 23.1319], [72.5717, 23.1086], [72.6075, 23.0883], [72.6785, 23.0943], [72.6834, 23.1041], [72.6983, 23.1], [72.7089, 23.1093], [72.7277, 23.0949], [72.7717, 23.0928], [72.7837, 23.0852], [72.7862, 23.0754], [72.7743, 23.0585], [72.7998, 23.0562], [72.805, 23.0424], [72.8216, 23.0341], [72.8195, 23.0219], [72.8351, 23.0162], [72.8315, 23.0086], [72.8479, 22.9928], [72.84, 22.9816], [72.8496, 22.9799], [72.8504, 22.965], [72.818, 22.9417], [72.7989, 22.9075], [72.7672, 22.9036], [72.7337, 22.9116], [72.7005, 22.8791], [72.6581, 22.8965], [72.6407, 22.8821], [72.6165, 22.8845], [72.6089, 22.8664], [72.6171, 22.8594], [72.6118, 22.8381], [72.6178, 22.8139], [72.606, 22.8245], [72.5799, 22.8239], [72.5587, 22.8057], [72.5321, 22.7966], [72.5289, 22.7794], [72.543, 22.7671], [72.5326, 22.7558], [72.5411, 22.7458], [72.5365, 22.7281], [72.5482, 22.7098], [72.5325, 22.7097], [72.5279, 22.7001], [72.5514, 22.6879], [72.5405, 22.6759], [72.5583, 22.6708], [72.5424, 22.6432], [72.5456, 22.6248], [72.5186, 22.6291], [72.5138, 22.6072], [72.4793, 22.5784], [72.4514, 22.5641], [72.4353, 22.5707], [72.4497, 22.5033], [72.4255, 22.4752], [72.3869, 22.4706], [72.3852, 22.4506], [72.373, 22.4517], [72.3668, 22.4383], [72.381, 22.4421], [72.3773, 22.4049], [72.3517, 22.3841], [72.361, 22.3715], [72.3824, 22.3754], [72.4043, 22.3515], [72.379, 22.336], [72.3651, 22.305], [72.356, 22.3109], [72.3336, 22.3041], [72.3519, 22.302], [72.3391, 22.269], [72.3416, 22.2515], [72.326, 22.2336], [72.3169, 22.2303], [72.3012, 22.2434], [72.2785, 22.2033], [72.2715, 22.2117], [72.2655, 22.2085], [72.2809, 22.1445], [72.2589, 22.1322], [72.2663, 22.116], [72.2414, 22.1076], [72.2473, 22.0651], [72.2298, 22.0741], [72.222, 22.0901], [72.2185, 22.0399], [72.2057, 22.0258], [72.2194, 22.0281], [72.2168, 22.0121], [72.1993, 22.0267], [72.2039, 22.0905], [72.1918, 22.0891], [72.2003, 22.0783], [72.184, 22.0405], [72.1543, 22.0844], [72.1354, 22.0965], [72.1487, 22.0698], [72.1709, 22.0501], [72.1534, 22.0378], [72.1734, 22.0318], [72.1781, 22.0139], [72.1613, 22.022], [72.1361, 22.0557], [72.0886, 22.0589], [72.07, 22.0934], [72.0717, 22.1033], [72.0435, 22.1216], [72.0308, 22.1016], [71.9735, 22.106], [71.9183, 22.1224], [71.9136, 22.103], [71.863, 22.0929], [71.8618, 22.1068], [71.8491, 22.1123], [71.8531, 22.1285], [71.8236, 22.1358], [71.8125, 22.1283], [71.7709, 22.1303], [71.7663, 22.1419], [71.7527, 22.1467], [71.7467, 22.1792], [71.7298, 22.1873], [71.7213, 22.18], [71.705, 22.1973], [71.6871, 22.1962], [71.6693, 22.2132], [71.6474, 22.1991], [71.6365, 22.2078], [71.6349, 22.2245], [71.6623, 22.2439], [71.6471, 22.2721], [71.6305, 22.2758], [71.6203, 22.335], [71.6352, 22.3411], [71.6327, 22.3774], [71.6416, 22.3777], [71.6555, 22.3963], [71.6774, 22.379], [71.7152, 22.3932], [71.728, 22.3771], [71.7416, 22.3761], [71.7464, 22.3578], [71.7955, 22.3586], [71.7919, 22.3827], [71.8002, 22.3916], [71.839, 22.3904], [71.8351, 22.358], [71.8438, 22.3532], [71.8655, 22.3679], [71.8625, 22.3867], [71.8697, 22.3951], [71.9022, 22.4164], [71.9239, 22.3746], [71.9387, 22.376], [71.9448, 22.3867], [71.9344, 22.447], [71.9724, 22.4672], [71.9685, 22.4872], [71.9434, 22.4832], [71.9381, 22.475], [71.9182, 22.4806], [71.9221, 22.4957], [71.931, 22.4969], [71.9201, 22.5148], [71.9454, 22.5352], [71.9758, 22.5307], [71.9779, 22.507], [72.0213, 22.5103], [72.042, 22.5043], [72.0617, 22.4704], [72.0612, 22.4424], [72.0952, 22.4353], [72.1306, 22.4611], [72.1716, 22.4777], [72.1569, 22.4938], [72.1532, 22.5124], [72.1971, 22.54], [72.179, 22.5679], [72.1267, 22.5969], [72.1066, 22.6032], [72.0757, 22.5919], [72.0716, 22.6488], [72.0373, 22.6771], [72.0668, 22.6915], [72.0764, 22.6743], [72.1001, 22.6736], [72.1165, 22.7186], [72.0819, 22.7305], [72.0672, 22.7453], [72.07, 22.7548], [72.0563, 22.766], [72.0605, 22.7808], [72.0466, 22.7919], [72.0542, 22.8085], [72.0453, 22.8405], [72.0421, 22.799], [72.0341, 22.7887], [72.0266, 22.7913], [71.9938, 22.8532], [72.013, 22.9212], [71.9993, 22.9311], [71.9996, 22.9471], [72.0301, 22.9899], [72.0189, 22.9968], [72.0279, 23.0171], [72.0256, 23.054], [71.9912, 23.0664], [71.968, 23.0459], [71.9718, 23.0368], [71.9597, 23.0372], [71.9586, 23.0639], [71.9292, 23.0723], [71.9109, 23.1079], [71.92, 23.1783], [71.9617, 23.2052], [71.9999, 23.2134], [72.0085, 23.2471], [71.983, 23.252], [71.9572, 23.2397], [71.9377, 23.267], [71.9178, 23.2625], [71.9098, 23.2229], [71.8847, 23.2248], [71.8923, 23.2554], [71.8848, 23.276], [71.8958, 23.3043], [71.8899, 23.3129], [71.8952, 23.3276], [71.9052, 23.3303], [71.8841, 23.3808], [71.8961, 23.3885], [71.9168, 23.3828], [71.9686, 23.3909], [71.9806, 23.4206], [71.9786, 23.4644], [72.0064, 23.4887], [72.0087, 23.5013], [72.0413, 23.5059], [72.0434, 23.503]]]}}, {"type": "Feature", "id": "surat", "properties": {"districtId": "surat", "districtName": "Surat", "state": "Gujarat", "subdivision": "Gujarat Region", "elevation": 13, "terrain": "Coastal", "centroidLat": 21.1702, "centroidLng": 72.8311, "matchedGeoName": "Surat", "matchedGeoState": "Gujarat"}, "geometry": {"type": "MultiPolygon", "coordinates": [[[[72.6476, 21.0762], [72.6574, 21.0651], [72.646, 21.0762], [72.6476, 21.0762]]], [[[72.6793, 21.0988], [72.6793, 21.0982], [72.6796, 21.0982], [72.6793, 21.0988]]], [[[72.6721, 21.1151], [72.6762, 21.0971], [72.6712, 21.1151], [72.6721, 21.1151]]], [[[72.7021, 21.1224], [72.7007, 21.1124], [72.7018, 21.1224], [72.7021, 21.1224]]], [[[72.6765, 21.1557], [72.7104, 21.1407], [72.689, 21.0899], [72.6757, 21.1051], [72.6651, 21.1421], [72.6746, 21.1557], [72.6765, 21.1557]]], [[[72.5879, 21.3393], [72.5879, 21.3379], [72.5876, 21.3379], [72.5879, 21.3393]]], [[[72.5832, 21.3654], [72.5796, 21.3601], [72.5821, 21.3654], [72.5832, 21.3654]]], [[[72.6004, 21.3871], [72.5888, 21.3674], [72.5999, 21.3871], [72.6004, 21.3871]]], [[[72.6282, 21.4174], [72.6149, 21.3957], [72.6276, 21.4174], [72.6282, 21.4174]]], [[[72.636, 21.4176], [72.6338, 21.4118], [72.6351, 21.4176], [72.636, 21.4176]]], [[[74.3135, 21.5597], [74.3158, 21.5432], [74.3355, 21.5402], [74.3277, 21.4958], [74.3078, 21.4801], [74.2684, 21.4747], [74.2517, 21.4629], [74.2387, 21.4784], [74.2271, 21.4792], [74.2207, 21.4588], [74.1855, 21.467], [74.1565, 21.4531], [74.1289, 21.4635], [74.1225, 21.4507], [74.109, 21.448], [74.0781, 21.4578], [74.0672, 21.4819], [74.0485, 21.4194], [74.0158, 21.418], [73.9687, 21.3921], [73.9528, 21.4024], [73.957, 21.3445], [73.9485, 21.2976], [73.892, 21.2624], [73.8321, 21.2675], [73.8363, 21.2423], [73.8201, 21.2219], [73.8188, 21.2039], [73.8213, 21.1953], [73.8359, 21.1952], [73.8225, 21.1719], [73.7963, 21.1817], [73.7837, 21.1651], [73.7416, 21.1671], [73.748, 21.1515], [73.7367, 21.1383], [73.7171, 21.1417], [73.7132, 21.1505], [73.6813, 21.1521], [73.6364, 21.1327], [73.6375, 21.1531], [73.6197, 21.1579], [73.6132, 21.1761], [73.5883, 21.1679], [73.5888, 21.1542], [73.6115, 21.1545], [73.6291, 21.1417], [73.6236, 21.138], [73.6287, 21.1201], [73.6577, 21.121], [73.6599, 21.1084], [73.6934, 21.101], [73.7106, 21.119], [73.7148, 21.1072], [73.7389, 21.1013], [73.7526, 21.1141], [73.7391, 21.0948], [73.7422, 21.0555], [73.7476, 21.04], [73.7661, 21.0401], [73.7756, 21.0276], [73.7694, 21.0145], [73.7749, 21.0105], [73.7847, 21.0196], [73.8077, 21.0226], [73.8164, 20.9961], [73.8468, 20.994], [73.8501, 21.0014], [73.8792, 20.9865], [73.9064, 20.9832], [73.9154, 20.9648], [73.9018, 20.9617], [73.8963, 20.933], [73.8824, 20.9281], [73.8721, 20.9454], [73.8026, 20.9585], [73.7945, 20.9874], [73.7573, 21.0046], [73.7214, 21.0079], [73.6808, 21.0014], [73.6669, 21.0064], [73.6486, 20.9738], [73.6182, 20.9943], [73.62, 20.9817], [73.6037, 20.9598], [73.5934, 20.9693], [73.6009, 20.9978], [73.5772, 21.012], [73.5559, 21.0089], [73.5387, 20.9366], [73.5191, 20.9348], [73.5009, 20.9129], [73.5073, 20.8777], [73.501, 20.8614], [73.5112, 20.8543], [73.507, 20.8187], [73.4961, 20.8148], [73.393, 20.8249], [73.353, 20.8622], [73.3435, 20.8578], [73.3238, 20.8835], [73.3134, 20.8591], [73.3202, 20.8434], [73.3113, 20.817], [73.2663, 20.8176], [73.2579, 20.8236], [73.2582, 20.8486], [73.2069, 20.8601], [73.1765, 20.8999], [73.1347, 20.8971], [73.1358, 20.9205], [73.1032, 20.9363], [73.0946, 20.9668], [73.0813, 20.9712], [73.0522, 21.0053], [73.0457, 21.0019], [73.0325, 21.0181], [73.0167, 21.0223], [73.0277, 21.0517], [73.019, 21.0667], [73.0025, 21.0697], [73.0057, 21.0541], [72.9747, 21.0565], [72.9793, 21.0647], [72.974, 21.0695], [72.9287, 21.0422], [72.9125, 21.0463], [72.9035, 21.0613], [72.8992, 21.0488], [72.8835, 21.0552], [72.874, 21.0374], [72.8531, 21.0274], [72.816, 21.0245], [72.8177, 21.032], [72.8014, 21.0422], [72.7859, 21.0319], [72.7514, 21.028], [72.7421, 21.0493], [72.7613, 21.0521], [72.7704, 21.0668], [72.751, 21.0621], [72.7043, 21.0749], [72.7001, 21.101], [72.7076, 21.1304], [72.7207, 21.1432], [72.6813, 21.1585], [72.6618, 21.1476], [72.659, 21.0879], [72.6526, 21.0782], [72.6268, 21.0765], [72.6343, 21.0821], [72.6246, 21.0918], [72.6274, 21.1199], [72.6176, 21.1635], [72.624, 21.2121], [72.6185, 21.2226], [72.6468, 21.2174], [72.6532, 21.2268], [72.6465, 21.2196], [72.6221, 21.2335], [72.6096, 21.2299], [72.5971, 21.2501], [72.5965, 21.2718], [72.6049, 21.2774], [72.5874, 21.2757], [72.5893, 21.2824], [72.5985, 21.2799], [72.5879, 21.2913], [72.5932, 21.3121], [72.6354, 21.3624], [72.6346, 21.3699], [72.6476, 21.3726], [72.6471, 21.3626], [72.6474, 21.3757], [72.6232, 21.3651], [72.6235, 21.3774], [72.6629, 21.4254], [72.7142, 21.4636], [72.7487, 21.4695], [72.7716, 21.4479], [72.784, 21.4557], [72.7972, 21.4529], [72.7963, 21.423], [72.8031, 21.4198], [72.8298, 21.4205], [72.8469, 21.4455], [72.8794, 21.4444], [72.8813, 21.4519], [72.8886, 21.4466], [72.8818, 21.4315], [72.8933, 21.44], [72.9153, 21.4282], [72.9337, 21.4648], [72.962, 21.4803], [72.9516, 21.5104], [72.9935, 21.5194], [72.9982, 21.5367], [73.0279, 21.5226], [73.0277, 21.4904], [73.0352, 21.4801], [73.0554, 21.4763], [73.0667, 21.4947], [73.0476, 21.5323], [73.0641, 21.5647], [73.0776, 21.5595], [73.0886, 21.5408], [73.0886, 21.5033], [73.1127, 21.505], [73.1116, 21.4959], [73.1248, 21.4964], [73.1294, 21.482], [73.1534, 21.4959], [73.1827, 21.4932], [73.2037, 21.5043], [73.2495, 21.4914], [73.2823, 21.5059], [73.3146, 21.5048], [73.3321, 21.4856], [73.3552, 21.5108], [73.3959, 21.5134], [73.4087, 21.5073], [73.4529, 21.5238], [73.4785, 21.5084], [73.4982, 21.5125], [73.4866, 21.4937], [73.5009, 21.4869], [73.5629, 21.4719], [73.6024, 21.4836], [73.6225, 21.4716], [73.6612, 21.4788], [73.6829, 21.4736], [73.6966, 21.4496], [73.7068, 21.3958], [73.7215, 21.4053], [73.7886, 21.4125], [73.8242, 21.4009], [73.847, 21.4246], [73.8906, 21.4515], [73.9241, 21.4483], [73.9769, 21.4616], [73.9915, 21.4778], [73.9784, 21.4881], [73.9906, 21.5224], [73.9835, 21.542], [74.0053, 21.5408], [74.0256, 21.5526], [74.0471, 21.5497], [74.0692, 21.5595], [74.1352, 21.5569], [74.1458, 21.5503], [74.1808, 21.5618], [74.2052, 21.5292], [74.2392, 21.5503], [74.255, 21.5365], [74.2692, 21.5354], [74.2917, 21.5588], [74.3091, 21.5673], [74.3133, 21.5606], [74.3135, 21.5597]]]]}}, {"type": "Feature", "id": "kutch", "properties": {"districtId": "kutch", "districtName": "Kutch (Bhuj)", "state": "Gujarat", "subdivision": "Saurashtra & Kutch", "elevation": 110, "terrain": "Arid Plains", "centroidLat": 23.242, "centroidLng": 69.6669, "matchedGeoName": "Kachchh", "matchedGeoState": "Gujarat"}, "geometry": {"type": "MultiPolygon", "coordinates": [[[[69.6426, 22.7649], [69.6657, 22.7504], [69.6318, 22.7604], [69.6415, 22.7649], [69.6426, 22.7649]]], [[[69.6365, 22.7799], [69.6365, 22.7796], [69.6368, 22.7796], [69.6365, 22.7799]]], [[[70.4551, 22.9957], [70.4388, 22.9782], [70.4343, 22.9824], [70.4549, 22.9957], [70.4551, 22.9957]]], [[[70.4415, 23.0496], [70.4146, 23.0226], [70.4215, 23.039], [70.441, 23.0496], [70.4415, 23.0496]]], [[[70.4485, 23.0521], [70.4343, 23.0137], [70.4149, 22.9898], [70.4146, 23.0193], [70.4482, 23.0521], [70.4485, 23.0521]]], [[[70.4524, 23.0524], [70.4524, 23.0521], [70.4521, 23.0521], [70.4524, 23.0524]]], [[[70.459, 23.0576], [70.4501, 23.0432], [70.4574, 23.0551], [70.4496, 23.0526], [70.4582, 23.0576], [70.459, 23.0576]]], [[[70.4521, 23.0607], [70.4521, 23.0604], [70.4524, 23.0604], [70.4521, 23.0607]]], [[[70.4696, 23.0613], [70.461, 23.0554], [70.4682, 23.0613], [70.4696, 23.0613]]], [[[70.4824, 23.0654], [70.4463, 23.0251], [70.4582, 23.0499], [70.4815, 23.0654], [70.4824, 23.0654]]], [[[68.609, 23.2313], [68.6129, 23.2213], [68.6046, 23.2237], [68.6065, 23.2313], [68.609, 23.2313]]], [[[68.5943, 23.2621], [68.5943, 23.2618], [68.5949, 23.2618], [68.5943, 23.2621]]], [[[68.6585, 23.2712], [68.6585, 23.271], [68.6588, 23.271], [68.6585, 23.2712]]], [[[68.6287, 23.2901], [68.6287, 23.2896], [68.629, 23.2896], [68.6287, 23.2901]]], [[[68.7051, 23.3118], [68.7085, 23.3065], [68.7032, 23.3118], [68.7051, 23.3118]]], [[[68.5582, 23.3138], [68.574, 23.2943], [68.5724, 23.3038], [68.5882, 23.2954], [68.5821, 23.3101], [68.6121, 23.2965], [68.6149, 23.2715], [68.5724, 23.261], [68.5843, 23.2537], [68.5729, 23.2513], [68.574, 23.2451], [68.5382, 23.2712], [68.5432, 23.286], [68.5563, 23.274], [68.5679, 23.2812], [68.5532, 23.2968], [68.5571, 23.3138], [68.5582, 23.3138]]], [[[68.6426, 23.314], [68.6462, 23.3074], [68.6365, 23.3068], [68.6338, 23.3132], [68.6421, 23.314], [68.6426, 23.314]]], [[[68.6326, 23.3176], [68.6312, 23.3121], [68.6315, 23.3176], [68.6326, 23.3176]]], [[[68.6399, 23.3185], [68.6399, 23.3182], [68.6401, 23.3182], [68.6399, 23.3185]]], [[[68.5885, 23.319], [68.6079, 23.3099], [68.6093, 23.3168], [68.6162, 23.2974], [68.5943, 23.3049], [68.5829, 23.3151], [68.5871, 23.319], [68.5885, 23.319]]], [[[68.6318, 23.3213], [68.6318, 23.3201], [68.6321, 23.3201], [68.6318, 23.3213]]], [[[68.6271, 23.3218], [68.6279, 23.3115], [68.6268, 23.3218], [68.6271, 23.3218]]], [[[68.6268, 23.326], [68.6268, 23.3257], [68.6276, 23.3257], [68.6268, 23.326]]], [[[68.5421, 23.3415], [68.5421, 23.3412], [68.5424, 23.3412], [68.5421, 23.3415]]], [[[68.5501, 23.3415], [68.5501, 23.3412], [68.5504, 23.3412], [68.5501, 23.3415]]], [[[68.5568, 23.3418], [68.5568, 23.3417], [68.5568, 23.3415], [68.5568, 23.3418]]], [[[68.506, 23.3424], [68.5276, 23.3371], [68.5357, 23.3165], [68.5024, 23.3237], [68.504, 23.3424], [68.506, 23.3424]]], [[[68.5251, 23.344], [68.5251, 23.3438], [68.529, 23.3438], [68.5251, 23.344]]], [[[68.5638, 23.3449], [68.5638, 23.3446], [68.5643, 23.3446], [68.5638, 23.3449]]], [[[68.6315, 23.3518], [68.6343, 23.3424], [68.631, 23.3518], [68.6315, 23.3518]]], [[[68.4732, 23.3568], [68.4732, 23.3565], [68.4735, 23.3565], [68.4732, 23.3568]]], [[[68.5735, 23.3604], [68.5757, 23.3524], [68.5726, 23.3604], [68.5735, 23.3604]]], [[[68.5979, 23.361], [68.5979, 23.3607], [68.599, 23.3607], [68.5979, 23.361]]], [[[68.589, 23.3743], [68.5951, 23.3587], [68.6107, 23.3518], [68.6087, 23.3643], [68.6179, 23.354], [68.6174, 23.3276], [68.5999, 23.3457], [68.6065, 23.3318], [68.5776, 23.3524], [68.5679, 23.3724], [68.5879, 23.3685], [68.5888, 23.3743], [68.589, 23.3743]]], [[[68.5407, 23.3776], [68.5407, 23.3774], [68.541, 23.3774], [68.5407, 23.3776]]], [[[68.5029, 23.3835], [68.5043, 23.3774], [68.5026, 23.3835], [68.5029, 23.3835]]], [[[68.5046, 23.3846], [68.5046, 23.3843], [68.5049, 23.3843], [68.5046, 23.3846]]], [[[68.5362, 23.3854], [68.5421, 23.3793], [68.5351, 23.3854], [68.5362, 23.3854]]], [[[68.5793, 23.3854], [68.5865, 23.3757], [68.5782, 23.3854], [68.5793, 23.3854]]], [[[68.5351, 23.3876], [68.5354, 23.3713], [68.5343, 23.3876], [68.5351, 23.3876]]], [[[68.554, 23.404], [68.554, 23.4037], [68.5565, 23.4037], [68.554, 23.404]]], [[[68.5374, 23.4049], [68.5507, 23.4024], [68.5563, 23.379], [68.5674, 23.376], [68.5543, 23.3601], [68.5501, 23.3713], [68.5607, 23.3754], [68.5462, 23.3968], [68.5437, 23.3882], [68.5413, 23.4013], [68.5282, 23.3907], [68.5371, 23.4049], [68.5374, 23.4049]]], [[[68.461, 23.4051], [68.461, 23.4049], [68.4613, 23.4049], [68.461, 23.4051]]], [[[68.5235, 23.4046], [68.5274, 23.3862], [68.5201, 23.3954], [68.5238, 23.4046], [68.5235, 23.4046]]], [[[68.471, 23.4057], [68.471, 23.4054], [68.4724, 23.4054], [68.471, 23.4057]]], [[[68.4299, 23.4071], [68.4299, 23.4068], [68.431, 23.4068], [68.4299, 23.4071]]], [[[68.4632, 23.409], [68.4632, 23.4068], [68.4635, 23.4068], [68.4632, 23.409]]], [[[68.409, 23.4093], [68.409, 23.409], [68.4093, 23.409], [68.409, 23.4093]]], [[[68.5576, 23.4088], [68.5576, 23.4082], [68.5574, 23.4082], [68.5576, 23.4088]]], [[[68.4146, 23.4099], [68.4224, 23.4001], [68.4135, 23.4099], [68.4146, 23.4099]]], [[[68.4607, 23.4126], [68.4607, 23.4124], [68.4618, 23.4124], [68.4607, 23.4126]]], [[[68.5496, 23.4137], [68.5424, 23.4054], [68.5499, 23.4137], [68.5496, 23.4137]]], [[[68.4004, 23.4212], [68.4018, 23.416], [68.3999, 23.4212], [68.4004, 23.4212]]], [[[68.4021, 23.4232], [68.4021, 23.4226], [68.4024, 23.4226], [68.4021, 23.4232]]], [[[68.3999, 23.4285], [68.3996, 23.4218], [68.3993, 23.4285], [68.3999, 23.4285]]], [[[68.5018, 23.4321], [68.5018, 23.4312], [68.5015, 23.4312], [68.5018, 23.4321]]], [[[68.5168, 23.4329], [68.5168, 23.4326], [68.5171, 23.4326], [68.5168, 23.4329]]], [[[68.5007, 23.4363], [68.5007, 23.436], [68.501, 23.436], [68.5007, 23.4363]]], [[[68.5013, 23.4438], [68.5013, 23.4435], [68.5021, 23.4435], [68.5013, 23.4438]]], [[[68.5013, 23.4535], [68.499, 23.444], [68.501, 23.4535], [68.5013, 23.4535]]], [[[68.5068, 23.4565], [68.5265, 23.4382], [68.5135, 23.4479], [68.521, 23.4371], [68.5171, 23.4421], [68.5157, 23.4335], [68.5099, 23.4388], [68.5115, 23.4304], [68.5035, 23.4293], [68.5061, 23.4565], [68.5068, 23.4565]]], [[[68.4079, 23.4579], [68.4057, 23.4521], [68.4013, 23.4551], [68.4074, 23.4579], [68.4079, 23.4579]]], [[[68.499, 23.476], [68.5001, 23.4551], [68.496, 23.476], [68.499, 23.476]]], [[[68.4729, 23.4804], [68.4854, 23.4754], [68.4949, 23.456], [68.4837, 23.4029], [68.4635, 23.4071], [68.4582, 23.4179], [68.4646, 23.4212], [68.4587, 23.434], [68.4676, 23.4421], [68.4604, 23.444], [68.4618, 23.4535], [68.4746, 23.4599], [68.4401, 23.4449], [68.4304, 23.4312], [68.4182, 23.4399], [68.429, 23.4315], [68.4215, 23.4201], [68.4127, 23.4321], [68.4121, 23.4435], [68.4249, 23.4476], [68.4349, 23.4404], [68.4326, 23.4501], [68.4526, 23.461], [68.4451, 23.4679], [68.4601, 23.4685], [68.4571, 23.4788], [68.4724, 23.4804], [68.4729, 23.4804]]], [[[68.4985, 23.489], [68.4882, 23.4735], [68.484, 23.4815], [68.4987, 23.489], [68.4985, 23.489]]], [[[68.5065, 23.4926], [68.5065, 23.4924], [68.5074, 23.4924], [68.5065, 23.4926]]], [[[68.511, 23.4926], [68.511, 23.4924], [68.5115, 23.4924], [68.511, 23.4926]]], [[[68.4868, 23.4954], [68.4876, 23.4865], [68.4865, 23.4954], [68.4868, 23.4954]]], [[[68.4665, 23.4979], [68.4729, 23.491], [68.4696, 23.479], [68.4593, 23.4799], [68.4663, 23.4979], [68.4665, 23.4979]]], [[[68.4374, 23.5004], [68.4374, 23.5001], [68.4379, 23.5001], [68.4374, 23.5004]]], [[[68.4807, 23.5013], [68.4868, 23.4862], [68.4812, 23.4779], [68.4737, 23.4818], [68.484, 23.4913], [68.4749, 23.4865], [68.4729, 23.4937], [68.4815, 23.4915], [68.4804, 23.5013], [68.4807, 23.5013]]], [[[68.4679, 23.524], [68.4651, 23.5154], [68.4674, 23.524], [68.4679, 23.524]]], [[[68.4751, 23.5288], [68.4715, 23.5207], [68.4724, 23.5288], [68.4751, 23.5288]]], [[[68.4735, 23.5371], [68.4749, 23.5304], [68.4729, 23.5371], [68.4735, 23.5371]]], [[[68.4824, 23.5504], [68.4824, 23.5499], [68.4826, 23.5499], [68.4824, 23.5504]]], [[[68.4793, 23.5554], [68.4762, 23.5393], [68.4532, 23.5287], [68.4618, 23.5338], [68.4535, 23.5368], [68.4574, 23.5426], [68.4788, 23.5554], [68.4793, 23.5554]]], [[[68.2235, 23.5863], [68.2235, 23.586], [68.2257, 23.586], [68.2235, 23.5863]]], [[[68.2551, 23.5901], [68.2535, 23.5821], [68.2449, 23.5876], [68.254, 23.5901], [68.2551, 23.5901]]], [[[68.2162, 23.5912], [68.2162, 23.5907], [68.2165, 23.5907], [68.2162, 23.5912]]], [[[68.4821, 23.5968], [68.4812, 23.5613], [68.4735, 23.5629], [68.446, 23.5401], [68.4335, 23.5232], [68.4326, 23.5077], [68.4354, 23.5571], [68.4482, 23.5657], [68.4532, 23.5613], [68.4557, 23.5724], [68.4729, 23.5782], [68.4624, 23.5832], [68.4704, 23.5929], [68.4801, 23.5901], [68.4804, 23.5968], [68.4821, 23.5968]]], [[[68.4585, 23.6004], [68.4676, 23.5918], [68.4621, 23.5768], [68.4524, 23.5732], [68.4443, 23.5782], [68.4563, 23.5837], [68.4557, 23.6004], [68.4585, 23.6004]]], [[[68.4821, 23.6065], [68.4815, 23.5982], [68.482, 23.6065], [68.4821, 23.6065]]], [[[68.4563, 23.6249], [68.466, 23.6215], [68.4665, 23.601], [68.4518, 23.6029], [68.4412, 23.5865], [68.4346, 23.6162], [68.4557, 23.6249], [68.4563, 23.6249]]], [[[68.4846, 23.6279], [68.4912, 23.6057], [68.4785, 23.6063], [68.4796, 23.5907], [68.4671, 23.5968], [68.4696, 23.6162], [68.4821, 23.6279], [68.4846, 23.6279]]], [[[68.4779, 23.7224], [68.4737, 23.7146], [68.4771, 23.7224], [68.4779, 23.7224]]], [[[68.4496, 23.7323], [68.4496, 23.7315], [68.4499, 23.7315], [68.4496, 23.7323]]], [[[68.4674, 23.7399], [68.4876, 23.729], [68.4596, 23.7249], [68.464, 23.7399], [68.4674, 23.7399]]], [[[68.4868, 23.746], [68.4832, 23.736], [68.4865, 23.746], [68.4868, 23.746]]], [[[68.2165, 23.7793], [68.224, 23.764], [68.2176, 23.7557], [68.2162, 23.7793], [68.2165, 23.7793]]], [[[68.3493, 23.8001], [68.3424, 23.7771], [68.3496, 23.8001], [68.3493, 23.8001]]], [[[68.3585, 23.8051], [68.3979, 23.7849], [68.4254, 23.7968], [68.4182, 23.7626], [68.3993, 23.751], [68.4174, 23.7604], [68.4168, 23.7182], [68.3904, 23.6543], [68.3754, 23.6432], [68.3893, 23.6857], [68.3746, 23.6393], [68.3479, 23.616], [68.3468, 23.5982], [68.309, 23.5829], [68.3037, 23.5965], [68.2996, 23.5879], [68.3076, 23.584], [68.2949, 23.5788], [68.2763, 23.5868], [68.2763, 23.5974], [68.2801, 23.5888], [68.2829, 23.6004], [68.2926, 23.6007], [68.2726, 23.6207], [68.2779, 23.6313], [68.3046, 23.6301], [68.3138, 23.6224], [68.3068, 23.6307], [68.2771, 23.6326], [68.2671, 23.6201], [68.2688, 23.6071], [68.2562, 23.6004], [68.2421, 23.6063], [68.2399, 23.5999], [68.2562, 23.5946], [68.2368, 23.5957], [68.2332, 23.5871], [68.2198, 23.5912], [68.226, 23.6068], [68.1971, 23.5971], [68.1862, 23.6243], [68.2046, 23.6476], [68.2101, 23.6404], [68.2232, 23.6471], [68.2601, 23.6399], [68.2582, 23.6449], [68.3118, 23.6501], [68.2312, 23.6435], [68.2696, 23.6496], [68.2821, 23.6707], [68.3063, 23.6812], [68.2974, 23.684], [68.3185, 23.7182], [68.3296, 23.7237], [68.334, 23.711], [68.3304, 23.7224], [68.3393, 23.7426], [68.3501, 23.7321], [68.3518, 23.7437], [68.341, 23.7449], [68.3432, 23.7524], [68.3349, 23.7588], [68.3568, 23.8051], [68.3585, 23.8051]]], [[[68.6051, 23.8096], [68.5976, 23.7957], [68.5935, 23.8035], [68.604, 23.8096], [68.6051, 23.8096]]], [[[68.5965, 23.8126], [68.5965, 23.8121], [68.5963, 23.8121], [68.5965, 23.8126]]], [[[68.3079, 23.8237], [68.3224, 23.8049], [68.3138, 23.7868], [68.3243, 23.7343], [68.2913, 23.7276], [68.2862, 23.7337], [68.2946, 23.7413], [68.2857, 23.7546], [68.2932, 23.7404], [68.2849, 23.7321], [68.2946, 23.7232], [68.2721, 23.7076], [68.2746, 23.7013], [68.2574, 23.716], [68.2693, 23.7493], [68.2643, 23.7599], [68.2735, 23.7926], [68.2982, 23.8037], [68.2901, 23.8168], [68.3068, 23.8237], [68.3079, 23.8237]]], [[[68.4965, 23.831], [68.5199, 23.8179], [68.5229, 23.8024], [68.5124, 23.7887], [68.4985, 23.7938], [68.5126, 23.7874], [68.5221, 23.7707], [68.5118, 23.751], [68.4896, 23.7596], [68.5074, 23.7485], [68.4876, 23.7371], [68.4882, 23.7485], [68.4715, 23.7551], [68.4662, 23.7754], [68.4768, 23.7407], [68.4368, 23.7421], [68.4565, 23.774], [68.4479, 23.8065], [68.4582, 23.8176], [68.4946, 23.831], [68.4965, 23.831]]], [[[68.7071, 23.8512], [68.7071, 23.851], [68.7087, 23.851], [68.7071, 23.8512]]], [[[68.6993, 23.8532], [68.6993, 23.8529], [68.7001, 23.8529], [68.6993, 23.8532]]], [[[68.5332, 23.8738], [68.5349, 23.8649], [68.5254, 23.8585], [68.5326, 23.8738], [68.5332, 23.8738]]], [[[68.3957, 23.8782], [68.4207, 23.8685], [68.4287, 23.846], [68.4393, 23.839], [68.4265, 23.8104], [68.4101, 23.809], [68.4115, 23.821], [68.4065, 23.8118], [68.416, 23.8021], [68.4054, 23.7932], [68.3918, 23.809], [68.3899, 23.8321], [68.3796, 23.8382], [68.3893, 23.8304], [68.3901, 23.8096], [68.4015, 23.7904], [68.3551, 23.811], [68.3313, 23.7874], [68.3249, 23.7971], [68.3471, 23.8188], [68.3443, 23.8393], [68.3771, 23.8579], [68.3779, 23.8743], [68.394, 23.8782], [68.3957, 23.8782]]], [[[68.2482, 23.8804], [68.2549, 23.8751], [68.2518, 23.8624], [68.2335, 23.8424], [68.216, 23.8476], [68.2138, 23.8626], [68.2449, 23.8804], [68.2482, 23.8804]]], [[[68.4493, 23.9385], [68.4587, 23.9307], [68.444, 23.9193], [68.4518, 23.916], [68.4443, 23.9132], [68.4515, 23.9135], [68.4504, 23.9054], [68.4429, 23.9082], [68.4504, 23.9046], [68.4521, 23.8818], [68.4421, 23.8704], [68.426, 23.8646], [68.4196, 23.871], [68.4107, 23.8854], [68.4224, 23.8949], [68.4085, 23.8851], [68.4171, 23.8724], [68.3935, 23.8804], [68.3774, 23.8765], [68.3724, 23.8596], [68.3524, 23.8457], [68.3551, 23.8879], [68.3676, 23.8907], [68.3585, 23.894], [68.3532, 23.8837], [68.3529, 23.9007], [68.4051, 23.9124], [68.4274, 23.9335], [68.4474, 23.9385], [68.4493, 23.9385]]], [[[68.5354, 23.946], [68.5424, 23.9338], [68.5582, 23.931], [68.5585, 23.9232], [68.5888, 23.9168], [68.5671, 23.9035], [68.5468, 23.8729], [68.5371, 23.8674], [68.5326, 23.8763], [68.5221, 23.8563], [68.5004, 23.8665], [68.5021, 23.8754], [68.491, 23.8663], [68.486, 23.8899], [68.5121, 23.9032], [68.5257, 23.8926], [68.514, 23.9046], [68.5318, 23.9235], [68.5376, 23.9176], [68.5254, 23.9401], [68.5349, 23.946], [68.5354, 23.946]]], [[[68.5257, 23.9495], [68.5257, 23.9493], [68.526, 23.9493], [68.5257, 23.9495]]], [[[68.4821, 23.9926], [68.5024, 23.9785], [68.4965, 23.9557], [68.5188, 23.9407], [68.5057, 23.9418], [68.5185, 23.9357], [68.5185, 23.9243], [68.4804, 23.8904], [68.4674, 23.8946], [68.4796, 23.889], [68.4729, 23.8629], [68.444, 23.8485], [68.4282, 23.8618], [68.4532, 23.8799], [68.4582, 23.9146], [68.4512, 23.9199], [68.4629, 23.9321], [68.4488, 23.9401], [68.4282, 23.9379], [68.4415, 23.9626], [68.449, 23.9596], [68.4426, 23.964], [68.4476, 23.9807], [68.4771, 23.9926], [68.4821, 23.9926]]], [[[68.4301, 23.9954], [68.4368, 23.9876], [68.4337, 23.964], [68.4129, 23.9274], [68.3871, 23.9143], [68.3763, 23.9204], [68.3449, 23.9013], [68.3487, 23.8651], [68.3363, 23.8388], [68.3376, 23.8193], [68.321, 23.8071], [68.3146, 23.824], [68.3037, 23.8246], [68.2887, 23.8174], [68.2957, 23.8043], [68.2743, 23.7974], [68.2704, 23.7857], [68.2657, 23.7929], [68.266, 23.7463], [68.254, 23.7188], [68.2668, 23.6918], [68.2571, 23.6801], [68.2451, 23.679], [68.2268, 23.6901], [68.2293, 23.7029], [68.2199, 23.6996], [68.2074, 23.7071], [68.1926, 23.731], [68.2118, 23.7635], [68.2196, 23.7549], [68.2246, 23.7718], [68.2343, 23.7749], [68.2326, 23.7821], [68.2243, 23.7735], [68.2179, 23.7812], [68.2093, 23.811], [68.2129, 23.8346], [68.2346, 23.836], [68.2454, 23.8538], [68.2571, 23.8446], [68.2604, 23.8249], [68.261, 23.8374], [68.2874, 23.8393], [68.261, 23.8388], [68.2487, 23.8538], [68.2593, 23.8718], [68.2932, 23.8729], [68.3051, 23.8657], [68.3176, 23.8793], [68.3096, 23.879], [68.3037, 23.8671], [68.2932, 23.8751], [68.2818, 23.8701], [68.259, 23.8751], [68.2785, 23.9024], [68.2771, 23.9149], [68.289, 23.9218], [68.3346, 23.9176], [68.346, 23.9326], [68.3462, 23.9604], [68.3599, 23.9776], [68.3763, 23.9843], [68.3854, 23.966], [68.396, 23.9654], [68.4285, 23.9954], [68.4301, 23.9954]]], [[[71.3163, 24.5496], [71.2756, 24.5403], [71.2688, 24.5068], [71.3582, 24.5128], [71.3602, 24.4946], [71.3492, 24.4811], [71.3558, 24.4692], [71.3378, 24.4385], [71.3604, 24.4281], [71.3527, 24.4282], [71.3524, 24.4175], [71.3409, 24.4086], [71.3396, 24.3904], [71.3914, 24.3886], [71.4042, 24.3445], [71.3864, 24.3272], [71.3313, 24.317], [71.3154, 24.2989], [71.3218, 24.2499], [71.2993, 24.2556], [71.3245, 24.2368], [71.3089, 24.2311], [71.3221, 24.2248], [71.3341, 24.1978], [71.3428, 24.1971], [71.3483, 24.1777], [71.3813, 24.1852], [71.3776, 24.1704], [71.3454, 24.1599], [71.3493, 24.1533], [71.333, 24.1435], [71.2998, 24.1708], [71.2863, 24.1568], [71.3, 24.1476], [71.2889, 24.1288], [71.3249, 24.1296], [71.3288, 24.1199], [71.3464, 24.1286], [71.3533, 24.1141], [71.3265, 24.0649], [71.3378, 24.0447], [71.2966, 23.9936], [71.3022, 23.9832], [71.3264, 23.9769], [71.3076, 23.9601], [71.3133, 23.9456], [71.3003, 23.942], [71.3096, 23.9276], [71.3055, 23.9219], [71.2841, 23.9286], [71.2751, 23.9167], [71.2634, 23.9261], [71.2611, 23.9151], [71.2504, 23.9127], [71.2367, 23.9249], [71.2226, 23.9255], [71.2027, 23.9142], [71.1878, 23.9193], [71.1115, 23.8954], [71.0737, 23.83], [71.0804, 23.8182], [71.073, 23.7976], [71.0619, 23.8015], [71.0547, 23.7926], [71.0686, 23.7772], [71.0671, 23.7459], [71.0826, 23.725], [71.0711, 23.7033], [71.081, 23.6842], [71.0537, 23.6663], [71.0459, 23.6433], [71.0606, 23.6173], [71.0971, 23.5938], [71.1023, 23.6162], [71.1182, 23.611], [71.1511, 23.6237], [71.1485, 23.6554], [71.1898, 23.7056], [71.1739, 23.714], [71.1648, 23.7073], [71.1582, 23.725], [71.1806, 23.7223], [71.1854, 23.7343], [71.2257, 23.7233], [71.2354, 23.7081], [71.2283, 23.6771], [71.2398, 23.6524], [71.3145, 23.642], [71.3627, 23.6517], [71.3888, 23.6455], [71.4044, 23.5996], [71.4326, 23.6235], [71.4328, 23.5631], [71.4809, 23.5534], [71.4601, 23.5349], [71.4594, 23.4681], [71.5285, 23.5245], [71.531, 23.506], [71.5194, 23.4717], [71.5433, 23.4777], [71.5421, 23.4628], [71.5743, 23.4626], [71.597, 23.4489], [71.6075, 23.4279], [71.5951, 23.3913], [71.5953, 23.3595], [71.6354, 23.354], [71.6554, 23.3289], [71.6442, 23.3047], [71.6592, 23.2878], [71.6798, 23.2904], [71.6458, 23.2568], [71.6291, 23.226], [71.637, 23.2011], [71.6568, 23.1803], [71.687, 23.1693], [71.7112, 23.1823], [71.7264, 23.1709], [71.7233, 23.1498], [71.6992, 23.1503], [71.6535, 23.1708], [71.632, 23.1588], [71.636, 23.1417], [71.6051, 23.134], [71.5452, 23.1623], [71.4645, 23.1411], [71.4046, 23.1504], [71.3846, 23.158], [71.3713, 23.1747], [71.348, 23.1623], [71.33, 23.1833], [71.3246, 23.1645], [71.3118, 23.1792], [71.2929, 23.168], [71.2963, 23.1502], [71.2814, 23.1562], [71.234, 23.1436], [71.2272, 23.1446], [71.2226, 23.171], [71.2059, 23.1861], [71.1719, 23.1767], [71.169, 23.1942], [71.1513, 23.204], [71.1204, 23.1965], [71.083, 23.1702], [70.9996, 23.1681], [70.9761, 23.1506], [70.9756, 23.1681], [70.9697, 23.1674], [70.9628, 23.151], [70.9714, 23.1409], [70.9659, 23.1377], [70.9776, 23.1309], [70.9655, 23.1329], [70.9591, 23.1257], [70.9537, 23.133], [70.9436, 23.1303], [70.9541, 23.1466], [70.9429, 23.1543], [70.9041, 23.1534], [70.9024, 23.1354], [70.9115, 23.1357], [70.9154, 23.1271], [70.897, 23.1277], [70.8892, 23.1152], [70.8891, 23.1315], [70.8394, 23.149], [70.8706, 23.1225], [70.8541, 23.1024], [70.8479, 23.104], [70.8496, 23.0919], [70.8388, 23.0728], [70.8379, 23.1035], [70.8454, 23.1198], [70.8295, 23.1297], [70.8309, 23.1556], [70.8005, 23.1438], [70.8045, 23.1581], [70.7927, 23.1528], [70.7789, 23.1603], [70.7733, 23.1543], [70.7787, 23.1416], [70.7706, 23.1332], [70.7614, 23.1384], [70.7149, 23.116], [70.7207, 23.1148], [70.6994, 23.0966], [70.656, 23.0772], [70.6343, 23.0563], [70.6135, 23.0555], [70.5928, 23.0331], [70.5772, 23.0289], [70.5512, 22.9546], [70.5208, 22.9548], [70.4925, 22.9659], [70.4685, 22.9578], [70.4365, 22.9638], [70.4426, 22.9748], [70.4376, 22.9751], [70.456, 22.9871], [70.4754, 23.0215], [70.4935, 23.074], [70.4846, 23.0774], [70.4374, 23.0624], [70.3962, 23.0254], [70.3938, 23.0015], [70.3826, 22.9979], [70.3946, 22.9954], [70.3868, 22.9482], [70.3476, 22.9304], [70.3101, 22.9415], [70.3074, 22.9513], [70.2793, 22.9487], [70.2376, 22.9796], [70.2293, 22.9771], [70.2271, 22.966], [70.2057, 22.9807], [70.1979, 22.9985], [70.1862, 22.9918], [70.1979, 22.994], [70.2007, 22.9815], [70.2243, 22.9632], [70.2193, 22.9562], [70.1735, 22.9507], [70.1618, 22.9426], [70.1232, 22.9607], [70.1204, 22.9685], [70.134, 22.9849], [70.129, 22.9921], [70.1532, 23.0296], [70.1124, 22.9726], [70.111, 22.9601], [70.1265, 22.9465], [70.111, 22.9526], [70.1012, 22.9418], [70.091, 22.9526], [70.0999, 22.9382], [70.1113, 22.9496], [70.139, 22.9412], [70.1321, 22.9246], [70.106, 22.909], [70.0326, 22.8954], [69.996, 22.9029], [69.9371, 22.8932], [69.9057, 22.8662], [69.8668, 22.8729], [69.8574, 22.8696], [69.8621, 22.8585], [69.8538, 22.8682], [69.7985, 22.8507], [69.7524, 22.8196], [69.7468, 22.7938], [69.7201, 22.7624], [69.7051, 22.7279], [69.706, 22.7404], [69.6624, 22.7568], [69.6668, 22.7774], [69.6593, 22.7565], [69.6432, 22.7657], [69.6338, 22.7954], [69.6413, 22.7665], [69.6093, 22.7671], [69.6007, 22.759], [69.5632, 22.7737], [69.5551, 22.7924], [69.5446, 22.7857], [69.4846, 22.7879], [69.4938, 22.7812], [69.4696, 22.7737], [69.3907, 22.8137], [69.3613, 22.8226], [69.3521, 22.8176], [69.3557, 22.8288], [69.3485, 22.8204], [69.3143, 22.8326], [69.2668, 22.824], [69.2307, 22.8346], [69.2285, 22.8424], [69.2232, 22.836], [69.1907, 22.8412], [68.836, 23.0435], [68.8165, 23.0568], [68.8235, 23.0549], [68.8146, 23.0674], [68.8082, 23.0607], [68.7593, 23.0804], [68.7135, 23.1185], [68.6529, 23.1546], [68.6335, 23.1776], [68.6557, 23.1535], [68.6815, 23.1421], [68.656, 23.1551], [68.639, 23.1821], [68.5851, 23.2218], [68.5854, 23.2346], [68.599, 23.2404], [68.6012, 23.2185], [68.6307, 23.2132], [68.6399, 23.2224], [68.624, 23.2207], [68.6237, 23.2262], [68.619, 23.2199], [68.6038, 23.2429], [68.6404, 23.2446], [68.6479, 23.2576], [68.6718, 23.2699], [68.6407, 23.2665], [68.6301, 23.2957], [68.6568, 23.2949], [68.6957, 23.3074], [68.7251, 23.2957], [68.7357, 23.3087], [68.7482, 23.304], [68.7582, 23.3304], [68.7468, 23.3057], [68.7343, 23.309], [68.724, 23.2971], [68.714, 23.2999], [68.7185, 23.3046], [68.7085, 23.3149], [68.6588, 23.3035], [68.6607, 23.3199], [68.6687, 23.3254], [68.6588, 23.3229], [68.6524, 23.3029], [68.6446, 23.3226], [68.6357, 23.3165], [68.6376, 23.3313], [68.6246, 23.339], [68.6257, 23.3463], [68.6349, 23.3393], [68.6368, 23.3468], [68.6146, 23.359], [68.6196, 23.3654], [68.606, 23.381], [68.596, 23.3821], [68.6024, 23.3593], [68.581, 23.3899], [68.5682, 23.3882], [68.5796, 23.376], [68.5585, 23.3871], [68.5646, 23.4001], [68.5604, 23.4193], [68.5357, 23.4212], [68.5326, 23.4335], [68.541, 23.4257], [68.5163, 23.4751], [68.5124, 23.4679], [68.5249, 23.4554], [68.5232, 23.4465], [68.5024, 23.4654], [68.5121, 23.466], [68.5115, 23.4738], [68.5004, 23.476], [68.5024, 23.4918], [68.5129, 23.4849], [68.5188, 23.4896], [68.499, 23.494], [68.5038, 23.506], [68.5001, 23.4985], [68.4918, 23.501], [68.499, 23.5151], [68.484, 23.5482], [68.4974, 23.5474], [68.4874, 23.5779], [68.4865, 23.596], [68.4949, 23.6076], [68.489, 23.6354], [68.5007, 23.6571], [68.5174, 23.6607], [68.5232, 23.6513], [68.539, 23.6624], [68.5201, 23.6546], [68.5249, 23.6907], [68.5462, 23.6968], [68.5585, 23.7193], [68.5954, 23.7301], [68.6035, 23.7488], [68.6326, 23.7579], [68.6663, 23.8085], [68.6779, 23.8076], [68.6874, 23.8218], [68.7426, 23.8371], [68.7426, 23.8438], [68.7232, 23.831], [68.7371, 23.8432], [68.7251, 23.8479], [68.7613, 23.8754], [68.7162, 23.8574], [68.6601, 23.8585], [68.6657, 23.8518], [68.6449, 23.8463], [68.6468, 23.8396], [68.6374, 23.836], [68.6049, 23.8382], [68.6038, 23.8501], [68.5746, 23.8213], [68.5335, 23.756], [68.5251, 23.759], [68.5263, 23.7735], [68.5154, 23.7854], [68.5374, 23.8151], [68.526, 23.8021], [68.5149, 23.824], [68.5468, 23.836], [68.5729, 23.881], [68.6135, 23.9032], [68.6385, 23.8949], [68.6632, 23.9174], [68.6596, 23.9218], [68.6382, 23.9032], [68.6199, 23.9065], [68.6224, 23.9274], [68.6143, 23.9226], [68.596, 23.9418], [68.5874, 23.9407], [68.5885, 23.9224], [68.5587, 23.924], [68.5593, 23.9318], [68.5437, 23.9351], [68.5374, 23.9468], [68.5468, 23.9632], [68.7492, 23.962], [68.7596, 24.0358], [68.7675, 24.2897], [68.8264, 24.3084], [68.8477, 24.2084], [68.8696, 24.209], [68.8724, 24.2007], [68.8875, 24.1959], [68.9041, 24.2092], [68.922, 24.2586], [68.9472, 24.2766], [68.9706, 24.2375], [69.0005, 24.2259], [69.0929, 24.2691], [69.1998, 24.2352], [69.2749, 24.2688], [69.3103, 24.2767], [69.3619, 24.2662], [69.4316, 24.2737], [69.5012, 24.255], [69.6007, 24.2778], [69.7246, 24.1751], [69.8703, 24.1647], [70.0006, 24.1664], [70.0241, 24.1694], [70.0593, 24.1928], [70.119, 24.2907], [70.2371, 24.3173], [70.3256, 24.3474], [70.3703, 24.3535], [70.5749, 24.4203], [70.6119, 24.4005], [70.592, 24.3586], [70.5721, 24.3445], [70.5874, 24.3101], [70.5723, 24.2936], [70.5878, 24.2854], [70.5724, 24.2649], [70.5742, 24.2523], [70.5936, 24.2403], [70.6553, 24.2251], [70.8058, 24.2227], [70.8537, 24.2474], [70.8941, 24.2571], [70.9011, 24.2627], [70.8891, 24.2689], [70.8851, 24.2908], [70.9597, 24.3462], [70.9984, 24.3606], [71.013, 24.3469], [71.0472, 24.3473], [71.0664, 24.3557], [71.0883, 24.3815], [71.1221, 24.3909], [71.1318, 24.4018], [71.1341, 24.4138], [71.1189, 24.431], [71.0286, 24.4334], [71.0076, 24.4422], [71.0153, 24.5228], [70.9983, 24.5413], [70.9986, 24.5847], [71.0205, 24.6305], [71.0608, 24.6464], [71.1071, 24.6807], [71.1467, 24.658], [71.2977, 24.6076], [71.3043, 24.5912], [71.3223, 24.5829], [71.3232, 24.5667], [71.3148, 24.5576], [71.3204, 24.5536], [71.3163, 24.5496]]]]}}, {"type": "Feature", "id": "jaipur", "properties": {"districtId": "jaipur", "districtName": "Jaipur", "state": "Rajasthan", "subdivision": "East Rajasthan", "elevation": 431, "terrain": "Plains", "centroidLat": 26.9124, "centroidLng": 75.7873, "matchedGeoName": "Jaipur", "matchedGeoState": "Rajasthan"}, "geometry": {"type": "Polygon", "coordinates": [[[76.1673, 27.8091], [76.1804, 27.8124], [76.1941, 27.8312], [76.2077, 27.8285], [76.2362, 27.8548], [76.2557, 27.8442], [76.2572, 27.8265], [76.2827, 27.8051], [76.2681, 27.8067], [76.2583, 27.7765], [76.2385, 27.766], [76.252, 27.7047], [76.2393, 27.6871], [76.2495, 27.6756], [76.2341, 27.6744], [76.2462, 27.6641], [76.2424, 27.6349], [76.1951, 27.6267], [76.2087, 27.5416], [76.2329, 27.53], [76.2404, 27.5081], [76.2334, 27.478], [76.2152, 27.4604], [76.2234, 27.4555], [76.2262, 27.4172], [76.2229, 27.4056], [76.194, 27.3803], [76.1983, 27.3693], [76.1694, 27.3173], [76.1528, 27.318], [76.1452, 27.2874], [76.1206, 27.2558], [76.1187, 27.2379], [76.1348, 27.2303], [76.1215, 27.2013], [76.1322, 27.205], [76.1422, 27.2257], [76.1543, 27.2237], [76.1521, 27.1893], [76.1783, 27.1893], [76.1837, 27.157], [76.1781, 27.1368], [76.1967, 27.1237], [76.2379, 27.1554], [76.2511, 27.1813], [76.2706, 27.1882], [76.285, 27.1508], [76.2811, 27.0773], [76.2866, 27.0686], [76.2821, 27.0477], [76.2597, 27.0359], [76.2555, 27.0261], [76.2322, 27.0206], [76.1964, 26.965], [76.1977, 26.8991], [76.1831, 26.8936], [76.1783, 26.8795], [76.184, 26.8684], [76.204, 26.8596], [76.2315, 26.8622], [76.2556, 26.8745], [76.2676, 26.8717], [76.2478, 26.857], [76.2614, 26.8343], [76.2553, 26.8055], [76.2171, 26.8057], [76.1867, 26.7614], [76.1999, 26.7528], [76.197, 26.7392], [76.21, 26.7343], [76.2124, 26.7224], [76.1888, 26.6979], [76.1751, 26.7153], [76.1641, 26.7176], [76.1526, 26.6972], [76.1619, 26.6881], [76.1631, 26.6632], [76.1816, 26.6396], [76.1858, 26.6189], [76.1617, 26.5802], [76.1548, 26.5194], [76.1412, 26.533], [76.1073, 26.54], [76.093, 26.5282], [76.0762, 26.5261], [76.0667, 26.5121], [76.0295, 26.5214], [76.0033, 26.4965], [75.9686, 26.5067], [75.9576, 26.4875], [75.9316, 26.4981], [75.9287, 26.5097], [75.8829, 26.5167], [75.8794, 26.5237], [75.8307, 26.5148], [75.8117, 26.5224], [75.7947, 26.535], [75.8015, 26.5444], [75.793, 26.5542], [75.7688, 26.5476], [75.7687, 26.5366], [75.7789, 26.5301], [75.7557, 26.5164], [75.7676, 26.4766], [75.7626, 26.4701], [75.7442, 26.4732], [75.7392, 26.4512], [75.7246, 26.4697], [75.7073, 26.4491], [75.6501, 26.4702], [75.6447, 26.4493], [75.6124, 26.4435], [75.5691, 26.4503], [75.5711, 26.477], [75.548, 26.4903], [75.5224, 26.4672], [75.4981, 26.485], [75.448, 26.4971], [75.4324, 26.4854], [75.406, 26.4992], [75.4085, 26.4848], [75.3856, 26.4858], [75.3777, 26.4939], [75.3679, 26.49], [75.3328, 26.5252], [75.3355, 26.5391], [75.3263, 26.5619], [75.2822, 26.5677], [75.2508, 26.5452], [75.2501, 26.5338], [75.2012, 26.5192], [75.192, 26.5049], [75.1965, 26.4839], [75.1855, 26.4924], [75.1692, 26.4662], [75.1584, 26.4621], [75.1579, 26.4755], [75.1478, 26.4711], [75.1409, 26.4774], [75.1486, 26.5037], [75.1117, 26.527], [75.1192, 26.5503], [75.1, 26.5594], [75.0671, 26.5474], [75.058, 26.5593], [75.0781, 26.5993], [75.0774, 26.6133], [75.0638, 26.6156], [75.0604, 26.625], [75.0633, 26.6539], [75.0171, 26.6685], [75.0091, 26.6903], [74.97, 26.6762], [74.9613, 26.6866], [74.9603, 26.7254], [74.9401, 26.7243], [74.9412, 26.7355], [74.9956, 26.7339], [75.004, 26.7478], [74.9775, 26.7652], [74.9383, 26.7487], [74.9373, 26.783], [74.932, 26.7817], [74.9301, 26.7963], [74.9234, 26.7936], [74.9123, 26.84], [74.952, 26.85], [74.9525, 26.8708], [74.9722, 26.8935], [75.0096, 26.8982], [75.0089, 26.9485], [75.1606, 26.9363], [75.1547, 26.9733], [75.1988, 26.9771], [75.1992, 27.0105], [75.2378, 27.02], [75.254, 27.0378], [75.2178, 27.0589], [75.2158, 27.0863], [75.3297, 27.0983], [75.3453, 27.0896], [75.3628, 27.0913], [75.3608, 27.1139], [75.3441, 27.1128], [75.3354, 27.1214], [75.3389, 27.1433], [75.3128, 27.1505], [75.3105, 27.1848], [75.3231, 27.2175], [75.3414, 27.2162], [75.356, 27.2309], [75.3861, 27.2342], [75.3892, 27.2863], [75.3752, 27.2874], [75.3748, 27.2934], [75.4239, 27.2914], [75.4263, 27.3048], [75.4472, 27.301], [75.4514, 27.2927], [75.4706, 27.2931], [75.501, 27.3184], [75.503, 27.3334], [75.5247, 27.3478], [75.5665, 27.3458], [75.567, 27.3156], [75.5929, 27.3125], [75.6076, 27.3188], [75.6223, 27.3444], [75.6539, 27.3421], [75.659, 27.3699], [75.7185, 27.3734], [75.7144, 27.3869], [75.7331, 27.4084], [75.7676, 27.4065], [75.7713, 27.3888], [75.7874, 27.3851], [75.8045, 27.4092], [75.8238, 27.3939], [75.8392, 27.4048], [75.8712, 27.3936], [75.8769, 27.4029], [75.8648, 27.428], [75.8887, 27.4609], [75.9128, 27.4594], [75.9473, 27.4805], [75.9787, 27.4823], [75.9715, 27.5058], [75.9311, 27.5008], [75.945, 27.5512], [75.9458, 27.5693], [75.936, 27.5725], [75.9599, 27.5987], [75.9577, 27.6048], [75.9349, 27.5972], [75.9349, 27.6261], [75.9572, 27.6287], [75.9491, 27.6427], [75.9722, 27.66], [75.9839, 27.7076], [76.0274, 27.736], [76.0493, 27.7764], [76.0634, 27.7792], [76.0891, 27.8278], [76.0801, 27.8511], [76.0856, 27.8652], [76.1221, 27.8544], [76.1278, 27.8332], [76.1628, 27.8148], [76.1673, 27.8091]]]}}, {"type": "Feature", "id": "jodhpur", "properties": {"districtId": "jodhpur", "districtName": "Jodhpur", "state": "Rajasthan", "subdivision": "West Rajasthan", "elevation": 231, "terrain": "Arid Plains", "centroidLat": 26.2389, "centroidLng": 73.0243, "matchedGeoName": "Jodhpur", "matchedGeoState": "Rajasthan"}, "geometry": {"type": "Polygon", "coordinates": [[[72.5679, 27.6034], [72.5885, 27.6062], [72.5947, 27.598], [72.6021, 27.6037], [72.6174, 27.5874], [72.6225, 27.5683], [72.6419, 27.5575], [72.6588, 27.5297], [72.6695, 27.5399], [72.674, 27.5724], [72.694, 27.6018], [72.7114, 27.5822], [72.7156, 27.5857], [72.7261, 27.5511], [72.7642, 27.5207], [72.7764, 27.5332], [72.7717, 27.5609], [72.8319, 27.5814], [72.8481, 27.5531], [72.8454, 27.5316], [72.8356, 27.5192], [72.8175, 27.5141], [72.8243, 27.5076], [72.8227, 27.4755], [72.8288, 27.4641], [72.8805, 27.475], [72.8563, 27.4429], [72.8928, 27.4489], [72.9001, 27.4134], [72.9375, 27.4459], [72.946, 27.4311], [72.9464, 27.4027], [72.9816, 27.3829], [73.0402, 27.409], [73.1135, 27.4081], [73.1429, 27.3891], [73.1494, 27.3197], [73.1608, 27.2939], [73.1517, 27.2508], [73.1299, 27.2342], [73.1492, 27.2109], [73.1638, 27.1606], [73.1627, 27.1354], [73.1502, 27.12], [73.1747, 27.0922], [73.1901, 27.0557], [73.1562, 27.0242], [73.1542, 26.9965], [73.1267, 26.9796], [73.1132, 26.9648], [73.1126, 26.9528], [73.1168, 26.9413], [73.1537, 26.9259], [73.1758, 26.9288], [73.1896, 26.8814], [73.2085, 26.8787], [73.2116, 26.868], [73.2411, 26.863], [73.2839, 26.8637], [73.2981, 26.8735], [73.3308, 26.8558], [73.3538, 26.8694], [73.3781, 26.8662], [73.4003, 26.8831], [73.435, 26.8867], [73.4432, 26.8752], [73.4562, 26.873], [73.4965, 26.8871], [73.5283, 26.8588], [73.5855, 26.8637], [73.604, 26.8443], [73.6288, 26.8399], [73.63, 26.8074], [73.6528, 26.8084], [73.6752, 26.7565], [73.6478, 26.7107], [73.6574, 26.6886], [73.6707, 26.679], [73.6576, 26.6487], [73.6767, 26.6461], [73.6907, 26.6235], [73.6828, 26.6192], [73.6995, 26.6034], [73.6923, 26.5894], [73.7189, 26.5529], [73.7196, 26.5399], [73.7684, 26.539], [73.7669, 26.5309], [73.7921, 26.5055], [73.8133, 26.5016], [73.8386, 26.4735], [73.8547, 26.4685], [73.8576, 26.4469], [73.8712, 26.4318], [73.8612, 26.4164], [73.8442, 26.4086], [73.8405, 26.3858], [73.8537, 26.3807], [73.8155, 26.3589], [73.8108, 26.3181], [73.7893, 26.3205], [73.8034, 26.312], [73.8121, 26.2882], [73.8058, 26.265], [73.7905, 26.2482], [73.8033, 26.2081], [73.7845, 26.1587], [73.812, 26.1137], [73.8025, 26.0986], [73.7583, 26.0939], [73.7455, 26.1128], [73.733, 26.1144], [73.7184, 26.1039], [73.6948, 26.0647], [73.685, 26.0635], [73.6494, 26.079], [73.6522, 26.1271], [73.6278, 26.1479], [73.6035, 26.1301], [73.5744, 26.1325], [73.5788, 26.1207], [73.5608, 26.1092], [73.5221, 26.1036], [73.5289, 26.0643], [73.5101, 26.0701], [73.4994, 26.088], [73.466, 26.0858], [73.4361, 26.1283], [73.4091, 26.1262], [73.4027, 26.1625], [73.3934, 26.1634], [73.3868, 26.1552], [73.3764, 26.1566], [73.3716, 26.1352], [73.3407, 26.1174], [73.3516, 26.0859], [73.3631, 26.0809], [73.36, 26.063], [73.3327, 26.0571], [73.3186, 26.0393], [73.3214, 26.0053], [73.3057, 26.0279], [73.2752, 26.0433], [73.2698, 26.0563], [73.2565, 26.0537], [73.2505, 26.0647], [73.2599, 26.0691], [73.2412, 26.0849], [73.226, 26.0739], [73.1928, 26.0856], [73.1926, 26.0681], [73.1782, 26.0542], [73.187, 26.0329], [73.1395, 26.0441], [73.0917, 26.0209], [73.0503, 26.0132], [73.0507, 25.9672], [73.0326, 25.9513], [73.0013, 25.9526], [72.9933, 25.9405], [72.9755, 25.9345], [72.9592, 25.901], [72.8699, 25.8892], [72.8675, 25.899], [72.8566, 25.8976], [72.8543, 25.8901], [72.8435, 25.8897], [72.8354, 25.8615], [72.8077, 25.8518], [72.7786, 25.8806], [72.7529, 25.8805], [72.755, 25.8909], [72.7264, 25.9199], [72.7024, 25.9323], [72.6933, 25.9283], [72.6892, 25.9409], [72.6816, 25.9387], [72.6611, 25.9534], [72.6283, 25.9557], [72.6335, 25.9626], [72.6118, 25.9991], [72.6955, 26.035], [72.6869, 26.0485], [72.6878, 26.0671], [72.6802, 26.0703], [72.6994, 26.1199], [72.6858, 26.1489], [72.6855, 26.1909], [72.6348, 26.2265], [72.5973, 26.278], [72.5532, 26.2624], [72.5331, 26.2718], [72.526, 26.286], [72.5088, 26.2764], [72.493, 26.297], [72.4684, 26.2987], [72.4286, 26.284], [72.4217, 26.2764], [72.4269, 26.2605], [72.4111, 26.2365], [72.3761, 26.2229], [72.3423, 26.2418], [72.3104, 26.214], [72.282, 26.2087], [72.2707, 26.195], [72.2194, 26.2285], [72.1941, 26.2607], [72.1617, 26.2777], [72.1657, 26.2895], [72.1553, 26.3049], [72.1386, 26.3125], [72.143, 26.3229], [72.1074, 26.3117], [72.075, 26.3458], [72.0841, 26.4393], [72.0291, 26.4948], [72.1002, 26.5966], [72.0876, 26.6196], [72.0634, 26.6343], [72.0678, 26.6423], [72.0413, 26.6714], [72.0702, 26.7148], [72.0784, 26.709], [72.0904, 26.7155], [72.0635, 26.7562], [72.062, 26.7821], [72.0467, 26.785], [72.0554, 26.7991], [72.0842, 26.8039], [72.1003, 26.8262], [72.0886, 26.8453], [72.1029, 26.8577], [72.1046, 26.8829], [72.0409, 26.9316], [72.0508, 26.9645], [72.045, 27.0166], [72.053, 27.0221], [72.0489, 27.027], [72.0809, 27.0398], [72.0601, 27.0458], [72.0793, 27.0727], [72.0878, 27.1006], [72.0772, 27.1124], [71.9684, 27.1349], [71.9578, 27.15], [71.9559, 27.1777], [71.9194, 27.1729], [71.9112, 27.2131], [71.8575, 27.2257], [71.821, 27.2484], [71.7912, 27.2399], [71.7942, 27.2825], [71.8198, 27.3131], [71.83, 27.3153], [71.8204, 27.3389], [71.8277, 27.3945], [71.8147, 27.4361], [71.8383, 27.473], [71.8823, 27.4792], [71.8994, 27.4685], [71.9066, 27.528], [71.9305, 27.5539], [71.9661, 27.5446], [71.9998, 27.5642], [72.0492, 27.6096], [72.085, 27.5881], [72.111, 27.5863], [72.1165, 27.5765], [72.1283, 27.5759], [72.1057, 27.5518], [72.1447, 27.528], [72.137, 27.5176], [72.159, 27.4896], [72.1571, 27.4715], [72.1749, 27.4576], [72.2022, 27.471], [72.2102, 27.485], [72.2482, 27.4832], [72.2506, 27.5293], [72.283, 27.5448], [72.2951, 27.539], [72.2831, 27.5114], [72.2509, 27.5033], [72.2478, 27.4641], [72.2655, 27.4535], [72.2998, 27.494], [72.3258, 27.5099], [72.36, 27.4863], [72.3667, 27.5241], [72.3827, 27.5393], [72.3989, 27.5459], [72.4062, 27.5394], [72.4361, 27.5582], [72.4479, 27.5824], [72.4671, 27.5873], [72.5001, 27.5804], [72.5584, 27.6154], [72.5679, 27.6034]]]}}, {"type": "Feature", "id": "new delhi", "properties": {"districtId": "new delhi", "districtName": "New Delhi", "state": "Delhi", "subdivision": "Haryana, Chandigarh & Delhi", "elevation": 216, "terrain": "Plains", "centroidLat": 28.6139, "centroidLng": 77.209, "matchedGeoName": "Delhi", "matchedGeoState": "Delhi"}, "geometry": {"type": "Polygon", "coordinates": [[[77.2173, 28.8353], [77.2136, 28.8135], [77.1946, 28.8154], [77.1969, 28.7953], [77.2247, 28.7876], [77.2171, 28.7817], [77.2532, 28.7528], [77.2562, 28.7399], [77.2769, 28.7344], [77.2849, 28.7125], [77.3235, 28.7159], [77.3198, 28.7036], [77.3271, 28.6852], [77.3179, 28.6793], [77.3112, 28.6446], [77.3375, 28.6175], [77.3362, 28.6089], [77.3099, 28.599], [77.2936, 28.5797], [77.2952, 28.5612], [77.3377, 28.509], [77.3069, 28.4907], [77.2781, 28.4981], [77.2427, 28.4846], [77.2257, 28.464], [77.2433, 28.4475], [77.2406, 28.4289], [77.2153, 28.4157], [77.1658, 28.4085], [77.1424, 28.4357], [77.1183, 28.4424], [77.1027, 28.4704], [77.1077, 28.4939], [77.0725, 28.5203], [77.0488, 28.5152], [77.0061, 28.5428], [76.9959, 28.5369], [77.0114, 28.5241], [77.0055, 28.5144], [76.9685, 28.5276], [76.9446, 28.5136], [76.8975, 28.5178], [76.8794, 28.5091], [76.8763, 28.5284], [76.8376, 28.557], [76.835, 28.5914], [76.8548, 28.5924], [76.8779, 28.6376], [76.9103, 28.6378], [76.9237, 28.6287], [76.9339, 28.6376], [76.9175, 28.6573], [76.9297, 28.6744], [76.9473, 28.6772], [76.9546, 28.7054], [76.9413, 28.717], [76.9507, 28.7365], [76.9382, 28.7596], [76.9466, 28.774], [76.9375, 28.8035], [76.9423, 28.8207], [76.9558, 28.82], [76.9608, 28.8317], [76.9737, 28.8258], [76.9835, 28.8391], [77.0315, 28.8368], [77.0498, 28.8732], [77.0657, 28.873], [77.0759, 28.8845], [77.0834, 28.8746], [77.1285, 28.8654], [77.1392, 28.8417], [77.1869, 28.8668], [77.2078, 28.8602], [77.2106, 28.8453], [77.2173, 28.8353]]]}}, {"type": "Feature", "id": "amritsar", "properties": {"districtId": "amritsar", "districtName": "Amritsar", "state": "Punjab", "subdivision": "Punjab", "elevation": 234, "terrain": "Plains", "centroidLat": 31.634, "centroidLng": 74.8723, "matchedGeoName": "Amritsar", "matchedGeoState": "Punjab"}, "geometry": {"type": "Polygon", "coordinates": [[[74.8793, 32.0519], [74.9065, 32.0439], [74.9222, 32.0141], [74.9011, 31.9761], [74.9237, 31.9624], [74.96, 31.9757], [74.9592, 31.9607], [74.9266, 31.9421], [74.8745, 31.9317], [74.8922, 31.896], [74.9057, 31.8935], [74.9038, 31.8813], [74.924, 31.8685], [74.9326, 31.8709], [74.9314, 31.8603], [74.9497, 31.8538], [74.9549, 31.8334], [74.995, 31.8239], [74.9986, 31.817], [75.0119, 31.8225], [75.0117, 31.8132], [75.025, 31.8035], [75.0629, 31.8055], [75.0729, 31.7904], [75.0991, 31.7796], [75.0847, 31.76], [75.1037, 31.75], [75.1061, 31.7574], [75.131, 31.7579], [75.1375, 31.7483], [75.1768, 31.741], [75.1891, 31.7277], [75.1799, 31.7121], [75.1987, 31.7054], [75.213, 31.6854], [75.2268, 31.6831], [75.2376, 31.6932], [75.2716, 31.6978], [75.274, 31.6772], [75.2946, 31.6766], [75.2987, 31.6688], [75.2871, 31.652], [75.3146, 31.6354], [75.324, 31.641], [75.3611, 31.6242], [75.3911, 31.5949], [75.385, 31.5824], [75.3619, 31.5801], [75.3055, 31.5398], [75.3059, 31.5293], [75.2722, 31.4835], [75.249, 31.4765], [75.233, 31.4563], [75.224, 31.4608], [75.2142, 31.4243], [75.2034, 31.4235], [75.1974, 31.4382], [75.1819, 31.4359], [75.1743, 31.4182], [75.1816, 31.4086], [75.1686, 31.4009], [75.1574, 31.3788], [75.1504, 31.3819], [75.1472, 31.364], [75.1596, 31.3634], [75.1207, 31.3114], [75.1074, 31.3195], [75.0951, 31.3165], [75.0809, 31.2838], [75.091, 31.2785], [75.0713, 31.2726], [75.0685, 31.2482], [75.0457, 31.2247], [75.0505, 31.2171], [75.0381, 31.1921], [74.9575, 31.154], [74.9367, 31.1499], [74.9089, 31.1612], [74.9022, 31.1558], [74.8844, 31.1605], [74.8379, 31.134], [74.798, 31.1336], [74.79, 31.1139], [74.7785, 31.1304], [74.7523, 31.1284], [74.7474, 31.1114], [74.7327, 31.1154], [74.7322, 31.1038], [74.7004, 31.1042], [74.6766, 31.131], [74.659, 31.1274], [74.6511, 31.1348], [74.6312, 31.1213], [74.6249, 31.1226], [74.6252, 31.1373], [74.595, 31.135], [74.5965, 31.0909], [74.5827, 31.0948], [74.5658, 31.0843], [74.5464, 31.0886], [74.5424, 31.1228], [74.5265, 31.1224], [74.5054, 31.1365], [74.5013, 31.1816], [74.5095, 31.187], [74.5113, 31.2313], [74.5222, 31.2475], [74.5111, 31.2723], [74.5302, 31.2987], [74.5519, 31.2985], [74.5946, 31.3971], [74.6253, 31.4236], [74.6421, 31.46], [74.6207, 31.478], [74.6265, 31.4867], [74.6091, 31.4872], [74.5951, 31.5002], [74.5796, 31.4957], [74.5658, 31.5017], [74.5748, 31.5212], [74.6039, 31.5341], [74.6009, 31.5678], [74.5785, 31.6234], [74.5173, 31.7229], [74.518, 31.7452], [74.5518, 31.7532], [74.544, 31.7764], [74.5549, 31.7916], [74.5494, 31.7983], [74.5602, 31.8153], [74.5557, 31.8277], [74.5805, 31.8435], [74.5833, 31.8569], [74.596, 31.8648], [74.5991, 31.8851], [74.6226, 31.8813], [74.6379, 31.8967], [74.6508, 31.8981], [74.6599, 31.9182], [74.7033, 31.9249], [74.7092, 31.9579], [74.7178, 31.9577], [74.7359, 31.9374], [74.7458, 31.9416], [74.7477, 31.9523], [74.7595, 31.9462], [74.8014, 31.9618], [74.8091, 31.9551], [74.8199, 31.9765], [74.8184, 31.9974], [74.8457, 32.0092], [74.8403, 32.0203], [74.8651, 32.0239], [74.862, 32.0446], [74.8724, 32.0505], [74.8793, 32.0519]]]}}, {"type": "Feature", "id": "lucknow", "properties": {"districtId": "lucknow", "districtName": "Lucknow", "state": "Uttar Pradesh", "subdivision": "East Uttar Pradesh", "elevation": 123, "terrain": "Plains", "centroidLat": 26.8467, "centroidLng": 80.9462, "matchedGeoName": "Lucknow", "matchedGeoState": "Uttar Pradesh"}, "geometry": {"type": "Polygon", "coordinates": [[[80.9328, 27.1564], [80.9469, 27.1443], [80.9549, 27.1497], [80.9819, 27.1425], [80.9899, 27.1519], [81.0021, 27.1458], [81.018, 27.1226], [81.013, 27.1083], [81.0461, 27.0905], [81.0293, 27.0753], [81.0074, 27.0701], [80.983, 27.0787], [80.9628, 27.0608], [80.9685, 27.0406], [80.9911, 27.0431], [80.9864, 27.0135], [80.9943, 27.0018], [81.0206, 26.9905], [81.0156, 26.9775], [81.0262, 26.9702], [81.0466, 26.9781], [81.0556, 26.9728], [81.0357, 26.9608], [81.0335, 26.9438], [81.0541, 26.9328], [81.0656, 26.9136], [81.0859, 26.9196], [81.0902, 26.9047], [81.0809, 26.8942], [81.0925, 26.8755], [81.0823, 26.8632], [81.0842, 26.8428], [81.1208, 26.8393], [81.1313, 26.8194], [81.1611, 26.8123], [81.1492, 26.8021], [81.1544, 26.7781], [81.1647, 26.7907], [81.1802, 26.7847], [81.184, 26.7965], [81.2068, 26.7872], [81.1789, 26.7664], [81.2093, 26.7109], [81.1985, 26.7059], [81.1577, 26.6481], [81.1663, 26.6404], [81.1626, 26.6319], [81.1743, 26.6235], [81.1553, 26.6074], [81.1538, 26.5928], [81.1335, 26.591], [81.1134, 26.5623], [81.0906, 26.5646], [81.0839, 26.5458], [81.0679, 26.5375], [81.0669, 26.5259], [81.038, 26.5064], [81.0164, 26.5283], [80.9789, 26.5397], [80.9712, 26.5555], [80.9569, 26.5542], [80.9609, 26.5593], [80.9437, 26.5666], [80.9453, 26.5728], [80.9274, 26.5726], [80.9172, 26.5966], [80.8825, 26.6029], [80.8828, 26.6266], [80.8677, 26.6192], [80.8629, 26.6264], [80.8736, 26.6363], [80.8333, 26.6681], [80.785, 26.6514], [80.7746, 26.6711], [80.761, 26.6684], [80.76, 26.6822], [80.7475, 26.6913], [80.7346, 26.6795], [80.7368, 26.6713], [80.7199, 26.661], [80.6878, 26.6909], [80.7082, 26.7048], [80.6898, 26.7244], [80.6966, 26.7237], [80.693, 26.7522], [80.6819, 26.7613], [80.6873, 26.768], [80.7223, 26.7596], [80.7461, 26.779], [80.7281, 26.7808], [80.7311, 26.7946], [80.7181, 26.7994], [80.6825, 26.8427], [80.6841, 26.8553], [80.6182, 26.8858], [80.6314, 26.9083], [80.614, 26.9141], [80.5996, 26.9494], [80.5821, 26.9474], [80.572, 26.9309], [80.5512, 26.9417], [80.5613, 26.9602], [80.576, 26.9657], [80.5858, 26.9603], [80.5903, 26.9893], [80.5779, 26.9912], [80.5701, 27.0062], [80.5507, 27.0162], [80.5783, 27.0319], [80.5678, 27.0349], [80.5709, 27.0398], [80.5891, 27.0476], [80.6055, 27.0435], [80.6137, 27.0622], [80.6468, 27.0676], [80.6314, 27.0738], [80.6369, 27.084], [80.6912, 27.0655], [80.7248, 27.105], [80.7492, 27.1057], [80.7555, 27.0943], [80.7608, 27.1076], [80.7735, 27.1033], [80.781, 27.1163], [80.8089, 27.1028], [80.8208, 27.1048], [80.8492, 27.1279], [80.884, 27.133], [80.8947, 27.1551], [80.9251, 27.162], [80.9328, 27.1564]]]}}, {"type": "Feature", "id": "varanasi", "properties": {"districtId": "varanasi", "districtName": "Varanasi", "state": "Uttar Pradesh", "subdivision": "East Uttar Pradesh", "elevation": 81, "terrain": "Plains", "centroidLat": 25.3176, "centroidLng": 82.9739, "matchedGeoName": "Varanasi", "matchedGeoState": "Uttar Pradesh"}, "geometry": {"type": "Polygon", "coordinates": [[[83.0637, 25.5533], [83.0691, 25.5406], [83.0557, 25.5311], [83.0805, 25.4942], [83.089, 25.5058], [83.101, 25.496], [83.1064, 25.4998], [83.09, 25.5227], [83.0938, 25.5273], [83.1485, 25.5052], [83.1503, 25.5198], [83.1654, 25.526], [83.1672, 25.4991], [83.1352, 25.4717], [83.1222, 25.4465], [83.1778, 25.4246], [83.1863, 25.4077], [83.1672, 25.3541], [83.1371, 25.3204], [83.0816, 25.3325], [83.0321, 25.32], [83.0087, 25.3056], [83.0053, 25.295], [83.0406, 25.2844], [83.0379, 25.2719], [83.0626, 25.2472], [83.0235, 25.2442], [83.0128, 25.221], [82.9938, 25.205], [82.8934, 25.218], [82.8751, 25.202], [82.8631, 25.202], [82.8675, 25.1921], [82.8393, 25.1692], [82.805, 25.1903], [82.7934, 25.1759], [82.7853, 25.1816], [82.7943, 25.1924], [82.7759, 25.2073], [82.8083, 25.2088], [82.7966, 25.2255], [82.8082, 25.2317], [82.8036, 25.2436], [82.8116, 25.2588], [82.7775, 25.251], [82.7831, 25.2338], [82.7767, 25.2316], [82.7681, 25.2383], [82.7714, 25.2512], [82.7629, 25.2628], [82.7715, 25.2739], [82.7539, 25.2704], [82.7443, 25.2432], [82.7284, 25.2567], [82.7066, 25.2556], [82.7022, 25.2653], [82.6759, 25.2648], [82.6636, 25.2509], [82.6668, 25.2838], [82.6808, 25.2832], [82.6852, 25.311], [82.6954, 25.323], [82.68, 25.3352], [82.6741, 25.3554], [82.6912, 25.3702], [82.6969, 25.3637], [82.7024, 25.3879], [82.6851, 25.3973], [82.6765, 25.4218], [82.6799, 25.4327], [82.7115, 25.4363], [82.6941, 25.45], [82.6972, 25.4604], [82.7278, 25.4649], [82.7277, 25.4736], [82.702, 25.4854], [82.7172, 25.5115], [82.7066, 25.5358], [82.7338, 25.5491], [82.771, 25.5317], [82.79, 25.5546], [82.8284, 25.5556], [82.8303, 25.5705], [82.8461, 25.5663], [82.8581, 25.5828], [82.8711, 25.5685], [82.9212, 25.5728], [82.9381, 25.5457], [82.9363, 25.5329], [82.9458, 25.5274], [82.9564, 25.5295], [82.9739, 25.5565], [83.0028, 25.551], [82.997, 25.5562], [83.0131, 25.5781], [83.0355, 25.5423], [83.059, 25.5581], [83.0637, 25.5533]]]}}, {"type": "Feature", "id": "bhopal", "properties": {"districtId": "bhopal", "districtName": "Bhopal", "state": "Madhya Pradesh", "subdivision": "West Madhya Pradesh", "elevation": 500, "terrain": "Plateau", "centroidLat": 23.2599, "centroidLng": 77.4126, "matchedGeoName": "Bhopal", "matchedGeoState": "Madhya Pradesh"}, "geometry": {"type": "Polygon", "coordinates": [[[77.2232, 23.9002], [77.266, 23.8941], [77.2892, 23.8999], [77.3153, 23.8896], [77.3141, 23.8981], [77.3326, 23.8975], [77.3702, 23.8883], [77.3795, 23.8653], [77.3957, 23.8589], [77.3901, 23.8374], [77.4035, 23.8332], [77.4131, 23.809], [77.4431, 23.8007], [77.4308, 23.7949], [77.4314, 23.7877], [77.4471, 23.7834], [77.4529, 23.7693], [77.4665, 23.7647], [77.4989, 23.7825], [77.5111, 23.7716], [77.5455, 23.7619], [77.5695, 23.7728], [77.609, 23.7541], [77.5998, 23.7347], [77.6147, 23.7301], [77.6155, 23.7194], [77.6451, 23.7222], [77.6459, 23.7025], [77.6295, 23.6684], [77.5688, 23.6534], [77.5531, 23.6019], [77.5046, 23.58], [77.509, 23.5624], [77.5024, 23.5451], [77.5175, 23.5216], [77.5016, 23.5002], [77.4879, 23.4311], [77.5001, 23.4293], [77.5097, 23.4171], [77.5228, 23.431], [77.5545, 23.4277], [77.5572, 23.4175], [77.5459, 23.3953], [77.5549, 23.3931], [77.554, 23.3822], [77.571, 23.3778], [77.5788, 23.3572], [77.6235, 23.358], [77.6211, 23.3329], [77.5885, 23.3096], [77.5802, 23.2886], [77.5917, 23.2769], [77.596, 23.2329], [77.5773, 23.2059], [77.5815, 23.19], [77.5621, 23.1836], [77.5696, 23.1658], [77.5636, 23.1483], [77.5431, 23.1448], [77.5391, 23.1316], [77.5133, 23.1257], [77.4934, 23.1065], [77.4499, 23.0963], [77.4037, 23.1009], [77.3794, 23.0931], [77.3324, 23.0986], [77.3233, 23.112], [77.2826, 23.1058], [77.2761, 23.1402], [77.2553, 23.1479], [77.2555, 23.1604], [77.2349, 23.1889], [77.2374, 23.1982], [77.2134, 23.2072], [77.2227, 23.2192], [77.2171, 23.2307], [77.1913, 23.2265], [77.1847, 23.2447], [77.2134, 23.2619], [77.2101, 23.2753], [77.2196, 23.3005], [77.1766, 23.3117], [77.1833, 23.3605], [77.2001, 23.3636], [77.2117, 23.3312], [77.2233, 23.3321], [77.227, 23.3607], [77.2579, 23.3883], [77.2478, 23.3993], [77.234, 23.4002], [77.2409, 23.4132], [77.2771, 23.4123], [77.2942, 23.4356], [77.2829, 23.454], [77.2938, 23.4811], [77.2826, 23.4957], [77.295, 23.5183], [77.2877, 23.5264], [77.2897, 23.5499], [77.2815, 23.5698], [77.2941, 23.5862], [77.2731, 23.5971], [77.2718, 23.6146], [77.2249, 23.6302], [77.227, 23.6522], [77.218, 23.6704], [77.2052, 23.6723], [77.1955, 23.6637], [77.1823, 23.6791], [77.1724, 23.6768], [77.1654, 23.6931], [77.199, 23.7831], [77.2111, 23.7981], [77.2072, 23.8088], [77.2187, 23.8298], [77.2082, 23.847], [77.2181, 23.8548], [77.2205, 23.8914], [77.2232, 23.9002]]]}}, {"type": "Feature", "id": "shimla", "properties": {"districtId": "shimla", "districtName": "Shimla", "state": "Himachal Pradesh", "subdivision": "Himachal Pradesh", "elevation": 2276, "terrain": "Himalayan", "centroidLat": 31.1048, "centroidLng": 77.1734, "matchedGeoName": "Shimla", "matchedGeoState": "Himachal Pradesh"}, "geometry": {"type": "Polygon", "coordinates": [[[77.7563, 31.7077], [77.7966, 31.6673], [77.8094, 31.6422], [77.7988, 31.6151], [77.8237, 31.5837], [77.8256, 31.5112], [77.8441, 31.5157], [77.8542, 31.5083], [77.8673, 31.4912], [77.8648, 31.4751], [77.8829, 31.4611], [77.8875, 31.4474], [77.9129, 31.4288], [77.9455, 31.4187], [77.9485, 31.407], [78.0092, 31.4053], [78.0394, 31.4232], [78.0883, 31.4243], [78.0951, 31.414], [78.148, 31.3884], [78.1381, 31.3646], [78.1491, 31.3493], [78.1995, 31.3303], [78.2294, 31.3468], [78.2448, 31.3325], [78.2767, 31.3285], [78.2866, 31.3199], [78.2802, 31.2975], [78.2984, 31.2882], [78.2955, 31.2729], [78.2885, 31.2642], [78.269, 31.2714], [78.2326, 31.235], [78.2068, 31.2372], [78.2003, 31.2257], [78.1876, 31.2222], [78.1714, 31.2318], [78.1478, 31.2316], [78.1349, 31.2161], [78.1192, 31.214], [78.0877, 31.1908], [78.0538, 31.1929], [78.03, 31.1853], [78.0162, 31.1715], [78.0142, 31.1549], [77.9926, 31.167], [77.9694, 31.1652], [77.9548, 31.1788], [77.9147, 31.1566], [77.8875, 31.1547], [77.8787, 31.1247], [77.8515, 31.111], [77.8428, 31.0813], [77.8247, 31.0744], [77.8147, 31.0609], [77.8006, 31.0621], [77.8216, 31.0299], [77.8188, 31.0158], [77.8253, 31.0081], [77.8101, 31.0052], [77.8136, 30.9989], [77.7964, 30.9698], [77.8189, 30.9601], [77.8171, 30.9536], [77.7639, 30.977], [77.7346, 30.9596], [77.7456, 30.9223], [77.7956, 30.9238], [77.8008, 30.9127], [77.7844, 30.8884], [77.7894, 30.8585], [77.7652, 30.8652], [77.7545, 30.8824], [77.7445, 30.8812], [77.7315, 30.8508], [77.7444, 30.8299], [77.6883, 30.7687], [77.6439, 30.8107], [77.6104, 30.8127], [77.6066, 30.7989], [77.5883, 30.7858], [77.5311, 30.7783], [77.5387, 30.801], [77.5191, 30.802], [77.5105, 30.7874], [77.4792, 30.7986], [77.4792, 30.8454], [77.4635, 30.8694], [77.4379, 30.867], [77.4182, 30.8766], [77.4211, 30.8984], [77.3974, 30.9308], [77.4285, 30.9494], [77.4285, 30.9718], [77.4023, 31.003], [77.3596, 31.0265], [77.3492, 31.0141], [77.3234, 31.0051], [77.307, 30.9801], [77.2878, 30.9723], [77.2812, 30.9558], [77.2517, 30.9449], [77.2324, 30.9229], [77.2267, 30.9439], [77.2381, 30.9518], [77.1888, 30.9739], [77.1946, 30.9951], [77.1724, 31.0131], [77.1349, 31.0125], [77.1308, 31.0249], [77.1159, 31.0332], [77.092, 31.0354], [77.0537, 31.0545], [77.0726, 31.0697], [77.0595, 31.091], [77.0445, 31.0939], [77.0252, 31.0722], [77.012, 31.0911], [77.042, 31.1077], [77.0326, 31.1198], [76.986, 31.1091], [76.9788, 31.1154], [76.9952, 31.1196], [76.9984, 31.1409], [77.0198, 31.1627], [76.9899, 31.1916], [76.9909, 31.2067], [77.0058, 31.2222], [76.9905, 31.2408], [77.0008, 31.2752], [76.9887, 31.3014], [77.0691, 31.2516], [77.1073, 31.2508], [77.1182, 31.2325], [77.1474, 31.2346], [77.1758, 31.259], [77.1902, 31.2484], [77.2051, 31.2638], [77.2339, 31.2581], [77.256, 31.2795], [77.2682, 31.2697], [77.291, 31.2752], [77.3221, 31.3021], [77.3267, 31.3266], [77.3495, 31.3603], [77.3873, 31.3661], [77.4152, 31.3455], [77.4837, 31.3601], [77.5108, 31.3554], [77.5393, 31.3906], [77.5764, 31.3996], [77.615, 31.3951], [77.6191, 31.4016], [77.6081, 31.4277], [77.6131, 31.4501], [77.6559, 31.4669], [77.6938, 31.5065], [77.684, 31.546], [77.6408, 31.5823], [77.6332, 31.617], [77.6381, 31.6333], [77.648, 31.6387], [77.6333, 31.6644], [77.6703, 31.7075], [77.6936, 31.7067], [77.7272, 31.7189], [77.7479, 31.7084], [77.7563, 31.7077]]]}}, {"type": "Feature", "id": "kullu", "properties": {"districtId": "kullu", "districtName": "Kullu (Manali)", "state": "Himachal Pradesh", "subdivision": "Himachal Pradesh", "elevation": 1279, "terrain": "Himalayan", "centroidLat": 31.9579, "centroidLng": 77.1095, "matchedGeoName": "Kullu", "matchedGeoState": "Himachal Pradesh"}, "geometry": {"type": "Polygon", "coordinates": [[[77.2004, 32.3854], [77.2126, 32.3771], [77.2296, 32.3791], [77.2603, 32.3612], [77.2671, 32.3473], [77.3098, 32.3244], [77.3311, 32.2869], [77.3286, 32.2568], [77.3537, 32.2257], [77.3791, 32.2218], [77.4122, 32.1971], [77.4467, 32.2021], [77.4575, 32.2312], [77.4838, 32.2243], [77.4981, 32.2051], [77.5086, 32.2031], [77.5157, 32.2034], [77.5167, 32.2168], [77.529, 32.226], [77.5478, 32.2125], [77.5567, 32.192], [77.6357, 32.1512], [77.6716, 32.1093], [77.7283, 32.0952], [77.7297, 32.0812], [77.7497, 32.0556], [77.7478, 32.0444], [77.7755, 32.022], [77.7596, 32.0112], [77.7849, 31.9896], [77.7536, 31.947], [77.7679, 31.919], [77.7908, 31.8995], [77.853, 31.8866], [77.8341, 31.8748], [77.8233, 31.8526], [77.8338, 31.8335], [77.8325, 31.8097], [77.851, 31.7874], [77.8395, 31.7852], [77.838, 31.7631], [77.7951, 31.7646], [77.7639, 31.7561], [77.7472, 31.766], [77.7369, 31.7555], [77.7405, 31.7238], [77.7352, 31.7178], [77.6703, 31.7075], [77.6333, 31.6644], [77.648, 31.6387], [77.6381, 31.6333], [77.6332, 31.617], [77.6408, 31.5823], [77.684, 31.546], [77.6938, 31.5065], [77.6559, 31.4669], [77.6131, 31.4501], [77.6081, 31.4277], [77.6191, 31.4016], [77.615, 31.3951], [77.5764, 31.3996], [77.5393, 31.3906], [77.5108, 31.3554], [77.4837, 31.3601], [77.4152, 31.3455], [77.3873, 31.3661], [77.3719, 31.3653], [77.3761, 31.3874], [77.368, 31.3978], [77.3694, 31.4157], [77.3165, 31.4617], [77.3029, 31.511], [77.3047, 31.5334], [77.2869, 31.5611], [77.2919, 31.6144], [77.2836, 31.6569], [77.2906, 31.6654], [77.2585, 31.7046], [77.21, 31.7282], [77.2021, 31.7244], [77.1751, 31.818], [77.1606, 31.8295], [77.1649, 31.8448], [77.0896, 31.8416], [77.0677, 31.8327], [77.0441, 31.8379], [77.0458, 31.8591], [77.015, 31.8964], [77.0088, 31.9235], [76.9629, 31.9863], [76.9614, 32.0265], [76.9282, 32.0473], [76.9236, 32.0654], [76.9303, 32.115], [76.9727, 32.1136], [76.9687, 32.1343], [76.9835, 32.1849], [76.9789, 32.1894], [76.9894, 32.2026], [77.0224, 32.2097], [77.0362, 32.2286], [77.0155, 32.25], [77.0204, 32.2928], [77.0144, 32.3092], [77.0286, 32.3253], [77.0245, 32.3423], [77.036, 32.369], [77.0581, 32.3994], [77.0933, 32.4018], [77.1342, 32.4185], [77.1796, 32.4039], [77.1872, 32.3921], [77.2004, 32.3854]]]}}, {"type": "Feature", "id": "dehradun", "properties": {"districtId": "dehradun", "districtName": "Dehradun", "state": "Uttarakhand", "subdivision": "Uttarakhand", "elevation": 640, "terrain": "Himalayan", "centroidLat": 30.3165, "centroidLng": 78.0322, "matchedGeoName": "Dehra Dun", "matchedGeoState": "Uttaranchal"}, "geometry": {"type": "Polygon", "coordinates": [[[77.9583, 30.9784], [77.9856, 30.9588], [78.008, 30.9169], [77.9662, 30.902], [77.9751, 30.852], [77.9848, 30.8322], [78.0139, 30.8082], [78.0164, 30.7912], [78.0701, 30.7418], [78.0661, 30.736], [78.0751, 30.7236], [78.0622, 30.7073], [78.0546, 30.672], [78.0253, 30.6479], [78.01, 30.656], [77.9997, 30.6516], [78.0035, 30.5952], [77.9914, 30.5695], [77.9697, 30.555], [77.9744, 30.5167], [77.9359, 30.5232], [77.9263, 30.5136], [77.9737, 30.4709], [78.0043, 30.4803], [78.0192, 30.4753], [78.0317, 30.4876], [78.0657, 30.4804], [78.0889, 30.4857], [78.1523, 30.4567], [78.2071, 30.4471], [78.2295, 30.4306], [78.2189, 30.4181], [78.1361, 30.381], [78.1261, 30.356], [78.1366, 30.3295], [78.1637, 30.3116], [78.2031, 30.3167], [78.2297, 30.3148], [78.2371, 30.3049], [78.2634, 30.3053], [78.2707, 30.2987], [78.2654, 30.2756], [78.2859, 30.249], [78.2769, 30.2347], [78.2338, 30.2092], [78.2243, 30.1858], [78.2465, 30.1708], [78.2428, 30.1479], [78.2983, 30.1151], [78.2802, 30.1054], [78.275, 30.0783], [78.2387, 30.0488], [78.2345, 30.0295], [78.2163, 30.0226], [78.2193, 29.9929], [78.1811, 29.9501], [78.1675, 29.9481], [78.178, 29.9733], [78.1733, 29.9885], [78.1558, 29.9547], [78.14, 29.9661], [78.1215, 30.0059], [78.0824, 30.0225], [78.0844, 30.0357], [78.0609, 30.0485], [78.059, 30.0803], [78.0235, 30.1153], [77.9943, 30.1774], [77.9438, 30.2364], [77.9464, 30.2468], [77.9254, 30.2487], [77.874, 30.2742], [77.8579, 30.2724], [77.7108, 30.3388], [77.6733, 30.3857], [77.6641, 30.384], [77.6342, 30.4109], [77.6221, 30.4048], [77.5775, 30.4125], [77.5631, 30.4045], [77.5629, 30.4171], [77.5811, 30.4303], [77.6305, 30.4362], [77.6402, 30.4524], [77.6791, 30.4517], [77.7112, 30.4773], [77.8006, 30.5132], [77.8122, 30.538], [77.8059, 30.5607], [77.7618, 30.563], [77.7295, 30.5984], [77.7348, 30.6082], [77.7544, 30.6007], [77.7566, 30.6203], [77.782, 30.6194], [77.7713, 30.6285], [77.7755, 30.6375], [77.7683, 30.6515], [77.7791, 30.6638], [77.7334, 30.6858], [77.7411, 30.7107], [77.7203, 30.7382], [77.6916, 30.7483], [77.6883, 30.7687], [77.7444, 30.8299], [77.7315, 30.8508], [77.7445, 30.8812], [77.7545, 30.8824], [77.7652, 30.8652], [77.7894, 30.8585], [77.7844, 30.8884], [77.8008, 30.9127], [77.791, 30.9261], [77.8015, 30.9391], [77.827, 30.9385], [77.8505, 30.9598], [77.8609, 30.9484], [77.8946, 30.9587], [77.9144, 30.9742], [77.9565, 30.9799], [77.9583, 30.9784]]]}}, {"type": "Feature", "id": "nainital", "properties": {"districtId": "nainital", "districtName": "Nainital", "state": "Uttarakhand", "subdivision": "Uttarakhand", "elevation": 2084, "terrain": "Himalayan", "centroidLat": 29.3919, "centroidLng": 79.4542, "matchedGeoName": "Naini Tal", "matchedGeoState": "Uttaranchal"}, "geometry": {"type": "Polygon", "coordinates": [[[79.3412, 29.6072], [79.3413, 29.5997], [79.3663, 29.5935], [79.436, 29.5259], [79.4657, 29.5132], [79.4664, 29.5002], [79.5021, 29.5145], [79.5173, 29.5516], [79.5364, 29.5554], [79.5362, 29.5449], [79.5454, 29.5442], [79.6024, 29.5603], [79.6227, 29.5476], [79.6332, 29.5521], [79.6507, 29.5462], [79.6656, 29.5331], [79.6717, 29.5222], [79.6673, 29.5026], [79.6783, 29.4794], [79.7059, 29.4636], [79.7194, 29.4673], [79.7215, 29.4405], [79.7511, 29.4401], [79.7641, 29.4558], [79.816, 29.4329], [79.8444, 29.4389], [79.8216, 29.4066], [79.8447, 29.3858], [79.8453, 29.376], [79.8792, 29.3742], [79.889, 29.3594], [79.8586, 29.3506], [79.8456, 29.3196], [79.8192, 29.3304], [79.8201, 29.3429], [79.8083, 29.3475], [79.7863, 29.3409], [79.8056, 29.3138], [79.8034, 29.2814], [79.8154, 29.2728], [79.8473, 29.2792], [79.8561, 29.2661], [79.8897, 29.2553], [79.9128, 29.2148], [79.8927, 29.1999], [79.8898, 29.1845], [79.8676, 29.1755], [79.8677, 29.1622], [79.904, 29.1311], [79.9113, 29.1365], [79.9372, 29.1319], [79.9679, 29.1188], [79.949, 29.0958], [79.9475, 29.0707], [79.9596, 29.058], [79.9554, 29.0523], [79.9247, 29.0444], [79.8909, 29.0159], [79.8611, 29.0065], [79.8505, 28.9881], [79.842, 29.0222], [79.8218, 29.0033], [79.8007, 29.0035], [79.7878, 28.994], [79.7824, 29.0009], [79.7928, 29.0114], [79.7881, 29.0195], [79.7617, 29.0203], [79.7535, 29.0314], [79.7378, 29.0209], [79.7024, 29.0261], [79.6771, 29.0544], [79.6406, 29.0704], [79.6162, 29.0548], [79.4074, 29.054], [79.2523, 29.1824], [79.2351, 29.1894], [79.2383, 29.2158], [79.2684, 29.2437], [79.1216, 29.2762], [79.1171, 29.3082], [78.995, 29.3446], [78.9509, 29.376], [78.9134, 29.3573], [78.8358, 29.3723], [78.8325, 29.3813], [78.8702, 29.3924], [78.8965, 29.4236], [78.9004, 29.4467], [78.9229, 29.4562], [78.8979, 29.4608], [78.9266, 29.4777], [78.9512, 29.5426], [78.9875, 29.5549], [78.9963, 29.5895], [79.0678, 29.5838], [79.0983, 29.5644], [79.0995, 29.5536], [79.1307, 29.5566], [79.1424, 29.5409], [79.2106, 29.5273], [79.2959, 29.605], [79.3229, 29.6149], [79.3379, 29.6102], [79.3412, 29.6072]]]}}, {"type": "Feature", "id": "srinagar", "properties": {"districtId": "srinagar", "districtName": "Srinagar", "state": "Jammu & Kashmir", "subdivision": "Jammu & Kashmir and Ladakh", "elevation": 1585, "terrain": "Himalayan", "centroidLat": 34.0837, "centroidLng": 74.7973, "matchedGeoName": "Srinagar", "matchedGeoState": "Jammu and Kashmir"}, "geometry": {"type": "Polygon", "coordinates": [[[75.4775, 34.3738], [75.4156, 34.3239], [75.4041, 34.2808], [75.384, 34.255], [75.3064, 34.2205], [75.2834, 34.1975], [75.2518, 34.1487], [75.2605, 34.1343], [75.2576, 34.0884], [75.2426, 34.0477], [75.1513, 34.0367], [75.0565, 34.0539], [74.9967, 34.0425], [74.8137, 34.2188], [74.787, 34.2698], [74.799, 34.3064], [74.7957, 34.3402], [74.8069, 34.3499], [74.837, 34.3533], [74.9332, 34.3341], [75.0, 34.369], [75.0253, 34.3741], [75.0416, 34.3863], [75.0527, 34.4578], [75.0738, 34.4664], [75.1061, 34.4644], [75.1511, 34.4456], [75.2199, 34.3919], [75.2824, 34.3617], [75.3046, 34.3578], [75.3285, 34.3898], [75.3528, 34.3953], [75.4252, 34.3724], [75.4729, 34.3797], [75.4775, 34.3738]]]}}, {"type": "Feature", "id": "cuttack", "properties": {"districtId": "cuttack", "districtName": "Cuttack", "state": "Odisha", "subdivision": "Odisha", "elevation": 36, "terrain": "Plains", "centroidLat": 20.4625, "centroidLng": 85.8828, "matchedGeoName": "Cuttack", "matchedGeoState": "Orissa"}, "geometry": {"type": "Polygon", "coordinates": [[[85.9613, 20.6604], [85.9759, 20.658], [85.9875, 20.6373], [86.0015, 20.6332], [86.0057, 20.6178], [86.0419, 20.5926], [86.0431, 20.5831], [86.0772, 20.5916], [86.0874, 20.6112], [86.1144, 20.6107], [86.1439, 20.6367], [86.1626, 20.6438], [86.1706, 20.6381], [86.1761, 20.6523], [86.1823, 20.6437], [86.1874, 20.6497], [86.191, 20.6392], [86.1643, 20.6304], [86.1794, 20.6292], [86.1839, 20.6171], [86.2048, 20.6265], [86.2089, 20.6109], [86.2495, 20.6006], [86.2574, 20.5823], [86.2785, 20.5772], [86.2725, 20.5604], [86.2548, 20.556], [86.2679, 20.5525], [86.2476, 20.5315], [86.2487, 20.5234], [86.2724, 20.5104], [86.2673, 20.5021], [86.2743, 20.4885], [86.2631, 20.4724], [86.2699, 20.4472], [86.263, 20.4439], [86.2735, 20.4389], [86.2654, 20.4344], [86.2748, 20.4144], [86.2663, 20.3913], [86.2757, 20.3902], [86.2481, 20.371], [86.2495, 20.3593], [86.1966, 20.356], [86.17, 20.3705], [86.1315, 20.3498], [86.0818, 20.3601], [86.0498, 20.3843], [86.0221, 20.3942], [86.0095, 20.3741], [86.0303, 20.3329], [86.0272, 20.2896], [86.0473, 20.2674], [86.0639, 20.2643], [86.0737, 20.2382], [86.1239, 20.2147], [86.1459, 20.2146], [86.1502, 20.2037], [86.1367, 20.1898], [86.1482, 20.1745], [86.1398, 20.1604], [86.1472, 20.1541], [86.1413, 20.1384], [86.155, 20.1272], [86.1615, 20.1042], [86.1519, 20.0863], [86.1839, 20.0457], [86.1659, 20.0414], [86.1652, 20.0332], [86.1166, 20.0344], [86.1228, 20.0524], [86.0979, 20.0597], [86.0846, 20.0522], [86.0764, 20.061], [86.0717, 20.0746], [86.0862, 20.084], [86.0796, 20.0967], [86.062, 20.1176], [86.0341, 20.1276], [86.0306, 20.1358], [86.0432, 20.1355], [86.0492, 20.1576], [86.0373, 20.1726], [86.0221, 20.1633], [86.0247, 20.1775], [86.016, 20.1789], [86.0021, 20.2167], [85.9552, 20.2448], [85.946, 20.2609], [85.9283, 20.2654], [85.9317, 20.2798], [85.9087, 20.3099], [85.9152, 20.3163], [85.926, 20.3044], [85.9232, 20.3212], [85.9109, 20.3385], [85.8961, 20.344], [85.8947, 20.3605], [85.8646, 20.3286], [85.8864, 20.3053], [85.8788, 20.2798], [85.7966, 20.3137], [85.7933, 20.3294], [85.8139, 20.3603], [85.8127, 20.3813], [85.825, 20.3969], [85.8017, 20.4268], [85.7889, 20.4195], [85.7815, 20.4259], [85.7815, 20.4026], [85.7677, 20.3962], [85.7619, 20.4052], [85.7541, 20.3973], [85.7268, 20.4021], [85.7099, 20.3924], [85.673, 20.3172], [85.6571, 20.3243], [85.6417, 20.3182], [85.6207, 20.2849], [85.5611, 20.2938], [85.547, 20.3061], [85.5445, 20.2955], [85.5191, 20.2966], [85.5169, 20.2863], [85.4553, 20.2875], [85.4485, 20.2595], [85.4157, 20.2652], [85.4021, 20.2491], [85.3925, 20.2525], [85.3895, 20.2703], [85.3767, 20.2787], [85.3651, 20.2688], [85.3308, 20.2652], [85.3296, 20.2752], [85.3394, 20.2772], [85.3499, 20.2949], [85.3487, 20.3287], [85.3678, 20.3437], [85.3651, 20.3595], [85.3358, 20.3506], [85.2719, 20.351], [85.1957, 20.3714], [85.1541, 20.3716], [85.1117, 20.3996], [85.0458, 20.4216], [84.9391, 20.486], [84.8783, 20.4929], [84.845, 20.5221], [84.8616, 20.5306], [84.8916, 20.5742], [84.9448, 20.5746], [84.98, 20.5609], [84.9859, 20.5765], [85.0207, 20.5812], [85.0608, 20.5708], [85.071, 20.575], [85.0869, 20.6047], [85.1232, 20.6091], [85.1542, 20.6021], [85.2031, 20.5687], [85.1943, 20.5611], [85.2068, 20.5415], [85.2462, 20.5117], [85.2766, 20.5024], [85.2868, 20.509], [85.3407, 20.4901], [85.3801, 20.4921], [85.3968, 20.4795], [85.4043, 20.4839], [85.4007, 20.5035], [85.4521, 20.4786], [85.4773, 20.5008], [85.4795, 20.514], [85.5058, 20.5289], [85.5836, 20.5055], [85.5939, 20.5295], [85.653, 20.5433], [85.6833, 20.5868], [85.7049, 20.5984], [85.7099, 20.6071], [85.7031, 20.6203], [85.7066, 20.6144], [85.7239, 20.6388], [85.7518, 20.6284], [85.7495, 20.6383], [85.7567, 20.6357], [85.7614, 20.6538], [85.777, 20.6553], [85.7863, 20.6661], [85.8036, 20.6537], [85.8606, 20.6611], [85.8786, 20.6514], [85.9046, 20.6764], [85.9063, 20.6915], [85.9163, 20.693], [85.9526, 20.6773], [85.9599, 20.6664], [85.9613, 20.6604]]]}}, {"type": "Feature", "id": "khordha", "properties": {"districtId": "khordha", "districtName": "Khordha (Bhubaneswar)", "state": "Odisha", "subdivision": "Odisha", "elevation": 45, "terrain": "Plains", "centroidLat": 20.2961, "centroidLng": 85.8245, "matchedGeoName": "Khordha", "matchedGeoState": "Orissa"}, "geometry": {"type": "Polygon", "coordinates": [[[85.8049, 20.4205], [85.825, 20.3969], [85.8127, 20.3813], [85.8139, 20.3603], [85.7933, 20.3294], [85.7966, 20.3137], [85.8788, 20.2798], [85.8864, 20.3053], [85.8646, 20.3286], [85.8947, 20.3605], [85.8961, 20.344], [85.9109, 20.3385], [85.9232, 20.3212], [85.926, 20.3044], [85.9152, 20.3163], [85.9087, 20.3099], [85.9317, 20.2798], [85.9283, 20.2654], [85.946, 20.2609], [85.9552, 20.2448], [86.0021, 20.2167], [86.016, 20.1789], [86.0247, 20.1775], [86.0221, 20.1633], [86.0373, 20.1726], [86.0492, 20.1576], [86.0432, 20.1355], [86.0306, 20.1358], [86.0341, 20.1276], [86.062, 20.1176], [86.077, 20.0987], [86.0152, 20.0939], [86.0021, 20.1086], [85.9896, 20.0991], [85.9547, 20.1127], [85.9494, 20.104], [85.9457, 20.1119], [85.9216, 20.1064], [85.8989, 20.1205], [85.8942, 20.105], [85.8798, 20.1024], [85.8697, 20.1148], [85.8964, 20.1372], [85.8836, 20.169], [85.8479, 20.1862], [85.8504, 20.1681], [85.8396, 20.1673], [85.8346, 20.1884], [85.8213, 20.151], [85.8007, 20.1509], [85.7942, 20.143], [85.7774, 20.1495], [85.7778, 20.1591], [85.7596, 20.1592], [85.7573, 20.1445], [85.7273, 20.1439], [85.7167, 20.1221], [85.7142, 20.1346], [85.6882, 20.1444], [85.6719, 20.1155], [85.6714, 20.1046], [85.6865, 20.0876], [85.6716, 20.0793], [85.6742, 20.064], [85.6475, 20.058], [85.6464, 20.0888], [85.6274, 20.0925], [85.6403, 20.0753], [85.6145, 20.0512], [85.6113, 20.0344], [85.6252, 20.017], [85.6117, 19.9836], [85.6053, 19.9929], [85.6115, 20.0104], [85.6031, 20.0092], [85.5887, 19.9872], [85.5668, 20.0162], [85.5579, 19.9991], [85.5637, 19.9688], [85.5585, 19.9729], [85.5542, 19.966], [85.5635, 19.961], [85.5592, 19.9417], [85.5491, 19.9449], [85.5487, 19.9536], [85.5415, 19.9483], [85.5283, 19.9592], [85.5255, 19.9696], [85.4963, 19.9378], [85.5136, 19.9342], [85.5042, 19.918], [85.5167, 19.9217], [85.5226, 19.9334], [85.53, 19.9201], [85.5608, 19.909], [85.5586, 19.8467], [85.5464, 19.8511], [85.5552, 19.8654], [85.5222, 19.8802], [85.4778, 19.8762], [85.4695, 19.8837], [85.4435, 19.8785], [85.4222, 19.8857], [85.4005, 19.8779], [85.3785, 19.8376], [85.3379, 19.8201], [85.3345, 19.8025], [85.3217, 19.793], [85.2485, 19.7757], [85.2504, 19.7633], [85.2356, 19.7528], [85.2354, 19.7333], [85.2228, 19.7419], [85.2133, 19.7377], [85.2036, 19.7181], [85.1882, 19.7086], [85.1847, 19.6931], [85.1995, 19.6762], [85.1779, 19.6674], [85.1555, 19.6883], [85.122, 19.7411], [85.0812, 19.7589], [85.0707, 19.7837], [85.0376, 19.7986], [85.003, 19.7949], [84.9777, 19.8166], [84.9657, 19.8453], [84.9296, 19.865], [84.9338, 19.8896], [84.969, 19.8974], [85.0223, 19.8958], [85.0919, 19.923], [85.1215, 19.9258], [85.1609, 19.8969], [85.2039, 19.9042], [85.239, 19.8978], [85.2652, 19.9094], [85.2712, 19.905], [85.3256, 19.918], [85.3573, 19.9506], [85.3782, 19.9424], [85.3787, 19.9324], [85.3913, 19.9314], [85.3975, 19.9219], [85.4153, 19.9192], [85.451, 19.9655], [85.4346, 19.9867], [85.4106, 19.9874], [85.4289, 20.0195], [85.4111, 20.0195], [85.4088, 20.0131], [85.4059, 20.0259], [85.3907, 20.0289], [85.3747, 20.0641], [85.3747, 20.0768], [85.3936, 20.0845], [85.4083, 20.1202], [85.3936, 20.1325], [85.3862, 20.1282], [85.3784, 20.1486], [85.3691, 20.1382], [85.35, 20.1379], [85.3641, 20.1706], [85.3455, 20.1811], [85.3063, 20.1593], [85.306, 20.1469], [85.2648, 20.1392], [85.2347, 20.1073], [85.2113, 20.121], [85.2095, 20.1376], [85.1994, 20.1475], [85.2082, 20.1576], [85.1979, 20.1651], [85.1952, 20.1831], [85.2098, 20.2065], [85.2205, 20.2161], [85.2382, 20.201], [85.2503, 20.2075], [85.25, 20.2194], [85.3178, 20.2238], [85.3228, 20.2382], [85.3368, 20.244], [85.3211, 20.2468], [85.3288, 20.2734], [85.3308, 20.2652], [85.3436, 20.2652], [85.3767, 20.2787], [85.3895, 20.2703], [85.3925, 20.2525], [85.4021, 20.2491], [85.4157, 20.2652], [85.4485, 20.2595], [85.4553, 20.2875], [85.5169, 20.2863], [85.5191, 20.2966], [85.5445, 20.2955], [85.547, 20.3061], [85.5611, 20.2938], [85.6207, 20.2849], [85.6417, 20.3182], [85.6571, 20.3243], [85.673, 20.3172], [85.7099, 20.3924], [85.7268, 20.4021], [85.7541, 20.3973], [85.7619, 20.4052], [85.7677, 20.3962], [85.7815, 20.4026], [85.7815, 20.4259], [85.7889, 20.4195], [85.8017, 20.4268], [85.8049, 20.4205]]]}}, {"type": "Feature", "id": "puri", "properties": {"districtId": "puri", "districtName": "Puri", "state": "Odisha", "subdivision": "Odisha", "elevation": 10, "terrain": "Coastal", "centroidLat": 19.8135, "centroidLng": 85.8312, "matchedGeoName": "Puri", "matchedGeoState": "Orissa"}, "geometry": {"type": "MultiPolygon", "coordinates": [[[[86.2406, 19.9094], [86.2403, 19.9092], [86.2399, 19.9092], [86.2406, 19.9094]]], [[[86.3725, 19.9544], [86.3551, 19.9499], [86.3725, 19.9547], [86.3725, 19.9544]]], [[[86.3211, 19.9881], [86.3186, 19.995], [86.3214, 19.9884], [86.3211, 19.9881]]], [[[86.3214, 19.9989], [86.3214, 19.9978], [86.3217, 19.9975], [86.3214, 19.9989]]], [[[86.3214, 20.01], [86.3211, 20.01], [86.3208, 20.0103], [86.3214, 20.01]]], [[[86.3104, 20.0162], [86.3106, 20.0161], [86.3114, 20.0161], [86.3104, 20.0162]]], [[[86.2531, 20.0253], [86.2533, 20.025], [86.2544, 20.025], [86.2531, 20.0253]]], [[[86.2725, 20.0244], [86.2647, 20.0222], [86.2725, 20.0247], [86.2725, 20.0244]]], [[[86.2658, 20.0336], [86.2661, 20.0333], [86.2664, 20.0333], [86.2658, 20.0336]]], [[[86.2768, 20.0474], [86.268, 20.0364], [86.2881, 20.0286], [86.2669, 20.0353], [86.2457, 20.029], [86.2503, 20.0441], [86.2734, 20.0493], [86.2768, 20.0474]]], [[[85.8346, 20.1884], [85.8396, 20.1673], [85.8504, 20.1681], [85.8479, 20.1862], [85.8836, 20.169], [85.8964, 20.1372], [85.8697, 20.1148], [85.8798, 20.1024], [85.8942, 20.105], [85.8989, 20.1205], [85.9216, 20.1064], [85.9457, 20.1119], [85.9494, 20.104], [85.9547, 20.1127], [85.9896, 20.0991], [86.0021, 20.1086], [86.0152, 20.0939], [86.0678, 20.1021], [86.0862, 20.084], [86.0717, 20.0746], [86.0764, 20.061], [86.0846, 20.0522], [86.0979, 20.0597], [86.1228, 20.0524], [86.1166, 20.0344], [86.1652, 20.0332], [86.1718, 20.044], [86.1945, 20.0457], [86.2043, 20.0319], [86.2288, 20.035], [86.2554, 20.0184], [86.2934, 20.025], [86.3219, 19.9844], [86.3027, 19.9835], [86.3239, 19.9836], [86.341, 19.9724], [86.3175, 19.9492], [86.3424, 19.9695], [86.3656, 19.9552], [86.2938, 19.9346], [86.2474, 19.9112], [86.2416, 19.9221], [86.2278, 19.9036], [86.2225, 19.9256], [86.225, 19.9175], [86.208, 19.9047], [86.2172, 19.9117], [86.228, 19.9009], [86.1317, 19.8697], [86.0475, 19.8517], [86.035, 19.8553], [86.0237, 19.8442], [86.0341, 19.8539], [86.0451, 19.8469], [85.9258, 19.8231], [85.9103, 19.8206], [85.905, 19.8322], [85.9081, 19.8179], [85.7799, 19.785], [85.7764, 19.7775], [85.6636, 19.7392], [85.6597, 19.7317], [85.3856, 19.6061], [85.2864, 19.5481], [85.1661, 19.4622], [85.1435, 19.4895], [85.1196, 19.4642], [85.1219, 19.4964], [85.1108, 19.5074], [85.0968, 19.4898], [85.0869, 19.4983], [85.089, 19.5157], [85.1189, 19.5546], [85.1512, 19.5546], [85.1195, 19.5804], [85.1198, 19.5888], [85.1365, 19.6111], [85.1687, 19.6222], [85.1596, 19.6325], [85.162, 19.6576], [85.1995, 19.6762], [85.1847, 19.6931], [85.1882, 19.7086], [85.2036, 19.7181], [85.2133, 19.7377], [85.2228, 19.7419], [85.2354, 19.7333], [85.2356, 19.7528], [85.2504, 19.7633], [85.2485, 19.7757], [85.3217, 19.793], [85.3345, 19.8025], [85.3379, 19.8201], [85.3785, 19.8376], [85.4005, 19.8779], [85.4222, 19.8857], [85.4435, 19.8785], [85.4695, 19.8837], [85.4778, 19.8762], [85.5294, 19.8785], [85.5552, 19.8654], [85.5464, 19.8511], [85.5586, 19.8467], [85.5608, 19.909], [85.53, 19.9201], [85.5226, 19.9334], [85.5167, 19.9217], [85.5042, 19.918], [85.5136, 19.9342], [85.4963, 19.9378], [85.5093, 19.9469], [85.5136, 19.9614], [85.5255, 19.9696], [85.5283, 19.9592], [85.5415, 19.9483], [85.5487, 19.9536], [85.5491, 19.9449], [85.5592, 19.9417], [85.5635, 19.961], [85.5542, 19.966], [85.5585, 19.9729], [85.5637, 19.9688], [85.5579, 19.9991], [85.5668, 20.0162], [85.5887, 19.9872], [85.6031, 20.0092], [85.6115, 20.0104], [85.6053, 19.9929], [85.6117, 19.9836], [85.6252, 20.017], [85.6113, 20.0344], [85.6145, 20.0512], [85.6403, 20.0753], [85.6274, 20.0925], [85.6464, 20.0888], [85.6475, 20.058], [85.6742, 20.064], [85.6716, 20.0793], [85.6865, 20.0876], [85.6714, 20.1046], [85.6835, 20.1416], [85.7142, 20.1346], [85.7167, 20.1221], [85.7273, 20.1439], [85.7573, 20.1445], [85.7596, 20.1592], [85.7778, 20.1591], [85.7774, 20.1495], [85.7942, 20.143], [85.8007, 20.1509], [85.8213, 20.151], [85.8301, 20.1806], [85.8346, 20.1884]]]]}}, {"type": "Feature", "id": "kolkata", "properties": {"districtId": "kolkata", "districtName": "Kolkata", "state": "West Bengal", "subdivision": "Gangetic West Bengal", "elevation": 9, "terrain": "Coastal", "centroidLat": 22.5726, "centroidLng": 88.3639, "matchedGeoName": "Kolkata", "matchedGeoState": "West Bengal"}, "geometry": {"type": "Polygon", "coordinates": [[[88.4073, 22.5565], [88.398, 22.5538], [88.3798, 22.5236], [88.3716, 22.5229], [88.3644, 22.4952], [88.2881, 22.5141], [88.2816, 22.5431], [88.2707, 22.5518], [88.3082, 22.5446], [88.3289, 22.5521], [88.3523, 22.5967], [88.3645, 22.6049], [88.3597, 22.6297], [88.3906, 22.6247], [88.3919, 22.5908], [88.4038, 22.5623], [88.4073, 22.5565]]]}}, {"type": "Feature", "id": "darjeeling", "properties": {"districtId": "darjeeling", "districtName": "Darjeeling", "state": "West Bengal", "subdivision": "Sub-Himalayan West Bengal", "elevation": 2045, "terrain": "Himalayan", "centroidLat": 27.041, "centroidLng": 88.2663, "matchedGeoName": "Darjiling", "matchedGeoState": "West Bengal"}, "geometry": {"type": "Polygon", "coordinates": [[[88.1269, 27.1231], [88.1523, 27.1117], [88.179, 27.1347], [88.2138, 27.1351], [88.2325, 27.1198], [88.2774, 27.1312], [88.3045, 27.1286], [88.3188, 27.1193], [88.3238, 27.1049], [88.3408, 27.1107], [88.3523, 27.1011], [88.3875, 27.0984], [88.4319, 27.0816], [88.4545, 27.0896], [88.4738, 27.1207], [88.4956, 27.1254], [88.5299, 27.1502], [88.5208, 27.1782], [88.5915, 27.1945], [88.619, 27.1879], [88.6388, 27.1677], [88.6565, 27.1624], [88.6735, 27.1766], [88.6915, 27.1787], [88.7118, 27.1651], [88.7245, 27.1385], [88.7517, 27.1482], [88.7663, 27.1387], [88.8, 27.1368], [88.8261, 27.1177], [88.8689, 27.1094], [88.8727, 27.0922], [88.8787, 27.0384], [88.8705, 27.0108], [88.8722, 26.9646], [88.8551, 26.9647], [88.8116, 26.9902], [88.7916, 26.9898], [88.78, 26.9738], [88.7568, 26.9641], [88.7609, 26.9245], [88.6623, 26.9263], [88.669, 26.946], [88.6587, 26.9607], [88.6356, 26.9324], [88.6315, 26.9038], [88.6163, 26.9017], [88.6041, 26.8792], [88.5706, 26.8886], [88.5073, 26.8621], [88.4773, 26.8756], [88.4919, 26.8535], [88.4415, 26.8352], [88.4305, 26.8168], [88.4365, 26.8099], [88.4289, 26.8119], [88.4405, 26.7841], [88.4345, 26.7824], [88.4313, 26.7535], [88.4239, 26.7552], [88.4225, 26.7246], [88.4442, 26.7091], [88.4458, 26.7002], [88.4351, 26.6937], [88.4111, 26.6987], [88.3903, 26.6801], [88.4096, 26.6326], [88.3888, 26.6109], [88.3992, 26.6017], [88.3775, 26.5935], [88.3731, 26.5606], [88.3614, 26.548], [88.3526, 26.512], [88.3372, 26.4971], [88.2918, 26.4898], [88.2813, 26.4772], [88.2647, 26.4859], [88.229, 26.4472], [88.2153, 26.4657], [88.2262, 26.4763], [88.1938, 26.472], [88.1916, 26.4831], [88.179, 26.4906], [88.2334, 26.5324], [88.2312, 26.552], [88.2154, 26.5573], [88.2208, 26.5463], [88.2097, 26.5407], [88.2146, 26.5356], [88.1905, 26.5443], [88.1824, 26.5429], [88.1787, 26.5309], [88.1683, 26.5374], [88.1654, 26.5216], [88.1454, 26.511], [88.1322, 26.5126], [88.105, 26.5358], [88.1141, 26.5448], [88.108, 26.5606], [88.1159, 26.5579], [88.1159, 26.5723], [88.1327, 26.5733], [88.1325, 26.601], [88.1418, 26.6065], [88.1446, 26.6255], [88.163, 26.6363], [88.17, 26.6989], [88.189, 26.7382], [88.1905, 26.7714], [88.1768, 26.8331], [88.1702, 26.8371], [88.1761, 26.8652], [88.1389, 26.8984], [88.1486, 26.9204], [88.123, 26.9501], [88.1375, 26.9853], [88.1177, 26.9885], [88.095, 27.004], [88.0796, 27.0351], [88.0622, 27.0287], [88.0403, 27.0363], [88.019, 27.0732], [88.0237, 27.0874], [87.9942, 27.1052], [87.9901, 27.119], [88.022, 27.1707], [88.0156, 27.1782], [88.0151, 27.2165], [88.0329, 27.221], [88.075, 27.2008], [88.0675, 27.1903], [88.0833, 27.165], [88.0858, 27.1415], [88.1233, 27.1238], [88.1269, 27.1231]]]}}, {"type": "Feature", "id": "patna", "properties": {"districtId": "patna", "districtName": "Patna", "state": "Bihar", "subdivision": "Bihar", "elevation": 53, "terrain": "Plains", "centroidLat": 25.5941, "centroidLng": 85.1376, "matchedGeoName": "Patna", "matchedGeoState": "Bihar"}, "geometry": {"type": "Polygon", "coordinates": [[[84.9991, 25.7328], [85.0227, 25.7328], [85.08, 25.7124], [85.1026, 25.659], [85.1256, 25.6315], [85.187, 25.625], [85.2365, 25.6023], [85.2991, 25.5201], [85.3115, 25.5139], [85.3924, 25.5074], [85.4225, 25.4972], [85.43, 25.5155], [85.452, 25.5025], [85.4889, 25.4952], [85.4985, 25.4853], [85.5087, 25.5044], [85.5312, 25.5062], [85.5323, 25.4895], [85.5931, 25.4934], [85.6048, 25.4887], [85.5849, 25.4795], [85.6318, 25.464], [85.6422, 25.4664], [85.6342, 25.5026], [85.6488, 25.5036], [85.6488, 25.4941], [85.6708, 25.4976], [85.6751, 25.4797], [85.7047, 25.5063], [85.712, 25.5262], [85.7226, 25.5222], [85.7487, 25.5446], [85.7975, 25.5475], [85.8262, 25.5299], [85.8312, 25.5189], [85.8787, 25.5024], [85.8971, 25.4623], [85.8874, 25.4612], [85.8731, 25.4761], [85.8688, 25.4691], [85.8654, 25.4418], [85.8803, 25.4234], [85.8923, 25.424], [85.8983, 25.4331], [85.9297, 25.4119], [85.9486, 25.4155], [86.0052, 25.3735], [86.0119, 25.3584], [86.0279, 25.3604], [86.0321, 25.3884], [86.0447, 25.3911], [86.0602, 25.3366], [86.0492, 25.3349], [86.047, 25.3408], [86.0332, 25.3333], [86.022, 25.2933], [85.9835, 25.3133], [85.9359, 25.3241], [85.9251, 25.3235], [85.923, 25.3028], [85.8983, 25.2939], [85.8878, 25.2977], [85.8737, 25.2803], [85.8585, 25.2834], [85.8563, 25.2973], [85.8036, 25.292], [85.7996, 25.3092], [85.7405, 25.3221], [85.709, 25.3652], [85.708, 25.3561], [85.6995, 25.3628], [85.6973, 25.3534], [85.6845, 25.3551], [85.6814, 25.3466], [85.6531, 25.337], [85.6533, 25.3171], [85.6464, 25.3129], [85.6232, 25.325], [85.6247, 25.3344], [85.6433, 25.3405], [85.6361, 25.3524], [85.6287, 25.3485], [85.632, 25.365], [85.6211, 25.3816], [85.5923, 25.392], [85.5901, 25.3824], [85.5834, 25.3854], [85.5698, 25.4005], [85.5711, 25.4251], [85.5519, 25.4183], [85.5531, 25.4255], [85.4908, 25.4293], [85.4836, 25.4482], [85.4647, 25.4417], [85.3986, 25.4617], [85.3951, 25.4345], [85.3677, 25.4282], [85.3562, 25.4009], [85.3408, 25.4129], [85.3263, 25.4032], [85.3023, 25.4074], [85.2999, 25.3962], [85.2897, 25.3921], [85.2744, 25.4051], [85.2721, 25.3983], [85.2527, 25.3988], [85.2437, 25.4153], [85.2319, 25.4042], [85.2102, 25.4166], [85.1809, 25.403], [85.1751, 25.3891], [85.1851, 25.3824], [85.187, 25.3498], [85.1737, 25.3096], [85.1604, 25.3059], [85.1246, 25.3167], [85.122, 25.3021], [85.1107, 25.2934], [85.1198, 25.2797], [85.1142, 25.2732], [85.1058, 25.2734], [85.0946, 25.2893], [85.0785, 25.2756], [85.0622, 25.2901], [85.0176, 25.2675], [85.013, 25.2736], [85.0234, 25.2864], [85.0085, 25.295], [85.0072, 25.3184], [84.9859, 25.3214], [84.9729, 25.308], [84.9714, 25.2917], [84.9628, 25.2966], [84.9551, 25.2879], [84.9406, 25.2899], [84.9296, 25.2689], [84.9151, 25.278], [84.9172, 25.2931], [84.8987, 25.2904], [84.881, 25.2704], [84.8819, 25.2554], [84.8667, 25.2487], [84.8595, 25.217], [84.8296, 25.2345], [84.8021, 25.2161], [84.7658, 25.2229], [84.7213, 25.2026], [84.7127, 25.215], [84.7415, 25.2365], [84.7618, 25.2306], [84.7783, 25.2378], [84.7804, 25.2539], [84.7349, 25.2688], [84.7276, 25.253], [84.7082, 25.2618], [84.6869, 25.2551], [84.6793, 25.2666], [84.6973, 25.2733], [84.7009, 25.2842], [84.7155, 25.2856], [84.717, 25.2943], [84.7033, 25.3006], [84.6972, 25.3165], [84.7177, 25.3358], [84.7702, 25.4481], [84.748, 25.4922], [84.7516, 25.5116], [84.7628, 25.5385], [84.8109, 25.5763], [84.8115, 25.6081], [84.8244, 25.6219], [84.8149, 25.6202], [84.8153, 25.6341], [84.835, 25.657], [84.8172, 25.6718], [84.8422, 25.6794], [84.8519, 25.7087], [84.8649, 25.7184], [84.8754, 25.7129], [84.8985, 25.7189], [84.9003, 25.7099], [84.9332, 25.7011], [84.9349, 25.7069], [84.9611, 25.7091], [84.9668, 25.7217], [84.9958, 25.7322], [84.9991, 25.7328]]]}}, {"type": "Feature", "id": "ranchi", "properties": {"districtId": "ranchi", "districtName": "Ranchi", "state": "Jharkhand", "subdivision": "Jharkhand", "elevation": 651, "terrain": "Plateau", "centroidLat": 23.3441, "centroidLng": 85.3096, "matchedGeoName": "Ranchi", "matchedGeoState": "Jharkhand"}, "geometry": {"type": "Polygon", "coordinates": [[[84.9827, 23.699], [84.9907, 23.6802], [85.0003, 23.6772], [85.0049, 23.6918], [85.0109, 23.6859], [85.0293, 23.6886], [85.0429, 23.7102], [85.0616, 23.7105], [85.0647, 23.6981], [85.0547, 23.6965], [85.0525, 23.6877], [85.071, 23.6677], [85.1007, 23.6628], [85.1513, 23.6733], [85.1589, 23.6653], [85.1821, 23.7087], [85.2185, 23.6991], [85.2192, 23.6845], [85.2309, 23.6816], [85.2183, 23.6739], [85.2153, 23.6538], [85.2072, 23.6541], [85.1976, 23.6321], [85.2076, 23.6181], [85.2297, 23.6183], [85.2376, 23.5949], [85.2617, 23.5789], [85.3143, 23.5684], [85.3334, 23.5572], [85.3593, 23.5604], [85.3793, 23.5487], [85.3849, 23.5603], [85.4461, 23.5479], [85.465, 23.556], [85.4662, 23.5699], [85.4819, 23.5613], [85.4772, 23.5525], [85.4877, 23.5419], [85.5044, 23.5397], [85.5086, 23.5527], [85.4992, 23.5686], [85.516, 23.5754], [85.5223, 23.5594], [85.5139, 23.5413], [85.5182, 23.5351], [85.5449, 23.5364], [85.6011, 23.4801], [85.6261, 23.467], [85.7128, 23.4393], [85.7251, 23.4512], [85.7305, 23.4464], [85.7525, 23.4582], [85.7924, 23.4475], [85.8167, 23.4505], [85.8399, 23.4188], [85.8609, 23.4282], [85.8629, 23.41], [85.8817, 23.4037], [85.8825, 23.3811], [85.8943, 23.3797], [85.8957, 23.3706], [85.8853, 23.3738], [85.8663, 23.3648], [85.878, 23.3237], [85.8608, 23.315], [85.8615, 23.3033], [85.8337, 23.2807], [85.8264, 23.2631], [85.8324, 23.1926], [85.8575, 23.1944], [85.8772, 23.173], [85.8773, 23.1587], [85.8892, 23.1518], [85.8668, 23.1428], [85.8644, 23.1236], [85.8538, 23.1275], [85.838, 23.1127], [85.8085, 23.0656], [85.793, 23.0567], [85.8017, 23.0506], [85.8209, 22.9938], [85.8422, 22.9842], [85.8476, 22.9419], [85.858, 22.9435], [85.8699, 22.9272], [85.8515, 22.8978], [85.8574, 22.8845], [85.8336, 22.887], [85.8308, 22.9022], [85.7957, 22.9076], [85.7569, 22.9307], [85.6984, 22.9414], [85.6767, 22.9322], [85.647, 22.9345], [85.6457, 22.9188], [85.6159, 22.9138], [85.6101, 22.93], [85.6009, 22.9332], [85.5748, 22.9031], [85.5773, 22.8957], [85.5974, 22.8929], [85.5742, 22.8634], [85.5557, 22.8588], [85.5538, 22.8781], [85.5352, 22.8634], [85.5278, 22.8659], [85.5222, 22.8421], [85.5087, 22.8263], [85.5106, 22.8059], [85.4984, 22.7979], [85.4517, 22.7991], [85.4261, 22.8328], [85.4143, 22.8291], [85.4018, 22.8413], [85.384, 22.8389], [85.3832, 22.8607], [85.3668, 22.8596], [85.3362, 22.8826], [85.3064, 22.8819], [85.2994, 22.8719], [85.2765, 22.8679], [85.2432, 22.8322], [85.2222, 22.8353], [85.1896, 22.8099], [85.1836, 22.8119], [85.188, 22.8214], [85.1558, 22.83], [85.1344, 22.7754], [85.134, 22.7491], [85.1407, 22.7424], [85.1233, 22.7334], [85.1255, 22.7141], [85.1165, 22.706], [85.1094, 22.6552], [85.0904, 22.6478], [85.0708, 22.614], [85.0907, 22.593], [85.0858, 22.5718], [85.0737, 22.5679], [85.0665, 22.5989], [85.0499, 22.6081], [85.046, 22.6314], [85.0553, 22.6608], [85.0371, 22.6779], [85.0524, 22.7323], [85.0418, 22.7499], [85.0251, 22.7513], [85.0042, 22.7677], [84.9993, 22.7821], [84.9724, 22.7828], [84.9784, 22.7971], [85.0008, 22.8012], [84.9961, 22.8371], [84.9813, 22.8668], [84.9845, 22.8936], [84.9754, 22.895], [84.984, 22.9198], [84.9947, 22.921], [85.0049, 22.9109], [85.0083, 22.9451], [84.9988, 22.9429], [84.9787, 22.9622], [84.9402, 22.9629], [84.9394, 23.0045], [84.9324, 23.0136], [84.9369, 23.0228], [84.9268, 23.0326], [84.923, 23.0254], [84.911, 23.0267], [84.8974, 23.0533], [84.8706, 23.0659], [84.8626, 23.0922], [84.8881, 23.097], [84.893, 23.1073], [84.8837, 23.1156], [84.8795, 23.1383], [84.8879, 23.1675], [84.9141, 23.1668], [84.9189, 23.1856], [84.9072, 23.1932], [84.9298, 23.201], [84.9452, 23.2234], [84.9071, 23.2422], [84.9085, 23.2532], [84.8927, 23.2595], [84.8956, 23.2838], [84.9196, 23.3094], [84.9042, 23.3253], [84.8912, 23.3186], [84.9004, 23.3415], [84.8977, 23.3628], [84.8776, 23.3742], [84.8879, 23.3847], [84.8795, 23.4008], [84.892, 23.4142], [84.8899, 23.4283], [84.9385, 23.4993], [84.932, 23.5175], [84.9094, 23.5252], [84.8795, 23.5564], [84.8897, 23.5576], [84.899, 23.5803], [84.9049, 23.5418], [84.9173, 23.5516], [84.9278, 23.5489], [84.9262, 23.5706], [84.9387, 23.6065], [84.9353, 23.6351], [84.9131, 23.6479], [84.9162, 23.6683], [84.9424, 23.7004], [84.9552, 23.6946], [84.957, 23.7128], [84.9808, 23.7025], [84.9827, 23.699]]]}}, {"type": "Feature", "id": "east khasi hills", "properties": {"districtId": "east khasi hills", "districtName": "East Khasi Hills (Cherrapunji/Sohra)", "state": "Meghalaya", "subdivision": "NMMT & Meghalaya", "elevation": 1484, "terrain": "Orographic/Ghats", "centroidLat": 25.2986, "centroidLng": 91.7324, "matchedGeoName": "East Khasi Hills", "matchedGeoState": "Meghalaya"}, "geometry": {"type": "Polygon", "coordinates": [[[91.8109, 25.6554], [91.8654, 25.6437], [91.8747, 25.6599], [91.8927, 25.6557], [91.9191, 25.6625], [91.9498, 25.6864], [91.972, 25.6557], [92.0504, 25.6412], [92.1067, 25.6472], [92.153, 25.6684], [92.157, 25.6488], [92.1346, 25.6423], [92.1407, 25.6271], [92.1225, 25.6047], [92.122, 25.5835], [92.1082, 25.5628], [92.115, 25.544], [92.0978, 25.4939], [92.1117, 25.4717], [92.0981, 25.452], [92.1144, 25.4119], [92.1038, 25.3966], [92.1134, 25.3802], [92.1142, 25.3389], [92.1218, 25.3303], [92.1106, 25.305], [92.0496, 25.3209], [92.0223, 25.3104], [91.9876, 25.2763], [91.9867, 25.2465], [92.0093, 25.2096], [92.023, 25.2029], [92.022, 25.1919], [91.9889, 25.1756], [91.9222, 25.1871], [91.8675, 25.1779], [91.8347, 25.1824], [91.7819, 25.1683], [91.7529, 25.1798], [91.744, 25.1512], [91.7073, 25.1588], [91.6958, 25.1391], [91.6445, 25.1227], [91.6283, 25.1283], [91.6259, 25.145], [91.6056, 25.1458], [91.6033, 25.16], [91.6174, 25.1759], [91.5803, 25.1728], [91.5792, 25.1606], [91.5589, 25.1493], [91.4784, 25.1339], [91.4702, 25.1348], [91.4712, 25.1501], [91.446, 25.1491], [91.4198, 25.1701], [91.3888, 25.1664], [91.3553, 25.2344], [91.3765, 25.244], [91.3864, 25.2398], [91.4036, 25.2639], [91.4238, 25.2622], [91.4393, 25.2733], [91.4799, 25.2638], [91.4969, 25.2837], [91.5337, 25.2768], [91.549, 25.2873], [91.5508, 25.3307], [91.5254, 25.3493], [91.5401, 25.3743], [91.5474, 25.4198], [91.5569, 25.4294], [91.5426, 25.5116], [91.6547, 25.5525], [91.6596, 25.5286], [91.6712, 25.5226], [91.6901, 25.5266], [91.7013, 25.5341], [91.6997, 25.5468], [91.7305, 25.564], [91.7342, 25.5758], [91.7821, 25.5904], [91.8009, 25.6103], [91.8, 25.6285], [91.8123, 25.654], [91.8109, 25.6554]]]}}, {"type": "Feature", "id": "kamrup metropolitan", "properties": {"districtId": "kamrup metropolitan", "districtName": "Kamrup Metropolitan (Guwahati)", "state": "Assam", "subdivision": "Assam & Meghalaya", "elevation": 55, "terrain": "Plains", "centroidLat": 26.1445, "centroidLng": 91.7362, "matchedGeoName": "Kamrup", "matchedGeoState": "Assam"}, "geometry": {"type": "Polygon", "coordinates": [[[91.9534, 26.255], [91.9594, 26.229], [91.9974, 26.2058], [92.024, 26.2019], [92.0321, 26.2091], [92.0436, 26.2008], [92.0461, 26.2148], [92.0815, 26.1871], [92.0921, 26.1893], [92.0816, 26.1791], [92.1086, 26.1726], [92.1296, 26.18], [92.1472, 26.1641], [92.1681, 26.1649], [92.1628, 26.1498], [92.1682, 26.0933], [92.1783, 26.0795], [92.1331, 26.0459], [92.0934, 26.0485], [92.0529, 26.0328], [91.9911, 26.041], [91.9782, 26.0259], [91.934, 26.0147], [91.9221, 25.9995], [91.917, 26.0215], [91.8832, 26.03], [91.8702, 26.0522], [91.8758, 26.0977], [91.8193, 26.1187], [91.7904, 26.087], [91.7785, 26.0912], [91.7595, 26.0713], [91.7313, 26.0592], [91.7232, 26.0303], [91.7202, 25.9541], [91.6693, 25.9054], [91.6515, 25.9077], [91.6112, 25.9399], [91.6301, 25.9446], [91.6379, 25.9648], [91.6247, 25.9859], [91.6322, 26.0224], [91.6203, 26.027], [91.5971, 26.0171], [91.5881, 26.0301], [91.5758, 26.0331], [91.5513, 25.9749], [91.5185, 25.9582], [91.5198, 25.9409], [91.5016, 25.9208], [91.5056, 25.9131], [91.5359, 25.934], [91.5313, 25.9237], [91.5085, 25.9098], [91.5033, 25.8922], [91.4885, 25.8948], [91.4759, 25.878], [91.4774, 25.8687], [91.5078, 25.8674], [91.5258, 25.8901], [91.5326, 25.8841], [91.5254, 25.8729], [91.4687, 25.859], [91.4444, 25.841], [91.4189, 25.8547], [91.3336, 25.8388], [91.2756, 25.7469], [91.2554, 25.7478], [91.2239, 25.7234], [91.192, 25.7296], [91.1892, 25.7635], [91.1799, 25.7763], [91.1899, 25.8208], [91.2026, 25.8405], [91.1965, 25.859], [91.179, 25.8428], [91.1529, 25.8501], [91.1208, 25.8313], [91.0814, 25.8293], [91.0633, 25.8204], [91.0499, 25.8289], [91.0729, 25.8383], [91.0785, 25.8526], [91.0491, 25.8488], [91.0208, 25.8226], [91.0008, 25.8223], [91.0131, 25.8572], [91.0265, 25.8666], [91.048, 25.9416], [91.0804, 25.9742], [91.0975, 26.0098], [91.0886, 26.0292], [91.066, 26.0445], [91.0265, 26.0403], [90.978, 26.0617], [90.9356, 26.0943], [90.9548, 26.0974], [91.0018, 26.1299], [91.0246, 26.12], [91.0483, 26.1289], [91.0733, 26.1567], [91.0905, 26.1644], [91.1158, 26.154], [91.2335, 26.1829], [91.2293, 26.1777], [91.2543, 26.1639], [91.2965, 26.1583], [91.3555, 26.1652], [91.3907, 26.1401], [91.4129, 26.1371], [91.4191, 26.1731], [91.4118, 26.2036], [91.4226, 26.2338], [91.4306, 26.238], [91.4126, 26.2459], [91.4122, 26.2614], [91.4375, 26.2606], [91.4505, 26.2735], [91.449, 26.3039], [91.455, 26.312], [91.4471, 26.3138], [91.5333, 26.3345], [91.5182, 26.3433], [91.5353, 26.3715], [91.5246, 26.3789], [91.5435, 26.4074], [91.5412, 26.4174], [91.5584, 26.4173], [91.5636, 26.4341], [91.5514, 26.4714], [91.5605, 26.4844], [91.5584, 26.5213], [91.5782, 26.5271], [91.5844, 26.553], [91.5999, 26.5545], [91.6034, 26.5715], [91.613, 26.4871], [91.67, 26.5247], [91.669, 26.6354], [91.6953, 26.7041], [91.7009, 26.797], [91.7072, 26.7976], [91.7178, 26.7541], [91.7334, 26.7303], [91.7432, 26.6842], [91.7325, 26.6587], [91.7448, 26.6473], [91.7382, 26.6385], [91.7474, 26.6374], [91.7358, 26.6307], [91.7458, 26.6264], [91.7386, 26.6057], [91.7497, 26.603], [91.7426, 26.591], [91.7836, 26.5377], [91.777, 26.524], [91.7863, 26.4996], [91.7781, 26.4925], [91.7766, 26.4706], [91.7638, 26.4673], [91.7706, 26.4328], [91.7801, 26.4123], [91.7941, 26.4084], [91.8064, 26.3824], [91.8177, 26.3802], [91.8212, 26.3649], [91.8192, 26.326], [91.8084, 26.3176], [91.7943, 26.3196], [91.7839, 26.3058], [91.7904, 26.2693], [91.7842, 26.2452], [91.7467, 26.222], [91.7474, 26.2117], [91.7589, 26.201], [91.7768, 26.1989], [91.8753, 26.2168], [91.9022, 26.2266], [91.9241, 26.2471], [91.9325, 26.2427], [91.9485, 26.2527], [91.9534, 26.255]]]}}, {"type": "Feature", "id": "cachar", "properties": {"districtId": "cachar", "districtName": "Cachar (Silchar)", "state": "Assam", "subdivision": "Assam & Meghalaya", "elevation": 22, "terrain": "Plains", "centroidLat": 24.8333, "centroidLng": 92.7789, "matchedGeoName": "Cachar", "matchedGeoState": "Assam"}, "geometry": {"type": "Polygon", "coordinates": [[[92.4259, 25.0318], [92.4465, 25.042], [92.4633, 25.0371], [92.4598, 25.0547], [92.4746, 25.0708], [92.4843, 25.1081], [92.5446, 25.0993], [92.5487, 25.106], [92.5744, 25.1038], [92.605, 25.1128], [92.623, 25.1043], [92.6479, 25.1203], [92.6724, 25.1106], [92.6871, 25.1169], [92.7017, 25.1112], [92.7166, 25.1201], [92.7259, 25.1147], [92.738, 25.1282], [92.7332, 25.1455], [92.7465, 25.1379], [92.7564, 25.1412], [92.7676, 25.1061], [92.7835, 25.0893], [92.8273, 25.0753], [92.8413, 25.0559], [92.9018, 25.0823], [92.952, 25.0733], [92.9625, 25.0912], [92.9786, 25.0879], [92.9937, 25.0981], [93.0442, 25.1061], [93.0481, 25.0967], [93.0178, 25.0643], [93.0611, 25.0258], [93.0635, 25.0052], [93.19, 24.9999], [93.2014, 24.9861], [93.2294, 24.9885], [93.2293, 24.9797], [93.2632, 24.9664], [93.2624, 24.9514], [93.2492, 24.9551], [93.2541, 24.9426], [93.24, 24.9388], [93.2485, 24.9401], [93.243, 24.9313], [93.2533, 24.9188], [93.239, 24.915], [93.2434, 24.9037], [93.2305, 24.8949], [93.2291, 24.8773], [93.2087, 24.8565], [93.1972, 24.8565], [93.2016, 24.8439], [93.1944, 24.8439], [93.2016, 24.8402], [93.193, 24.8364], [93.1988, 24.815], [93.1931, 24.8062], [93.1529, 24.7898], [93.1371, 24.8111], [93.1213, 24.8085], [93.1227, 24.8198], [93.1098, 24.8097], [93.0986, 24.7444], [93.1072, 24.7419], [93.0888, 24.7092], [93.0759, 24.7104], [93.0932, 24.6879], [93.0918, 24.6778], [93.1047, 24.6753], [93.0963, 24.6527], [93.0848, 24.6477], [93.0894, 24.6276], [93.0794, 24.6213], [93.0868, 24.6113], [93.0754, 24.5962], [93.107, 24.5836], [93.0871, 24.5712], [93.0611, 24.5748], [93.0727, 24.5611], [93.0655, 24.5473], [93.0612, 24.5548], [93.0527, 24.5447], [93.0528, 24.5196], [93.0414, 24.5146], [93.0443, 24.5058], [93.0358, 24.4969], [93.0485, 24.4755], [93.0483, 24.464], [93.0379, 24.4612], [93.0322, 24.4289], [93.0392, 24.4111], [93.016, 24.4025], [93.0064, 24.4119], [92.998, 24.4016], [92.9803, 24.4097], [92.9603, 24.3959], [92.9512, 24.4048], [92.9357, 24.3955], [92.9115, 24.4129], [92.9052, 24.3945], [92.8908, 24.4023], [92.8629, 24.3995], [92.8443, 24.3799], [92.829, 24.3778], [92.825, 24.3905], [92.8314, 24.4005], [92.8008, 24.4191], [92.7791, 24.4865], [92.7597, 24.5212], [92.7807, 24.572], [92.7645, 24.5693], [92.7554, 24.5854], [92.7391, 24.5893], [92.726, 24.5717], [92.7052, 24.5666], [92.6701, 24.5936], [92.6702, 24.6119], [92.6968, 24.6189], [92.6812, 24.6313], [92.6702, 24.6288], [92.669, 24.6613], [92.6559, 24.6942], [92.6574, 24.7443], [92.6698, 24.7924], [92.6847, 24.8091], [92.678, 24.8171], [92.6398, 24.8215], [92.6313, 24.8556], [92.6102, 24.8633], [92.5979, 24.8803], [92.582, 24.8755], [92.589, 24.8643], [92.5601, 24.8744], [92.5257, 24.861], [92.516, 24.8772], [92.4941, 24.8767], [92.5005, 24.8916], [92.4952, 24.9], [92.5047, 24.9044], [92.4913, 24.9223], [92.4893, 24.9544], [92.4792, 24.9426], [92.4687, 24.9424], [92.4521, 24.9534], [92.4737, 24.9571], [92.4605, 24.9762], [92.4459, 24.967], [92.4285, 24.9726], [92.4236, 24.9961], [92.4333, 25.0281], [92.4263, 25.0316], [92.4259, 25.0318]]]}}, {"type": "Feature", "id": "east sikkim", "properties": {"districtId": "east sikkim", "districtName": "East Sikkim (Gangtok)", "state": "Sikkim", "subdivision": "Sub-Himalayan West Bengal & Sikkim", "elevation": 1650, "terrain": "Himalayan", "centroidLat": 27.3389, "centroidLng": 88.6065, "matchedGeoName": "East", "matchedGeoState": "Sikkim"}, "geometry": {"type": "Polygon", "coordinates": [[[88.806, 27.4142], [88.8383, 27.3788], [88.8616, 27.3836], [88.8672, 27.3682], [88.881, 27.3632], [88.8899, 27.3364], [88.9224, 27.3263], [88.8992, 27.275], [88.8724, 27.2588], [88.8304, 27.2626], [88.8011, 27.2476], [88.8007, 27.2207], [88.7872, 27.1842], [88.7618, 27.1759], [88.7598, 27.155], [88.7245, 27.1385], [88.7118, 27.1651], [88.6844, 27.1802], [88.6596, 27.1622], [88.6388, 27.1677], [88.619, 27.1879], [88.5915, 27.1945], [88.529, 27.1778], [88.499, 27.1851], [88.4863, 27.2023], [88.4859, 27.2395], [88.4386, 27.2665], [88.4421, 27.3009], [88.4495, 27.3154], [88.4813, 27.3337], [88.4753, 27.3605], [88.481, 27.3784], [88.5182, 27.3971], [88.5858, 27.3963], [88.6219, 27.3873], [88.69, 27.3984], [88.7266, 27.4193], [88.7625, 27.4137], [88.7774, 27.4229], [88.7925, 27.4164], [88.806, 27.4142]]]}}]}